review,sentiment,total_words,total_chars,sequence,padded
very very slow moving aimless movie distressed drifting young man,0,10,65,"[355, 355, 147, 611, 1909, 2, 1910, 1911, 1247, 356]","[ 355  355  147  611 1909    2 1910 1911 1247  356    0    0    0    0
    0    0]"
sure lost flat character audience nearly half walked out,0,9,56,"[188, 402, 612, 39, 728, 729, 357, 537, 290]",[188 402 612  39 728 729 357 537 290   0   0   0   0   0   0   0]
little music anything speak of,0,5,30,"[63, 175, 234, 917, 453]",[ 63 175 234 917 453   0   0   0   0   0   0   0   0   0   0   0]
best scene movie gerardo trying find song keep running head,1,10,59,"[18, 78, 2, 1912, 403, 148, 454, 291, 538, 539]","[  18   78    2 1912  403  148  454  291  538  539    0    0    0    0
    0    0]"
rest movie lack art charm meaning emptiness work guess empty,0,10,60,"[455, 2, 540, 235, 456, 730, 1913, 14, 358, 613]","[ 455    2  540  235  456  730 1913   14  358  613    0    0    0    0
    0    0]"
wasted two hour,0,3,15,"[359, 59, 104]",[359  59 104   0   0   0   0   0   0   0   0   0   0   0   0   0]
saw movie today thought good effort good message kid,1,9,52,"[257, 2, 360, 128, 1, 731, 1, 918, 292]",[257   2 360 128   1 731   1 918 292   0   0   0   0   0   0   0]
bit predictable,0,2,15,"[199, 320]",[199 320   0   0   0   0   0   0   0   0   0   0   0   0   0   0]
loved casting jimmy buffet science teacher,1,6,42,"[134, 614, 1914, 236, 1915, 1916]","[ 134  614 1914  236 1915 1916    0    0    0    0    0    0    0    0
    0    0]"
baby owl adorable,1,3,17,"[919, 1917, 732]","[ 919 1917  732    0    0    0    0    0    0    0    0    0    0    0
    0    0]"
movie showed lot florida best made look appealing,1,8,49,"[2, 920, 79, 1918, 18, 28, 48, 733]","[   2  920   79 1918   18   28   48  733    0    0    0    0    0    0
    0    0]"
song best muppets hilarious,1,4,27,"[454, 18, 1919, 734]","[ 454   18 1919  734    0    0    0    0    0    0    0    0    0    0
    0    0]"
cool,1,1,4,[200],[200   0   0   0   0   0   0   0   0   0   0   0   0   0   0   0]
right case movie delivers everything almost right face,1,8,54,"[64, 52, 2, 1248, 60, 293, 64, 404]","[  64   52    2 1248   60  293   64  404    0    0    0    0    0    0
    0    0]"
average acting main person low budget clearly see,0,8,49,"[405, 57, 615, 735, 201, 616, 736, 50]",[405  57 615 735 201 616 736  50   0   0   0   0   0   0   0   0]
review long overdue since consider tale two sister single greatest film ever made,1,13,81,"[258, 89, 1920, 149, 737, 738, 59, 739, 457, 921, 5, 20, 28]","[ 258   89 1920  149  737  738   59  739  457  921    5   20   28    0
    0    0]"
put gem movie term screenplay cinematography acting post production editing directing aspect film making,1,14,104,"[259, 740, 2, 1249, 1921, 361, 57, 1922, 922, 541, 406, 741, 5, 458]","[ 259  740    2 1249 1921  361   57 1922  922  541  406  741    5  458
    0    0]"
practically perfect true masterpiece sea faux masterpiece,1,7,57,"[1250, 202, 742, 923, 1251, 1252, 923]","[1250  202  742  923 1251 1252  923    0    0    0    0    0    0    0
    0    0]"
structure film easily tightly constructed history cinema,1,7,56,"[1923, 5, 321, 1924, 924, 617, 407]","[1923    5  321 1924  924  617  407    0    0    0    0    0    0    0
    0    0]"
think film something vitally important occurs every minute,1,8,58,"[45, 5, 362, 1925, 408, 1926, 70, 54]","[  45    5  362 1925  408 1926   70   54    0    0    0    0    0    0
    0    0]"
word content level film enough easily fill dozen film,1,9,53,"[322, 1927, 542, 5, 61, 321, 1253, 925, 5]","[ 322 1927  542    5   61  321 1253  925    5    0    0    0    0    0
    0    0]"
anyone right mind ask anything movie this,1,7,41,"[129, 64, 409, 410, 234, 2, 111]",[129  64 409 410 234   2 111   0   0   0   0   0   0   0   0   0]
quite simply highest superlative form cinema imaginable,1,7,55,"[97, 203, 1254, 1928, 618, 407, 1255]","[  97  203 1254 1928  618  407 1255    0    0    0    0    0    0    0
    0    0]"
yes film require rather significant amount puzzle solving piece fit together create beautiful picture,1,14,101,"[743, 5, 1929, 237, 1930, 619, 1931, 1932, 80, 105, 411, 1256, 189, 176]","[ 743    5 1929  237 1930  619 1931 1932   80  105  411 1256  189  176
    0    0]"
short film certainly pull punch,0,5,31,"[238, 5, 294, 620, 1933]","[ 238    5  294  620 1933    0    0    0    0    0    0    0    0    0
    0    0]"
graphic far best part game,0,5,26,"[621, 90, 18, 135, 260]",[621  90  18 135 260   0   0   0   0   0   0   0   0   0   0   0]
number one best th game series,1,6,30,"[543, 6, 18, 622, 260, 323]",[543   6  18 622 260 323   0   0   0   0   0   0   0   0   0   0]
deserves strong love,1,3,20,"[744, 363, 26]",[744 363  26   0   0   0   0   0   0   0   0   0   0   0   0   0]
insane game,1,2,11,"[1934, 260]","[1934  260    0    0    0    0    0    0    0    0    0    0    0    0
    0    0]"
massive level massive unlockable character massive game,1,7,55,"[745, 542, 745, 1935, 39, 745, 260]","[ 745  542  745 1935   39  745  260    0    0    0    0    0    0    0
    0    0]"
waste money game,1,3,16,"[84, 85, 260]",[ 84  85 260   0   0   0   0   0   0   0   0   0   0   0   0   0]
kind money wasted properly,1,4,26,"[204, 85, 359, 926]",[204  85 359 926   0   0   0   0   0   0   0   0   0   0   0   0]
actually graphic good time,1,4,26,"[205, 621, 1, 8]",[205 621   1   8   0   0   0   0   0   0   0   0   0   0   0   0]
today graphic crap,0,3,18,"[360, 621, 324]",[360 621 324   0   0   0   0   0   0   0   0   0   0   0   0   0]
say canada fun game aye,1,5,23,"[55, 1936, 364, 260, 1937]","[  55 1936  364  260 1937    0    0    0    0    0    0    0    0    0
    0    0]"
game rock,1,2,9,"[260, 623]",[260 623   0   0   0   0   0   0   0   0   0   0   0   0   0   0]
buy it play it enjoy it love it,1,8,31,"[150, 7, 295, 7, 261, 7, 26, 7]",[150   7 295   7 261   7  26   7   0   0   0   0   0   0   0   0]
pure brilliance,1,2,15,"[927, 928]",[927 928   0   0   0   0   0   0   0   0   0   0   0   0   0   0]
flick doomed conception,0,3,23,"[544, 1938, 1939]","[ 544 1938 1939    0    0    0    0    0    0    0    0    0    0    0
    0    0]"
least bit interested,0,3,20,"[262, 199, 929]",[262 199 929   0   0   0   0   0   0   0   0   0   0   0   0   0]
funny,0,1,5,[177],[177   0   0   0   0   0   0   0   0   0   0   0   0   0   0   0]
even talented carrell can t save this,0,7,37,"[19, 930, 1940, 106, 74, 931, 111]","[  19  930 1940  106   74  931  111    0    0    0    0    0    0    0
    0    0]"
co star fare much better people like morgan freeman jonah hill ed helm wasted,0,14,77,"[1941, 81, 932, 33, 36, 68, 11, 1257, 1942, 1943, 1944, 933, 1945, 359]","[1941   81  932   33   36   68   11 1257 1942 1943 1944  933 1945  359
    0    0]"
story predictable lazy,0,3,22,"[98, 320, 1258]","[  98  320 1258    0    0    0    0    0    0    0    0    0    0    0
    0    0]"
real effect work presence animal integration scene worst obvious blue green screen work ever seen,0,15,97,"[91, 263, 14, 1259, 1946, 1947, 78, 51, 1260, 545, 624, 112, 14, 20, 99]","[  91  263   14 1259 1946 1947   78   51 1260  545  624  112   14   20
   99    0]"
whatever cost much translate quality that sure,0,7,46,"[459, 412, 33, 1948, 24, 82, 188]","[ 459  412   33 1948   24   82  188    0    0    0    0    0    0    0
    0    0]"
film succeeds despite perhaps of obviously meagre budget,1,8,56,"[5, 1949, 546, 547, 453, 460, 1950, 616]","[   5 1949  546  547  453  460 1950  616    0    0    0    0    0    0
    0    0]"
glad film go obvious choice lesser film certainly would have,1,10,60,"[325, 5, 21, 1260, 461, 1951, 5, 294, 17, 625]","[ 325    5   21 1260  461 1951    5  294   17  625    0    0    0    0
    0    0]"
hard fall head over heel love girl,1,7,34,"[213, 548, 539, 462, 1952, 26, 365]","[ 213  548  539  462 1952   26  365    0    0    0    0    0    0    0
    0    0]"
negative insipid enough cause regret another hour life wasted front screen,0,11,74,"[934, 1953, 61, 935, 936, 136, 104, 92, 359, 463, 112]","[ 934 1953   61  935  936  136  104   92  359  463  112    0    0    0
    0    0]"
long whiny pointless,0,3,20,"[89, 1261, 937]","[  89 1261  937    0    0    0    0    0    0    0    0    0    0    0
    0    0]"
recommend waiting future effort let one go,0,7,42,"[40, 413, 1262, 731, 296, 6, 21]","[  40  413 1262  731  296    6   21    0    0    0    0    0    0    0
    0    0]"
excellent cast story line performance,1,5,37,"[34, 190, 98, 130, 178]",[ 34 190  98 130 178   0   0   0   0   0   0   0   0   0   0   0]
totally believable,1,2,18,"[158, 549]",[158 549   0   0   0   0   0   0   0   0   0   0   0   0   0   0]
anne heche utterly convincing,1,4,29,"[938, 1954, 626, 746]","[ 938 1954  626  746    0    0    0    0    0    0    0    0    0    0
    0    0]"
sam shepard portrayal gung ho marine sobering,1,7,45,"[1955, 1956, 464, 1957, 1958, 1959, 1960]","[1955 1956  464 1957 1958 1959 1960    0    0    0    0    0    0    0
    0    0]"
sat riveted tv screen,1,4,21,"[550, 1961, 366, 112]","[ 550 1961  366  112    0    0    0    0    0    0    0    0    0    0
    0    0]"
give one resounding,1,3,19,"[107, 6, 1962]","[ 107    6 1962    0    0    0    0    0    0    0    0    0    0    0
    0    0]"
think tom hank good actor,1,5,25,"[45, 1263, 1963, 1, 121]","[  45 1263 1963    1  121    0    0    0    0    0    0    0    0    0
    0    0]"
enjoyed reading book child little,1,5,33,"[214, 627, 465, 414, 63]",[214 627 465 414  63   0   0   0   0   0   0   0   0   0   0   0]
disappointed movie,0,2,18,"[71, 2]",[71  2  0  0  0  0  0  0  0  0  0  0  0  0  0  0]
one character totally annoying voice give feeling fingernail chalkboard,0,9,71,"[6, 39, 158, 466, 326, 107, 297, 1964, 1965]","[   6   39  158  466  326  107  297 1964 1965    0    0    0    0    0
    0    0]"
totally unnecessary train roller coaster scene,0,6,46,"[158, 1966, 1967, 1968, 1969, 78]","[ 158 1966 1967 1968 1969   78    0    0    0    0    0    0    0    0
    0    0]"
absolutely warmth charm scene character,0,5,39,"[131, 1264, 456, 78, 39]","[ 131 1264  456   78   39    0    0    0    0    0    0    0    0    0
    0    0]"
movie totally grate nerve,0,4,25,"[2, 158, 1970, 1971]","[   2  158 1970 1971    0    0    0    0    0    0    0    0    0    0
    0    0]"
performance improved improvisation actor twice much worry about whether delivering line well whether line good,0,15,110,"[178, 1972, 1973, 121, 415, 33, 1265, 1266, 628, 1267, 130, 16, 628, 130, 1]","[ 178 1972 1973  121  415   33 1265 1266  628 1267  130   16  628  130
    1    0]"
and quite honestly often good,0,5,29,"[298, 97, 747, 939, 1]",[298  97 747 939   1   0   0   0   0   0   0   0   0   0   0   0]
often dialogue really follow one line another fit surroundings,0,9,62,"[939, 299, 13, 748, 6, 130, 136, 105, 1974]","[ 939  299   13  748    6  130  136  105 1974    0    0    0    0    0
    0    0]"
crackle unpredictable youthful energy honestly found hard follow concentrate meander badly,0,11,90,"[1975, 1268, 1976, 749, 747, 113, 213, 748, 1977, 1978, 1269]","[1975 1268 1976  749  747  113  213  748 1977 1978 1269    0    0    0
    0    0]"
generally great thing it,1,4,24,"[629, 3, 31, 7]",[629   3  31   7   0   0   0   0   0   0   0   0   0   0   0   0]
say worth hour time though,0,5,26,"[55, 93, 104, 8, 215]",[ 55  93 104   8 215   0   0   0   0   0   0   0   0   0   0   0]
suspense builder good cross line g pg,1,7,37,"[467, 1979, 1, 1980, 130, 1270, 1271]","[ 467 1979    1 1980  130 1270 1271    0    0    0    0    0    0    0
    0    0]"
especially liked non cliche choice parent movie could predict dialog verbatim writing movie made better selection,1,16,113,"[216, 239, 630, 940, 461, 941, 2, 37, 1981, 942, 1982, 264, 2, 28, 36, 240]","[ 216  239  630  940  461  941    2   37 1981  942 1982  264    2   28
   36  240]"
want movie that gross give chill great choice,1,8,45,"[94, 2, 82, 943, 107, 1983, 3, 461]","[  94    2   82  943  107 1983    3  461    0    0    0    0    0    0
    0    0]"
alexander nevsky great film,1,4,27,"[1272, 1984, 3, 5]","[1272 1984    3    5    0    0    0    0    0    0    0    0    0    0
    0    0]"
amazing film artist one important whoever lived,1,7,47,"[62, 5, 1273, 6, 408, 1985, 1274]","[  62    5 1273    6  408 1985 1274    0    0    0    0    0    0    0
    0    0]"
glad pretentious piece planned dodge stratus big shot gonna help movie maker restrained movie business quebec,0,16,109,"[325, 1275, 80, 1986, 1987, 1988, 151, 327, 944, 750, 2, 1276, 1989, 2, 468, 1990]","[ 325 1275   80 1986 1987 1988  151  327  944  750    2 1276 1989    2
  468 1990]"
first movie given year,1,4,22,"[42, 2, 416, 58]",[ 42   2 416  58   0   0   0   0   0   0   0   0   0   0   0   0]
ever movie needed word of mouth promote it,1,8,42,"[20, 2, 469, 322, 453, 551, 1991, 7]","[  20    2  469  322  453  551 1991    7    0    0    0    0    0    0
    0    0]"
overall film interesting thought provoking,1,5,42,"[159, 5, 241, 128, 1277]","[ 159    5  241  128 1277    0    0    0    0    0    0    0    0    0
    0    0]"
plus well paced suited relatively short run time,1,8,48,"[417, 16, 945, 1992, 1278, 238, 631, 8]","[ 417   16  945 1992 1278  238  631    8    0    0    0    0    0    0
    0    0]"
give one look,1,3,13,"[107, 6, 48]",[107   6  48   0   0   0   0   0   0   0   0   0   0   0   0   0]
gave,1,1,4,[367],[367   0   0   0   0   0   0   0   0   0   0   0   0   0   0   0]
wind lion well written superbly acted,1,6,37,"[751, 1279, 16, 752, 1280, 946]","[ 751 1279   16  752 1280  946    0    0    0    0    0    0    0    0
    0    0]"
true classic,1,2,12,"[742, 418]",[742 418   0   0   0   0   0   0   0   0   0   0   0   0   0   0]
actually turned pretty decent far b list horror suspense film go,1,11,64,"[205, 632, 46, 419, 90, 1281, 633, 368, 467, 5, 21]","[ 205  632   46  419   90 1281  633  368  467    5   21    0    0    0
    0    0]"
definitely worth checking out,1,4,29,"[65, 93, 1282, 290]","[  65   93 1282  290    0    0    0    0    0    0    0    0    0    0
    0    0]"
problem script,0,2,14,"[66, 114]",[ 66 114   0   0   0   0   0   0   0   0   0   0   0   0   0   0]
horrendous,0,1,10,[1993],"[1993    0    0    0    0    0    0    0    0    0    0    0    0    0
    0    0]"
nothing believable all,0,3,22,"[95, 549, 100]",[ 95 549 100   0   0   0   0   0   0   0   0   0   0   0   0   0]
suspense feeling frustration retarded girl were,0,6,47,"[467, 297, 1283, 1994, 365, 947]","[ 467  297 1283 1994  365  947    0    0    0    0    0    0    0    0
    0    0]"
manna heaven terrific film predictable unpredictable time,1,7,57,"[1995, 1284, 948, 5, 320, 1268, 8]","[1995 1284  948    5  320 1268    8    0    0    0    0    0    0    0
    0    0]"
scene often funny occasionally touching character evaluate life going,1,9,69,"[78, 939, 177, 1285, 1286, 39, 1996, 92, 67]","[  78  939  177 1285 1286   39 1996   92   67    0    0    0    0    0
    0    0]"
cast veteran actor nostalgia trip,1,5,33,"[190, 1997, 121, 1998, 552]","[ 190 1997  121 1998  552    0    0    0    0    0    0    0    0    0
    0    0]"
ursula burton portrayal nun touching funny time making fun nun church,1,11,69,"[1999, 2000, 464, 1287, 1286, 177, 8, 458, 364, 1287, 2001]","[1999 2000  464 1287 1286  177    8  458  364 1287 2001    0    0    0
    0    0]"
think disappointed,1,2,18,"[45, 71]",[45 71  0  0  0  0  0  0  0  0  0  0  0  0  0  0]
frankly cotton club unfaithful kind embarrassing watch lane gere film bad,0,11,73,"[2002, 2003, 1288, 2004, 204, 634, 160, 1289, 2005, 5, 15]","[2002 2003 1288 2004  204  634  160 1289 2005    5   15    0    0    0
    0    0]"
acting bad dialog extremely shallow insincere,0,6,45,"[57, 15, 942, 328, 2006, 2007]","[  57   15  942  328 2006 2007    0    0    0    0    0    0    0    0
    0    0]"
predictable even chick flick,0,4,28,"[320, 19, 2008, 544]","[ 320   19 2008  544    0    0    0    0    0    0    0    0    0    0
    0    0]"
politically correct,0,2,19,"[2009, 1290]","[2009 1290    0    0    0    0    0    0    0    0    0    0    0    0
    0    0]"
disappointing,0,1,13,[369],[369   0   0   0   0   0   0   0   0   0   0   0   0   0   0   0]
thing really worth watching scenery house beautiful,1,7,51,"[31, 13, 93, 152, 949, 370, 189]",[ 31  13  93 152 949 370 189   0   0   0   0   0   0   0   0   0]
love lane never seen movie lousy,0,6,32,"[26, 1289, 38, 99, 2, 950]","[  26 1289   38   99    2  950    0    0    0    0    0    0    0    0
    0    0]"
hour half wish could bring back,0,6,31,"[104, 357, 753, 37, 470, 22]",[104 357 753  37 470  22   0   0   0   0   0   0   0   0   0   0]
term writing fresh bold,1,4,23,"[1249, 264, 191, 2010]","[1249  264  191 2010    0    0    0    0    0    0    0    0    0    0
    0    0]"
acting help writing along well maybe idiot savant sister could played better real joy watch,1,15,91,"[57, 750, 264, 951, 16, 471, 1291, 2011, 739, 37, 420, 36, 91, 635, 160]","[  57  750  264  951   16  471 1291 2011  739   37  420   36   91  635
  160    0]"
directing cinematography quite good,0,4,35,"[406, 361, 97, 1]",[406 361  97   1   0   0   0   0   0   0   0   0   0   0   0   0]
movie boring sometimes found occupied peaking paper instead watching never happened columbo movie before,0,14,104,"[2, 329, 636, 113, 952, 2012, 754, 553, 152, 38, 554, 2013, 2, 555]","[   2  329  636  113  952 2012  754  553  152   38  554 2013    2  555
    0    0]"
sometimes embarrassing look away,0,4,32,"[636, 634, 48, 242]",[636 634  48 242   0   0   0   0   0   0   0   0   0   0   0   0]
directing seems pretentious,0,3,27,"[406, 421, 1275]","[ 406  421 1275    0    0    0    0    0    0    0    0    0    0    0
    0    0]"
scene oh so mature neighbour girl misplace,0,7,42,"[78, 371, 556, 1292, 2014, 365, 2015]","[  78  371  556 1292 2014  365 2015    0    0    0    0    0    0    0
    0    0]"
generally line plot weaker average episode,0,6,42,"[629, 130, 108, 2016, 405, 755]","[ 629  130  108 2016  405  755    0    0    0    0    0    0    0    0
    0    0]"
scene debated whether sack trumpeter who falsely accused murder pure horror really stupid,0,13,89,"[78, 2017, 628, 2018, 2019, 953, 2020, 2021, 2022, 927, 368, 13, 206]","[  78 2017  628 2018 2019  953 2020 2021 2022  927  368   13  206    0
    0    0]"
applause given prelude however,1,4,30,"[2023, 416, 2024, 161]","[2023  416 2024  161    0    0    0    0    0    0    0    0    0    0
    0    0]"
really liked that,1,3,17,"[13, 239, 82]",[ 13 239  82   0   0   0   0   0   0   0   0   0   0   0   0   0]
great film great director,1,4,25,"[3, 5, 3, 265]",[  3   5   3 265   0   0   0   0   0   0   0   0   0   0   0   0]
movie edge seat made somewhat afraid go car end night,1,10,53,"[2, 954, 955, 28, 956, 1293, 21, 153, 154, 162]","[   2  954  955   28  956 1293   21  153  154  162    0    0    0    0
    0    0]"
music film really nice too,1,5,26,"[175, 5, 13, 32, 179]",[175   5  13  32 179   0   0   0   0   0   0   0   0   0   0   0]
advise anyone go see it,1,5,23,"[756, 129, 21, 50, 7]",[756 129  21  50   7   0   0   0   0   0   0   0   0   0   0   0]
brilliant,1,1,9,[472],[472   0   0   0   0   0   0   0   0   0   0   0   0   0   0   0]
liked movie way much,1,4,20,"[239, 2, 43, 33]",[239   2  43  33   0   0   0   0   0   0   0   0   0   0   0   0]
problem thought actor playing villain low rent michael ironside,0,9,63,"[66, 128, 121, 473, 2025, 201, 557, 2026, 2027]","[  66  128  121  473 2025  201  557 2026 2027    0    0    0    0    0
    0    0]"
rocked world certainly must see anyone social physical outlet,1,9,61,"[2028, 422, 294, 155, 50, 129, 2029, 2030, 757]","[2028  422  294  155   50  129 2029 2030  757    0    0    0    0    0
    0    0]"
however make fact overall tremendously boring movie,0,7,51,"[161, 29, 266, 159, 1294, 329, 2]","[ 161   29  266  159 1294  329    2    0    0    0    0    0    0    0
    0    0]"
several moment movie need excruciatingly slow moving,0,7,52,"[267, 957, 2, 192, 2031, 147, 611]","[ 267  957    2  192 2031  147  611    0    0    0    0    0    0    0
    0    0]"
poor remake my best friend wedding,0,6,34,"[101, 958, 637, 18, 268, 2032]","[ 101  958  637   18  268 2032    0    0    0    0    0    0    0    0
    0    0]"
all great disappointment,0,3,24,"[100, 3, 330]",[100   3 330   0   0   0   0   0   0   0   0   0   0   0   0   0]
cannot believe actor agreed film,0,5,32,"[372, 300, 121, 2033, 5]","[ 372  300  121 2033    5    0    0    0    0    0    0    0    0    0
    0    0]"
could stand even watch long fear losing i q,0,9,43,"[37, 1295, 19, 160, 89, 959, 1296, 243, 758]","[  37 1295   19  160   89  959 1296  243  758    0    0    0    0    0
    0    0]"
guess nobody network aired dribble watched putting on,0,8,53,"[358, 960, 759, 2034, 2035, 331, 961, 301]","[ 358  960  759 2034 2035  331  961  301    0    0    0    0    0    0
    0    0]"
imdb rating go low awful time get negative number case these,0,11,60,"[2036, 474, 21, 201, 137, 8, 25, 934, 543, 52, 760]","[2036  474   21  201  137    8   25  934  543   52  760    0    0    0
    0    0]"
saw mirrormask last night unsatisfactory experience,0,6,51,"[257, 2037, 122, 162, 1297, 75]","[ 257 2037  122  162 1297   75    0    0    0    0    0    0    0    0
    0    0]"
unfortunately inexperience direction meant scene scene passed little way dramatic tension conflict,0,12,98,"[269, 2038, 638, 2039, 78, 78, 761, 63, 43, 2040, 2041, 962]","[ 269 2038  638 2039   78   78  761   63   43 2040 2041  962    0    0
    0    0]"
central theme film handled ineptly stereotypically depth imagination,0,8,68,"[1298, 1299, 5, 963, 2042, 2043, 762, 964]","[1298 1299    5  963 2042 2043  762  964    0    0    0    0    0    0
    0    0]"
pretty picture world cannot make piece work flawed core,0,9,55,"[46, 176, 422, 372, 29, 80, 14, 965, 1300]","[  46  176  422  372   29   80   14  965 1300    0    0    0    0    0
    0    0]"
hour half waste time following bunch pretty high schoolers whine cry life,0,12,73,"[104, 357, 84, 8, 1301, 966, 46, 302, 2044, 1302, 2045, 92]","[ 104  357   84    8 1301  966   46  302 2044 1302 2045   92    0    0
    0    0]"
can t relate them hell barely understand them,0,8,45,"[106, 74, 2046, 332, 967, 333, 303, 332]","[ 106   74 2046  332  967  333  303  332    0    0    0    0    0    0
    0    0]"
definitely cult classic well worth viewing sharing others,1,8,57,"[65, 639, 418, 16, 93, 1303, 2047, 475]","[  65  639  418   16   93 1303 2047  475    0    0    0    0    0    0
    0    0]"
movie pure disaster story stupid editing worst seen confuses incredibly,0,10,71,"[2, 927, 1304, 98, 206, 541, 51, 99, 2048, 763]","[   2  927 1304   98  206  541   51   99 2048  763    0    0    0    0
    0    0]"
fish badly made underwater shot repeated thousand time film,0,9,59,"[558, 1269, 28, 2049, 327, 2050, 2051, 8, 5]","[ 558 1269   28 2049  327 2050 2051    8    5    0    0    0    0    0
    0    0]"
truly truly bad film,0,4,20,"[304, 304, 15, 5]",[304 304  15   5   0   0   0   0   0   0   0   0   0   0   0   0]
acting terrible writing worse,0,4,29,"[57, 72, 264, 305]",[ 57  72 264 305   0   0   0   0   0   0   0   0   0   0   0   0]
possible way movie could redeemed would mstk fodder,0,8,51,"[476, 43, 2, 37, 2052, 17, 2053, 2054]","[ 476   43    2   37 2052   17 2053 2054    0    0    0    0    0    0
    0    0]"
paid much,0,2,9,"[764, 33]",[764  33   0   0   0   0   0   0   0   0   0   0   0   0   0   0]
also real treat see anthony quinn playing crazy horse,1,9,53,"[23, 91, 968, 50, 2055, 2056, 473, 765, 2057]","[  23   91  968   50 2055 2056  473  765 2057    0    0    0    0    0
    0    0]"
boring,0,1,6,[329],[329   0   0   0   0   0   0   0   0   0   0   0   0   0   0   0]
plot whatsoever,0,2,15,"[108, 640]",[108 640   0   0   0   0   0   0   0   0   0   0   0   0   0   0]
again plot all,0,3,14,"[69, 108, 100]",[ 69 108 100   0   0   0   0   0   0   0   0   0   0   0   0   0]
horrible,0,1,8,[163],[163   0   0   0   0   0   0   0   0   0   0   0   0   0   0   0]
worst hour half life oh gosh,0,6,28,"[51, 104, 357, 92, 371, 1305]","[  51  104  357   92  371 1305    0    0    0    0    0    0    0    0
    0    0]"
walk theatre minute get relief,0,5,30,"[2058, 1306, 54, 25, 2059]","[2058 1306   54   25 2059    0    0    0    0    0    0    0    0    0
    0    0]"
hate movie like that,0,4,20,"[477, 2, 11, 82]",[477   2  11  82   0   0   0   0   0   0   0   0   0   0   0   0]
yeah movie pretty much sucked,0,5,29,"[969, 2, 46, 33, 270]",[969   2  46  33 270   0   0   0   0   0   0   0   0   0   0   0]
plot storyline,0,2,14,"[108, 970]",[108 970   0   0   0   0   0   0   0   0   0   0   0   0   0   0]
go see movie bring pillow girlfriend boyfriend keep occupied out,0,10,64,"[21, 50, 2, 470, 2060, 971, 766, 291, 952, 290]","[  21   50    2  470 2060  971  766  291  952  290    0    0    0    0
    0    0]"
awful,0,1,5,[137],[137   0   0   0   0   0   0   0   0   0   0   0   0   0   0   0]
think ever gone movie disliked much,0,6,35,"[45, 20, 767, 2, 1307, 33]","[  45   20  767    2 1307   33    0    0    0    0    0    0    0    0
    0    0]"
good thing ticket cost five dollar would mad paid see crap,0,11,58,"[1, 31, 2061, 412, 768, 972, 17, 1308, 764, 50, 324]","[   1   31 2061  412  768  972   17 1308  764   50  324    0    0    0
    0    0]"
nobody identifies character cardboard cutout stereotype or predictably reverse stereotype,0,10,89,"[960, 2062, 39, 2063, 1309, 973, 974, 1310, 1311, 973]","[ 960 2062   39 2063 1309  973  974 1310 1311  973    0    0    0    0
    0    0]"
crash depressing little nothing provokes emotion teach nothing already know racism prejudice bad thing,0,14,102,"[2064, 1312, 63, 95, 2065, 1313, 2066, 95, 769, 76, 2067, 2068, 15, 31]","[2064 1312   63   95 2065 1313 2066   95  769   76 2067 2068   15   31
    0    0]"
still like movie empowerment woman there enough movie like one,1,10,62,"[56, 11, 2, 2069, 975, 115, 61, 2, 11, 6]","[  56   11    2 2069  975  115   61    2   11    6    0    0    0    0
    0    0]"
brain attempt shut down part primal impulse self preservation,0,9,61,"[2070, 770, 2071, 478, 135, 2072, 2073, 479, 2074]","[2070  770 2071  478  135 2072 2073  479 2074    0    0    0    0    0
    0    0]"
left shattered experience watching film took good two hour fully recover,0,11,72,"[271, 2075, 75, 152, 5, 272, 1, 59, 104, 1314, 2076]","[ 271 2075   75  152    5  272    1   59  104 1314 2076    0    0    0
    0    0]"
movie join revenge boogeyman zombiez part hellish trinity horror film,0,10,69,"[2, 1315, 2077, 2078, 2079, 135, 2080, 2081, 368, 5]","[   2 1315 2077 2078 2079  135 2080 2081  368    5    0    0    0    0
    0    0]"
certainly mean distinction good way,0,5,35,"[294, 423, 2082, 1, 43]","[ 294  423 2082    1   43    0    0    0    0    0    0    0    0    0
    0    0]"
mean terrible way,0,3,17,"[423, 72, 43]",[423  72  43   0   0   0   0   0   0   0   0   0   0   0   0   0]
film redeeming feature,0,3,22,"[5, 976, 306]",[  5 976 306   0   0   0   0   0   0   0   0   0   0   0   0   0]
everything appalling,0,2,20,"[60, 977]",[ 60 977   0   0   0   0   0   0   0   0   0   0   0   0   0   0]
artless camera work endlessly present u ugliest setting imaginable i e,0,11,70,"[2083, 164, 14, 2084, 978, 102, 2085, 480, 1255, 243, 771]","[2083  164   14 2084  978  102 2085  480 1255  243  771    0    0    0
    0    0]"
story beyond stupid,0,3,19,"[98, 481, 206]",[ 98 481 206   0   0   0   0   0   0   0   0   0   0   0   0   0]
script script,0,2,13,"[114, 114]",[114 114   0   0   0   0   0   0   0   0   0   0   0   0   0   0]
kid annoying,0,2,12,"[292, 466]",[292 466   0   0   0   0   0   0   0   0   0   0   0   0   0   0]
lead man charisma free,0,4,22,"[641, 356, 1316, 373]","[ 641  356 1316  373    0    0    0    0    0    0    0    0    0    0
    0    0]"
utterly without merit level akin torture,0,6,40,"[626, 244, 2086, 542, 2087, 772]","[ 626  244 2086  542 2087  772    0    0    0    0    0    0    0    0
    0    0]"
even say torture,0,3,16,"[19, 55, 772]",[ 19  55 772   0   0   0   0   0   0   0   0   0   0   0   0   0]
maybe would reasonable explanation atrocity,0,5,43,"[471, 17, 482, 1317, 2088]","[ 471   17  482 1317 2088    0    0    0    0    0    0    0    0    0
    0    0]"
pleasant voyage self discovery,0,4,30,"[773, 2089, 479, 2090]","[ 773 2089  479 2090    0    0    0    0    0    0    0    0    0    0
    0    0]"
highly unrecommended,0,2,20,"[116, 2091]","[ 116 2091    0    0    0    0    0    0    0    0    0    0    0    0
    0    0]"
premise sound stupid that is,0,5,28,"[979, 35, 206, 82, 165]",[979  35 206  82 165   0   0   0   0   0   0   0   0   0   0   0]
yes bad,0,2,7,"[743, 15]",[743  15   0   0   0   0   0   0   0   0   0   0   0   0   0   0]
nothing recommend,0,2,17,"[95, 40]",[95 40  0  0  0  0  0  0  0  0  0  0  0  0  0  0]
excellent performance m,1,3,23,"[34, 178, 1318]","[  34  178 1318    0    0    0    0    0    0    0    0    0    0    0
    0    0]"
also great see renowned silent screenwriter france marion missed step going silent sound,1,13,88,"[23, 3, 50, 2092, 980, 981, 2093, 2094, 774, 982, 67, 980, 35]","[  23    3   50 2092  980  981 2093 2094  774  982   67  980   35    0
    0    0]"
movie suffered writing needed suspense,0,5,38,"[2, 2095, 264, 469, 467]","[   2 2095  264  469  467    0    0    0    0    0    0    0    0    0
    0    0]"
many close ups,0,3,14,"[117, 642, 775]",[117 642 775   0   0   0   0   0   0   0   0   0   0   0   0   0]
movie seemed drag hero really work freedom,0,7,42,"[2, 643, 1319, 2096, 13, 14, 983]","[   2  643 1319 2096   13   14  983    0    0    0    0    0    0    0
    0    0]"
movie definitely average rent,0,4,29,"[2, 65, 405, 557]",[  2  65 405 557   0   0   0   0   0   0   0   0   0   0   0   0]
you ll love it,1,4,14,"[217, 2097, 26, 7]","[ 217 2097   26    7    0    0    0    0    0    0    0    0    0    0
    0    0]"
movie bad,0,2,9,"[2, 15]",[ 2 15  0  0  0  0  0  0  0  0  0  0  0  0  0  0]
bad,0,1,3,[15],[15  0  0  0  0  0  0  0  0  0  0  0  0  0  0  0]
film way long,0,3,13,"[5, 43, 89]",[ 5 43 89  0  0  0  0  0  0  0  0  0  0  0  0  0]
definitely one bad one,0,4,22,"[65, 6, 15, 6]",[65  6 15  6  0  0  0  0  0  0  0  0  0  0  0  0]
movie received great quality film age,1,6,37,"[2, 334, 3, 24, 5, 644]",[  2 334   3  24   5 644   0   0   0   0   0   0   0   0   0   0]
john wayne incredible job young movie industry,1,7,46,"[1320, 1321, 273, 138, 1247, 2, 984]","[1320 1321  273  138 1247    2  984    0    0    0    0    0    0    0
    0    0]"
screen presence shined thought even though senior actor screen him,1,10,66,"[112, 1259, 2098, 128, 19, 215, 2099, 121, 112, 645]","[ 112 1259 2098  128   19  215 2099  121  112  645    0    0    0    0
    0    0]"
think must see older john wayne film,1,7,36,"[45, 155, 50, 1322, 1320, 1321, 5]","[  45  155   50 1322 1320 1321    5    0    0    0    0    0    0    0
    0    0]"
really see anyone could enjoy movie,0,6,35,"[13, 50, 129, 37, 261, 2]",[ 13  50 129  37 261   2   0   0   0   0   0   0   0   0   0   0]
think ever seen movie half boring self indulgent piece junk,0,10,59,"[45, 20, 99, 2, 357, 329, 479, 1323, 80, 374]","[  45   20   99    2  357  329  479 1323   80  374    0    0    0    0
    0    0]"
probably would better director spent movie showcasing art work really noteworthy,0,11,80,"[132, 17, 36, 265, 985, 2, 2100, 235, 14, 13, 1324]","[ 132   17   36  265  985    2 2100  235   14   13 1324    0    0    0
    0    0]"
another thing really like character got punched face gallon blood would spew forth soon after,0,15,93,"[136, 31, 13, 11, 39, 53, 2101, 404, 2102, 1325, 17, 2103, 1326, 307, 2104]","[ 136   31   13   11   39   53 2101  404 2102 1325   17 2103 1326  307
 2104    0]"
jamie foxx absolutely ray charles,1,5,33,"[2105, 2106, 131, 776, 777]","[2105 2106  131  776  777    0    0    0    0    0    0    0    0    0
    0    0]"
performance simply genius,1,3,25,"[178, 203, 1327]","[ 178  203 1327    0    0    0    0    0    0    0    0    0    0    0
    0    0]"
owns film spacek owned coal miner daughter quaid owned great ball fire,1,12,70,"[2107, 5, 2108, 646, 2109, 2110, 778, 2111, 646, 3, 986, 987]","[2107    5 2108  646 2109 2110  778 2111  646    3  986  987    0    0
    0    0]"
fact hard remember part ray charles acted played man himself,1,10,60,"[266, 213, 779, 135, 776, 777, 946, 420, 356, 2112]","[ 266  213  779  135  776  777  946  420  356 2112    0    0    0    0
    0    0]"
ray charles legendary,1,3,21,"[776, 777, 2113]","[ 776  777 2113    0    0    0    0    0    0    0    0    0    0    0
    0    0]"
ray charles life provided excellent biographical material film go well beyond another movie musician,1,14,100,"[776, 777, 92, 647, 34, 2114, 988, 5, 21, 16, 481, 136, 2, 2115]","[ 776  777   92  647   34 2114  988    5   21   16  481  136    2 2115
    0    0]"
hitchcock great director,1,3,24,"[989, 3, 265]",[989   3 265   0   0   0   0   0   0   0   0   0   0   0   0   0]
ironically mostly find film total waste time watch,0,8,50,"[2116, 483, 148, 5, 648, 84, 8, 160]","[2116  483  148    5  648   84    8  160    0    0    0    0    0    0
    0    0]"
secondly hitchcock pretty much perfected thriller chase movie,1,8,61,"[2117, 989, 46, 33, 2118, 649, 2119, 2]","[2117  989   46   33 2118  649 2119    2    0    0    0    0    0    0
    0    0]"
pandering audience sabotage film,0,4,32,"[2120, 728, 2121, 5]","[2120  728 2121    5    0    0    0    0    0    0    0    0    0    0
    0    0]"
hence whole story lack certain energy,0,6,37,"[1328, 308, 98, 540, 1329, 749]","[1328  308   98  540 1329  749    0    0    0    0    0    0    0    0
    0    0]"
plot simply rumble like machine desperately depending addition new scene,0,10,72,"[108, 203, 2122, 11, 990, 2123, 2124, 991, 86, 78]","[ 108  203 2122   11  990 2123 2124  991   86   78    0    0    0    0
    0    0]"
usual hitchcock logic flaw,0,4,26,"[780, 989, 2125, 559]","[ 780  989 2125  559    0    0    0    0    0    0    0    0    0    0
    0    0]"
mishima extremely uninteresting,0,3,31,"[1330, 328, 1331]","[1330  328 1331    0    0    0    0    0    0    0    0    0    0    0
    0    0]"
chilly unremarkable movie author living working chilly abstruse culture,0,9,71,"[1332, 2126, 2, 2127, 560, 218, 1332, 2128, 1333]","[1332 2126    2 2127  560  218 1332 2128 1333    0    0    0    0    0
    0    0]"
flat reenactment hold attention emotionally adrift stagy,0,7,56,"[612, 2129, 309, 781, 2130, 2131, 2132]","[ 612 2129  309  781 2130 2131 2132    0    0    0    0    0    0    0
    0    0]"
rest sits awful soldier singing song masculinity pledge to hairsplitting purity admiration sword etc,0,14,100,"[455, 2133, 137, 2134, 1334, 454, 2135, 2136, 375, 2137, 2138, 2139, 2140, 561]","[ 455 2133  137 2134 1334  454 2135 2136  375 2137 2138 2139 2140  561
    0    0]"
bore piece kill momentum movie quicker anyone else,0,8,50,"[992, 80, 2141, 2142, 2, 2143, 129, 484]","[ 992   80 2141 2142    2 2143  129  484    0    0    0    0    0    0
    0    0]"
schrader made resume full lousy amateurish film,0,7,47,"[1335, 28, 2144, 310, 950, 2145, 5]","[1335   28 2144  310  950 2145    5    0    0    0    0    0    0    0
    0    0]"
first watched movie loved it,1,5,28,"[42, 331, 2, 134, 7]",[ 42 331   2 134   7   0   0   0   0   0   0   0   0   0   0   0]
totally fascinated music dancing everything,1,5,43,"[158, 2146, 175, 1336, 60]","[ 158 2146  175 1336   60    0    0    0    0    0    0    0    0    0
    0    0]"
mean realistic world would never gotten ballet repertory whole thing quite pathetic,0,12,83,"[423, 2147, 422, 17, 38, 782, 2148, 2149, 308, 31, 97, 650]","[ 423 2147  422   17   38  782 2148 2149  308   31   97  650    0    0
    0    0]"
character development also lacked depth,0,5,39,"[39, 1337, 23, 651, 762]","[  39 1337   23  651  762    0    0    0    0    0    0    0    0    0
    0    0]"
woa talk awful,0,3,14,"[2150, 207, 137]","[2150  207  137    0    0    0    0    0    0    0    0    0    0    0
    0    0]"
waste time,0,2,10,"[84, 8]",[84  8  0  0  0  0  0  0  0  0  0  0  0  0  0  0]
worst sappiest dialogue could go on,0,6,35,"[51, 2151, 299, 37, 21, 301]","[  51 2151  299   37   21  301    0    0    0    0    0    0    0    0
    0    0]"
really made unwatchable direction,0,4,33,"[13, 28, 2152, 638]","[  13   28 2152  638    0    0    0    0    0    0    0    0    0    0
    0    0]"
poor actor,0,2,10,"[101, 121]",[101 121   0   0   0   0   0   0   0   0   0   0   0   0   0   0]
can t even tell talent pathetic line speak director gave action,0,11,63,"[106, 74, 19, 335, 1338, 650, 130, 917, 265, 367, 424]","[ 106   74   19  335 1338  650  130  917  265  367  424    0    0    0
    0    0]"
check director filmography site see film chance,0,7,47,"[376, 265, 2153, 1339, 50, 5, 1340]","[ 376  265 2153 1339   50    5 1340    0    0    0    0    0    0    0
    0    0]"
would even good made tv flick,0,6,29,"[17, 19, 1, 28, 366, 544]",[ 17  19   1  28 366 544   0   0   0   0   0   0   0   0   0   0]
good intention made film great film might one greatest film ever made,1,12,69,"[1, 2154, 28, 5, 3, 5, 562, 6, 921, 5, 20, 28]","[   1 2154   28    5    3    5  562    6  921    5   20   28    0    0
    0    0]"
regrettably film fails,0,3,22,"[2155, 5, 425]","[2155    5  425    0    0    0    0    0    0    0    0    0    0    0
    0    0]"
movie lack visual interest drama expression feeling celebration patriotism underline narrative,0,11,94,"[2, 540, 993, 994, 426, 2156, 297, 2157, 2158, 2159, 995]","[   2  540  993  994  426 2156  297 2157 2158 2159  995    0    0    0
    0    0]"
actress worse used june allison movie,0,6,37,"[563, 305, 109, 2160, 2161, 2]","[ 563  305  109 2160 2161    2    0    0    0    0    0    0    0    0
    0    0]"
yet enjoy watching it,1,4,21,"[377, 261, 152, 7]",[377 261 152   7   0   0   0   0   0   0   0   0   0   0   0   0]
unfortunately bad movie plain bad,0,5,33,"[269, 15, 2, 652, 15]",[269  15   2 652  15   0   0   0   0   0   0   0   0   0   0   0]
bad script bad direction horrible acting make one plain bad,0,10,59,"[15, 114, 15, 638, 163, 57, 29, 6, 652, 15]",[ 15 114  15 638 163  57  29   6 652  15   0   0   0   0   0   0]
dialogue sucked,0,2,15,"[299, 270]",[299 270   0   0   0   0   0   0   0   0   0   0   0   0   0   0]
cinematography if called that sucked,0,5,36,"[361, 1341, 783, 82, 270]","[ 361 1341  783   82  270    0    0    0    0    0    0    0    0    0
    0    0]"
soundtrack sucked,0,2,17,"[653, 270]",[653 270   0   0   0   0   0   0   0   0   0   0   0   0   0   0]
acting sucked,0,2,13,"[57, 270]",[ 57 270   0   0   0   0   0   0   0   0   0   0   0   0   0   0]
concert sequence sucked,0,3,23,"[2162, 996, 270]","[2162  996  270    0    0    0    0    0    0    0    0    0    0    0
    0    0]"
nice,1,1,4,[32],[32  0  0  0  0  0  0  0  0  0  0  0  0  0  0  0]
funny,1,1,5,[177],[177   0   0   0   0   0   0   0   0   0   0   0   0   0   0   0]
overall movie cheap trash,0,4,25,"[159, 2, 180, 654]",[159   2 180 654   0   0   0   0   0   0   0   0   0   0   0   0]
movie funny considering ridiculousness it,0,5,41,"[2, 177, 564, 2163, 7]","[   2  177  564 2163    7    0    0    0    0    0    0    0    0    0
    0    0]"
came feeling angry,0,3,18,"[73, 297, 1342]","[  73  297 1342    0    0    0    0    0    0    0    0    0    0    0
    0    0]"
spoiler whatever else or can t said it surface superbly crafted,1,11,63,"[784, 459, 484, 974, 106, 74, 219, 7, 2164, 1280, 2165]","[ 784  459  484  974  106   74  219    7 2164 1280 2165    0    0    0
    0    0]"
cinematography simply stunning to say least fx nothing state of the art,1,12,71,"[361, 203, 997, 375, 55, 262, 998, 95, 1343, 453, 245, 235]","[ 361  203  997  375   55  262  998   95 1343  453  245  235    0    0
    0    0]"
conceptually show offer little bit everything everybody parent kid fantasy and or fx fan,1,14,88,"[2166, 123, 565, 63, 199, 60, 2167, 941, 292, 2168, 298, 974, 998, 378]","[2166  123  565   63  199   60 2167  941  292 2168  298  974  998  378
    0    0]"
single sour note struck acting wise either surprisingly solid casting here,1,11,74,"[457, 1344, 655, 1345, 57, 999, 220, 2169, 566, 614, 96]","[ 457 1344  655 1345   57  999  220 2169  566  614   96    0    0    0
    0    0]"
thing considered job well done,1,5,30,"[31, 2170, 138, 16, 208]","[  31 2170  138   16  208    0    0    0    0    0    0    0    0    0
    0    0]"
thanks good movie like done released,1,6,36,"[1000, 1, 2, 11, 208, 1001]","[1000    1    2   11  208 1001    0    0    0    0    0    0    0    0
    0    0]"
one best mexican movie ever one le understood even mexican themselves matter identified felt it,1,15,95,"[6, 18, 785, 2, 20, 6, 311, 2171, 19, 785, 2172, 2173, 2174, 221, 7]","[   6   18  785    2   20    6  311 2171   19  785 2172 2173 2174  221
    7    0]"
rank highly great noir crime drama incredible performance belmondo lino ventura,1,11,79,"[1002, 116, 3, 1346, 2175, 426, 273, 178, 2176, 2177, 2178]","[1002  116    3 1346 2175  426  273  178 2176 2177 2178    0    0    0
    0    0]"
attention given every character complex psychological portrayal detailing loyalty treachery love hope tremendous,1,13,112,"[781, 416, 70, 39, 1347, 1348, 464, 2179, 2180, 2181, 26, 427, 1003]","[ 781  416   70   39 1347 1348  464 2179 2180 2181   26  427 1003    0
    0    0]"
excellent drama excellent thriller excellent film,1,6,49,"[34, 426, 34, 649, 34, 5]",[ 34 426  34 649  34   5   0   0   0   0   0   0   0   0   0   0]
best melville,1,2,13,"[18, 2182]","[  18 2182    0    0    0    0    0    0    0    0    0    0    0    0
    0    0]"
everything film simply incredible,1,4,33,"[60, 5, 203, 273]",[ 60   5 203 273   0   0   0   0   0   0   0   0   0   0   0   0]
truly take journey eye soul child,1,6,33,"[304, 124, 1004, 567, 1349, 414]","[ 304  124 1004  567 1349  414    0    0    0    0    0    0    0    0
    0    0]"
black water thriller manages completely transcend limitation it indie flick continually subverting expectation emerge intense experience,1,16,136,"[222, 786, 649, 2183, 246, 2184, 2185, 7, 2186, 544, 2187, 2188, 1005, 2189, 2190, 75]","[ 222  786  649 2183  246 2184 2185    7 2186  544 2187 2188 1005 2189
 2190   75]"
thoroughly enjoyed christopher eccleston took control tardis continuation series,1,9,80,"[787, 214, 2191, 2192, 272, 788, 2193, 2194, 323]","[ 787  214 2191 2192  272  788 2193 2194  323    0    0    0    0    0
    0    0]"
sure trying film,0,3,16,"[188, 403, 5]",[188 403   5   0   0   0   0   0   0   0   0   0   0   0   0   0]
turn good day feeling night disturbing memory guess succeeded,0,9,61,"[274, 1, 87, 297, 162, 1350, 656, 358, 2195]","[ 274    1   87  297  162 1350  656  358 2195    0    0    0    0    0
    0    0]"
lot beautiful place,1,3,19,"[79, 189, 10]",[ 79 189  10   0   0   0   0   0   0   0   0   0   0   0   0   0]
forced like everything movie,0,4,28,"[1006, 11, 60, 2]","[1006   11   60    2    0    0    0    0    0    0    0    0    0    0
    0    0]"
again lame,0,2,10,"[69, 789]",[ 69 789   0   0   0   0   0   0   0   0   0   0   0   0   0   0]
here movie really pi ed off,0,6,27,"[96, 2, 13, 2196, 933, 312]","[  96    2   13 2196  933  312    0    0    0    0    0    0    0    0
    0    0]"
even get started jerky camerawork,0,5,33,"[19, 25, 313, 1351, 1352]","[  19   25  313 1351 1352    0    0    0    0    0    0    0    0    0
    0    0]"
saw theater thought going sick,0,5,30,"[257, 790, 128, 67, 485]",[257 790 128  67 485   0   0   0   0   0   0   0   0   0   0   0]
summary witticism witty,0,3,23,"[1007, 2197, 1353]","[1007 2197 1353    0    0    0    0    0    0    0    0    0    0    0
    0    0]"
plot well said let one go,0,6,25,"[108, 16, 219, 296, 6, 21]",[108  16 219 296   6  21   0   0   0   0   0   0   0   0   0   0]
acting bad,0,2,10,"[57, 15]",[57 15  0  0  0  0  0  0  0  0  0  0  0  0  0  0]
really bad,0,2,10,"[13, 15]",[13 15  0  0  0  0  0  0  0  0  0  0  0  0  0  0]
even billy bob rise script worse,0,6,32,"[19, 2198, 2199, 2200, 114, 305]","[  19 2198 2199 2200  114  305    0    0    0    0    0    0    0    0
    0    0]"
camerawork again bad,0,3,20,"[1352, 69, 15]","[1352   69   15    0    0    0    0    0    0    0    0    0    0    0
    0    0]"
rating,0,1,6,[474],[474   0   0   0   0   0   0   0   0   0   0   0   0   0   0   0]
amazing finale possibly best trilogy time,1,6,41,"[62, 2201, 1008, 18, 1009, 8]","[  62 2201 1008   18 1009    8    0    0    0    0    0    0    0    0
    0    0]"
kieslowski never cease amaze me,1,5,31,"[2202, 38, 1354, 2203, 103]","[2202   38 1354 2203  103    0    0    0    0    0    0    0    0    0
    0    0]"
one favourite director one talented director history cinema,1,8,59,"[6, 1010, 265, 6, 930, 265, 617, 407]","[   6 1010  265    6  930  265  617  407    0    0    0    0    0    0
    0    0]"
use colour french flag three film nothing short incredible every shot every scene like work art,1,16,95,"[44, 2204, 2205, 2206, 314, 5, 95, 238, 273, 70, 327, 70, 78, 11, 14, 235]","[  44 2204 2205 2206  314    5   95  238  273   70  327   70   78   11
   14  235]"
three visually appealing movie ever seen,1,6,40,"[314, 1355, 733, 2, 20, 99]","[ 314 1355  733    2   20   99    0    0    0    0    0    0    0    0
    0    0]"
subtle connection three film awesome,1,5,36,"[568, 569, 314, 5, 139]",[568 569 314   5 139   0   0   0   0   0   0   0   0   0   0   0]
think better way end film smile face great way wrap amazing film trilogy,1,13,72,"[45, 36, 43, 154, 5, 1356, 404, 3, 43, 1011, 62, 5, 1009]","[  45   36   43  154    5 1356  404    3   43 1011   62    5 1009    0
    0    0]"
recommend everyone love film movie anything a work art,1,9,54,"[40, 275, 26, 5, 2, 234, 657, 14, 235]",[ 40 275  26   5   2 234 657  14 235   0   0   0   0   0   0   0]
movie trilogy,1,2,13,"[2, 1009]","[   2 1009    0    0    0    0    0    0    0    0    0    0    0    0
    0    0]"
literally vomited watching film,0,4,31,"[486, 1357, 152, 5]","[ 486 1357  152    5    0    0    0    0    0    0    0    0    0    0
    0    0]"
think one people found another one roth pearl,1,8,45,"[45, 6, 68, 113, 136, 6, 2207, 2208]","[  45    6   68  113  136    6 2207 2208    0    0    0    0    0    0
    0    0]"
performance awarded stunning,1,3,28,"[178, 2209, 997]","[ 178 2209  997    0    0    0    0    0    0    0    0    0    0    0
    0    0]"
story told eloquently francis ford coppola year earlier really unfolds gradually leaf room character develop,1,15,108,"[98, 570, 2210, 2211, 2212, 2213, 58, 791, 13, 1358, 2214, 792, 571, 39, 2215]","[  98  570 2210 2211 2212 2213   58  791   13 1358 2214  792  571   39
 2215    0]"
wonderful location lie story contrast,1,5,37,"[110, 487, 2216, 98, 1359]","[ 110  487 2216   98 1359    0    0    0    0    0    0    0    0    0
    0    0]"
beautiful directed film nicola roeg wih sublime cast,1,8,52,"[189, 1012, 5, 2217, 2218, 2219, 1360, 190]","[ 189 1012    5 2217 2218 2219 1360  190    0    0    0    0    0    0
    0    0]"
translating movie living first movie year working experience found offensive intelligence,0,11,89,"[2220, 2, 560, 42, 2, 58, 218, 75, 113, 1361, 1013]","[2220    2  560   42    2   58  218   75  113 1361 1013    0    0    0
    0    0]"
one thing tolerate political incorrectness well artistic freedom suspension disbelief slavic female character much,0,14,114,"[6, 31, 2221, 2222, 2223, 16, 2224, 983, 2225, 1362, 2226, 2227, 39, 33]","[   6   31 2221 2222 2223   16 2224  983 2225 1362 2226 2227   39   33
    0    0]"
fun funny movie,1,3,15,"[364, 177, 2]",[364 177   2   0   0   0   0   0   0   0   0   0   0   0   0   0]
highly entertaining angle,1,3,25,"[116, 793, 1363]","[ 116  793 1363    0    0    0    0    0    0    0    0    0    0    0
    0    0]"
feature outlandish array memorable psychotic lovable nut,1,7,56,"[306, 2228, 1364, 794, 2229, 2230, 795]","[ 306 2228 1364  794 2229 2230  795    0    0    0    0    0    0    0
    0    0]"
enjoyment get see run around play game dangerous,1,8,48,"[2231, 25, 50, 631, 166, 295, 260, 2232]","[2231   25   50  631  166  295  260 2232    0    0    0    0    0    0
    0    0]"
even sweet moment,1,3,17,"[19, 572, 957]",[ 19 572 957   0   0   0   0   0   0   0   0   0   0   0   0   0]
telephone repair man really funny reaction nut bitchy bos truly genuine,1,11,71,"[1365, 2233, 356, 13, 177, 1366, 795, 2234, 2235, 304, 796]","[1365 2233  356   13  177 1366  795 2234 2235  304  796    0    0    0
    0    0]"
character film tremendously well played,1,5,39,"[39, 5, 1294, 16, 420]","[  39    5 1294   16  420    0    0    0    0    0    0    0    0    0
    0    0]"
really find funny,1,3,17,"[13, 148, 177]",[ 13 148 177   0   0   0   0   0   0   0   0   0   0   0   0   0]
actually smart movie,1,3,20,"[205, 1014, 2]","[ 205 1014    2    0    0    0    0    0    0    0    0    0    0    0
    0    0]"
brilliant twist ending,1,3,22,"[472, 1015, 379]","[ 472 1015  379    0    0    0    0    0    0    0    0    0    0    0
    0    0]"
love it,1,2,7,"[26, 7]",[26  7  0  0  0  0  0  0  0  0  0  0  0  0  0  0]
ending so perfect shed tear,1,5,27,"[379, 556, 202, 1367, 2236]","[ 379  556  202 1367 2236    0    0    0    0    0    0    0    0    0
    0    0]"
thrilled seeing movie like this,1,5,31,"[1368, 488, 2, 11, 111]","[1368  488    2   11  111    0    0    0    0    0    0    0    0    0
    0    0]"
never forget now,1,3,16,"[38, 797, 489]",[ 38 797 489   0   0   0   0   0   0   0   0   0   0   0   0   0]
cult cult classic,1,3,17,"[639, 639, 418]",[639 639 418   0   0   0   0   0   0   0   0   0   0   0   0   0]
depth character man underneath it,0,5,33,"[762, 39, 356, 2237, 7]","[ 762   39  356 2237    7    0    0    0    0    0    0    0    0    0
    0    0]"
malta setting dry barren dialogue,0,5,33,"[2238, 480, 658, 2239, 299]","[2238  480  658 2239  299    0    0    0    0    0    0    0    0    0
    0    0]"
movie terrible,0,2,14,"[2, 72]",[ 2 72  0  0  0  0  0  0  0  0  0  0  0  0  0  0]
hockey scene terrible defensemen playing like year old goalie diving shot foot wide net etc,0,15,91,"[2240, 78, 72, 2241, 473, 11, 58, 247, 2242, 2243, 327, 798, 1369, 2244, 561]","[2240   78   72 2241  473   11   58  247 2242 2243  327  798 1369 2244
  561    0]"
seen it waste time,0,4,18,"[99, 7, 84, 8]",[99  7 84  8  0  0  0  0  0  0  0  0  0  0  0  0]
call movie drama ridiculous,0,4,27,"[88, 2, 426, 799]",[ 88   2 426 799   0   0   0   0   0   0   0   0   0   0   0   0]
started watching believe character,0,4,34,"[313, 152, 300, 39]",[313 152 300  39   0   0   0   0   0   0   0   0   0   0   0   0]
particular relationship bakery assistant waitress work all,0,7,58,"[573, 800, 1016, 1370, 336, 14, 100]","[ 573  800 1016 1370  336   14  100    0    0    0    0    0    0    0
    0    0]"
superficial movie gave feeling watching play rather film,0,8,56,"[2245, 2, 367, 297, 152, 295, 237, 5]","[2245    2  367  297  152  295  237    5    0    0    0    0    0    0
    0    0]"
character stagey storyline lot like stage farce,0,7,47,"[39, 2246, 970, 79, 11, 2247, 2248]","[  39 2246  970   79   11 2247 2248    0    0    0    0    0    0    0
    0    0]"
time pyromaniac waylaid assistant bored care happened next switched off,0,10,71,"[8, 2249, 2250, 1370, 801, 380, 554, 209, 2251, 312]","[   8 2249 2250 1370  801  380  554  209 2251  312    0    0    0    0
    0    0]"
glad pay see it,0,4,15,"[325, 428, 50, 7]",[325 428  50   7   0   0   0   0   0   0   0   0   0   0   0   0]
laugh even smile once,0,4,21,"[1017, 19, 1356, 1018]","[1017   19 1356 1018    0    0    0    0    0    0    0    0    0    0
    0    0]"
anything one big yawn,0,4,21,"[234, 6, 151, 2252]","[ 234    6  151 2252    0    0    0    0    0    0    0    0    0    0
    0    0]"
really good show watch,1,4,22,"[13, 1, 123, 160]",[ 13   1 123 160   0   0   0   0   0   0   0   0   0   0   0   0]
educational child year old,1,4,26,"[2253, 414, 58, 247]","[2253  414   58  247    0    0    0    0    0    0    0    0    0    0
    0    0]"
barney definitely super de duper,1,5,32,"[2254, 65, 276, 1371, 2255]","[2254   65  276 1371 2255    0    0    0    0    0    0    0    0    0
    0    0]"
pretty funny,1,2,12,"[46, 177]",[ 46 177   0   0   0   0   0   0   0   0   0   0   0   0   0   0]
babie bop cute,1,3,14,"[2256, 2257, 659]","[2256 2257  659    0    0    0    0    0    0    0    0    0    0    0
    0    0]"
kid cool too,1,3,12,"[292, 200, 179]",[292 200 179   0   0   0   0   0   0   0   0   0   0   0   0   0]
storm trooper even bad enough make list wonderfully terrible movie,0,10,66,"[2258, 2259, 19, 15, 61, 29, 633, 1019, 72, 2]","[2258 2259   19   15   61   29  633 1019   72    2    0    0    0    0
    0    0]"
lame,0,1,4,[789],[789   0   0   0   0   0   0   0   0   0   0   0   0   0   0   0]
guy said better dialogue potted plant right,0,7,43,"[490, 219, 36, 299, 2260, 2261, 64]","[ 490  219   36  299 2260 2261   64    0    0    0    0    0    0    0
    0    0]"
everything movie stupid,0,3,23,"[60, 2, 206]",[ 60   2 206   0   0   0   0   0   0   0   0   0   0   0   0   0]
even love bad movie watch movie,0,6,31,"[19, 26, 15, 2, 160, 2]",[ 19  26  15   2 160   2   0   0   0   0   0   0   0   0   0   0]
shameful,0,1,8,[2262],"[2262    0    0    0    0    0    0    0    0    0    0    0    0    0
    0    0]"
would give television series plus could,1,6,39,"[17, 107, 2263, 323, 417, 37]","[  17  107 2263  323  417   37    0    0    0    0    0    0    0    0
    0    0]"
writer smack on think best actor actress bonus show these character real,1,12,72,"[802, 2264, 301, 45, 18, 121, 563, 1372, 123, 760, 39, 91]","[ 802 2264  301   45   18  121  563 1372  123  760   39   91    0    0
    0    0]"
must say taped episode find watching again,1,7,42,"[155, 55, 1373, 755, 148, 152, 69]","[ 155   55 1373  755  148  152   69    0    0    0    0    0    0    0
    0    0]"
know gave,1,2,9,"[76, 367]",[ 76 367   0   0   0   0   0   0   0   0   0   0   0   0   0   0]
know exactly movie latched endearing movie become special part family memory,1,11,76,"[76, 574, 2, 2265, 2266, 2, 575, 223, 135, 193, 656]","[  76  574    2 2265 2266    2  575  223  135  193  656    0    0    0
    0    0]"
totally absolutely recommend movie anyone like good wholesome family movie exactly is,1,12,85,"[158, 131, 40, 2, 129, 11, 1, 1374, 193, 2, 574, 165]","[ 158  131   40    2  129   11    1 1374  193    2  574  165    0    0
    0    0]"
thing four kid get absolutely hilarious watch,1,7,45,"[31, 1020, 292, 25, 131, 734, 160]","[  31 1020  292   25  131  734  160    0    0    0    0    0    0    0
    0    0]"
one best movie show strong sibling bond other,1,8,45,"[6, 18, 2, 123, 363, 2267, 2268, 803]","[   6   18    2  123  363 2267 2268  803    0    0    0    0    0    0
    0    0]"
much interesting action suspense le unneeded controversy,1,7,56,"[33, 241, 424, 467, 311, 2269, 2270]","[  33  241  424  467  311 2269 2270    0    0    0    0    0    0    0
    0    0]"
everything acting cinematography solid,1,4,38,"[60, 57, 361, 566]",[ 60  57 361 566   0   0   0   0   0   0   0   0   0   0   0   0]
damian talented versatile many way writing portraying different character screen,1,10,80,"[2271, 930, 2272, 117, 43, 264, 1375, 315, 39, 112]","[2271  930 2272  117   43  264 1375  315   39  112    0    0    0    0
    0    0]"
movie cutting edge it,1,4,21,"[2, 2273, 954, 7]","[   2 2273  954    7    0    0    0    0    0    0    0    0    0    0
    0    0]"
pleased know modern day genius letting passion art drive taking u audience him,1,13,78,"[337, 76, 1021, 87, 1327, 1022, 2274, 235, 491, 2275, 102, 728, 645]","[ 337   76 1021   87 1327 1022 2274  235  491 2275  102  728  645    0
    0    0]"
new character memorable found forgetting who,0,6,44,"[86, 39, 794, 113, 1376, 953]","[  86   39  794  113 1376  953    0    0    0    0    0    0    0    0
    0    0]"
felt though going ireland absolutely nothing whatsoever,0,7,55,"[221, 215, 67, 2276, 131, 95, 640]","[ 221  215   67 2276  131   95  640    0    0    0    0    0    0    0
    0    0]"
make scared horrified make sympathetic towards character simply annoying,0,9,72,"[29, 1377, 2277, 29, 2278, 804, 39, 203, 466]","[  29 1377 2277   29 2278  804   39  203  466    0    0    0    0    0
    0    0]"
jerky camera movement also annoying,0,5,35,"[1351, 164, 2279, 23, 466]","[1351  164 2279   23  466    0    0    0    0    0    0    0    0    0
    0    0]"
plot pretty much every cheap horror,0,6,35,"[108, 46, 33, 70, 180, 368]",[108  46  33  70 180 368   0   0   0   0   0   0   0   0   0   0]
pathetic attempt give character depth really work rest plot,0,9,59,"[650, 770, 107, 39, 762, 13, 14, 455, 108]",[650 770 107  39 762  13  14 455 108   0   0   0   0   0   0   0]
guess supposed clever twist shed light situation stupid,0,8,55,"[358, 1023, 805, 1015, 1367, 277, 806, 206]","[ 358 1023  805 1015 1367  277  806  206    0    0    0    0    0    0
    0    0]"
see it probably leave shelf,0,5,27,"[50, 7, 132, 576, 1378]","[  50    7  132  576 1378    0    0    0    0    0    0    0    0    0
    0    0]"
awesome movie bought ebay,1,4,25,"[139, 2, 140, 2280]","[ 139    2  140 2280    0    0    0    0    0    0    0    0    0    0
    0    0]"
really loved story line poler bear kinda cute but anyone question fort steele ask away,1,15,86,"[13, 134, 98, 130, 2281, 2282, 1379, 659, 807, 129, 1380, 2283, 2284, 410, 242]","[  13  134   98  130 2281 2282 1379  659  807  129 1380 2283 2284  410
  242    0]"
totally unfunny movie top pathetic unrealistic throughout whole minute utter torture probably looked watch time,0,15,111,"[158, 2285, 2, 316, 650, 2286, 808, 308, 54, 1381, 772, 132, 660, 160, 8]","[ 158 2285    2  316  650 2286  808  308   54 1381  772  132  660  160
    8    0]"
lucy bell much higher crap sink low quite depressing,0,9,52,"[1382, 1383, 33, 2287, 324, 2288, 201, 97, 1312]","[1382 1383   33 2287  324 2288  201   97 1312    0    0    0    0    0
    0    0]"
movie make sick watching slacker make excuse stupid action minute,0,10,65,"[2, 29, 485, 152, 2289, 29, 809, 206, 424, 54]","[   2   29  485  152 2289   29  809  206  424   54    0    0    0    0
    0    0]"
god never get minute back,0,5,25,"[1024, 38, 25, 54, 22]","[1024   38   25   54   22    0    0    0    0    0    0    0    0    0
    0    0]"
think wonderful part literally full wonder excerpt work,1,8,55,"[45, 110, 135, 486, 310, 1384, 2290, 14]","[  45  110  135  486  310 1384 2290   14    0    0    0    0    0    0
    0    0]"
set especially designed work camera amazing stylized beautiful effective,1,9,72,"[248, 216, 1385, 14, 164, 62, 2291, 189, 1025]","[ 248  216 1385   14  164   62 2291  189 1025    0    0    0    0    0
    0    0]"
could used exemplar set designer,1,5,32,"[37, 109, 2292, 248, 2293]","[  37  109 2292  248 2293    0    0    0    0    0    0    0    0    0
    0    0]"
story powerful exploration nature man art,1,6,41,"[98, 2294, 2295, 2296, 356, 235]","[  98 2294 2295 2296  356  235    0    0    0    0    0    0    0    0
    0    0]"
watching film wanted learn work artist,1,6,38,"[152, 5, 429, 1026, 14, 1273]","[ 152    5  429 1026   14 1273    0    0    0    0    0    0    0    0
    0    0]"
highly recommend movie anyone interested art poetry theater politics japanese history,1,11,85,"[116, 40, 2, 129, 929, 235, 2297, 790, 2298, 1386, 617]","[ 116   40    2  129  929  235 2297  790 2298 1386  617    0    0    0
    0    0]"
here wind lion see wonderful rendering america imperial age,1,9,59,"[96, 751, 1279, 50, 110, 2299, 1387, 2300, 644]","[  96  751 1279   50  110 2299 1387 2300  644    0    0    0    0    0
    0    0]"
high adventure best,1,3,19,"[302, 2301, 18]","[ 302 2301   18    0    0    0    0    0    0    0    0    0    0    0
    0    0]"
humour get get day apt,1,5,22,"[1388, 25, 25, 87, 2302]","[1388   25   25   87 2302    0    0    0    0    0    0    0    0    0
    0    0]"
my mother brother this when saw robert ryan portraying type man good imitation type individual impressed,1,16,104,"[637, 1027, 1389, 111, 2303, 257, 2304, 1390, 1375, 810, 356, 1, 2305, 810, 2306, 156]","[ 637 1027 1389  111 2303  257 2304 1390 1375  810  356    1 2305  810
 2306  156]"
almost song cover girl old fashioned tuneful,0,7,44,"[293, 454, 492, 365, 247, 2307, 2308]","[ 293  454  492  365  247 2307 2308    0    0    0    0    0    0    0
    0    0]"
annoying thing cover girl way rita hayworth put pedestal,0,9,56,"[466, 31, 492, 365, 43, 2309, 2310, 259, 2311]","[ 466   31  492  365   43 2309 2310  259 2311    0    0    0    0    0
    0    0]"
unfortunately cover girl example hollywood used exploit woman financial gain,0,10,76,"[269, 492, 365, 1028, 1391, 109, 2312, 975, 2313, 2314]","[ 269  492  365 1028 1391  109 2312  975 2313 2314    0    0    0    0
    0    0]"
non linear narration thus many flashback every part articulated quite well,1,11,74,"[630, 2315, 2316, 1392, 117, 2317, 70, 135, 2318, 97, 16]","[ 630 2315 2316 1392  117 2317   70  135 2318   97   16    0    0    0
    0    0]"
good cinematography also make monica bellucci look beautiful,1,8,60,"[1, 361, 23, 29, 2319, 2320, 48, 189]","[   1  361   23   29 2319 2320   48  189    0    0    0    0    0    0
    0    0]"
good commentary today love undoubtedly film worth seeing,1,8,56,"[1, 2321, 360, 26, 1393, 5, 93, 488]","[   1 2321  360   26 1393    5   93  488    0    0    0    0    0    0
    0    0]"
people first timer film making think excellent job,1,8,50,"[68, 42, 2322, 5, 458, 45, 34, 138]","[  68   42 2322    5  458   45   34  138    0    0    0    0    0    0
    0    0]"
popular cinema good house good reaction plenty laugh,1,8,52,"[1394, 407, 1, 370, 1, 1366, 1029, 1017]","[1394  407    1  370    1 1366 1029 1017    0    0    0    0    0    0
    0    0]"
feel good film that felt came cinema,1,7,36,"[118, 1, 5, 82, 221, 73, 407]",[118   1   5  82 221  73 407   0   0   0   0   0   0   0   0   0]
northern humour positive community represents,1,5,45,"[2323, 1388, 1395, 2324, 2325]","[2323 1388 1395 2324 2325    0    0    0    0    0    0    0    0    0
    0    0]"
rather enjoyed it,1,3,17,"[237, 214, 7]",[237 214   7   0   0   0   0   0   0   0   0   0   0   0   0   0]
liked it,1,2,8,"[239, 7]",[239   7   0   0   0   0   0   0   0   0   0   0   0   0   0   0]
take seriously,0,2,14,"[124, 278]",[124 278   0   0   0   0   0   0   0   0   0   0   0   0   0   0]
really created unique feeling though,1,5,36,"[13, 811, 1396, 297, 215]","[  13  811 1396  297  215    0    0    0    0    0    0    0    0    0
    0    0]"
vivian schilling excellent job script,1,5,37,"[2326, 2327, 34, 138, 114]","[2326 2327   34  138  114    0    0    0    0    0    0    0    0    0
    0    0]"
world better garbage theatre today,1,5,34,"[422, 36, 493, 1306, 360]","[ 422   36  493 1306  360    0    0    0    0    0    0    0    0    0
    0    0]"
role played well,1,3,16,"[577, 420, 16]",[577 420  16   0   0   0   0   0   0   0   0   0   0   0   0   0]
screamy masculine right,1,3,23,"[2328, 2329, 64]","[2328 2329   64    0    0    0    0    0    0    0    0    0    0    0
    0    0]"
camera really like movie,1,4,24,"[164, 13, 11, 2]",[164  13  11   2   0   0   0   0   0   0   0   0   0   0   0   0]
would casted role ready script,1,5,30,"[17, 2330, 577, 1030, 114]","[  17 2330  577 1030  114    0    0    0    0    0    0    0    0    0
    0    0]"
european movie nice throwback time student experience living abroad interacting nationality although circumstance slightly different,1,15,132,"[1397, 2, 32, 2331, 8, 1398, 75, 560, 2332, 2333, 2334, 494, 1399, 2335, 315]","[1397    2   32 2331    8 1398   75  560 2332 2333 2334  494 1399 2335
  315    0]"
fan movie sucked really bad,0,5,27,"[378, 2, 270, 13, 15]",[378   2 270  13  15   0   0   0   0   0   0   0   0   0   0   0]
even worse ticker,0,3,17,"[19, 305, 2336]","[  19  305 2336    0    0    0    0    0    0    0    0    0    0    0
    0    0]"
like building used couple location maybe poor hummh,0,8,51,"[11, 1031, 109, 338, 487, 471, 101, 2337]","[  11 1031  109  338  487  471  101 2337    0    0    0    0    0    0
    0    0]"
blew,0,1,4,[1400],"[1400    0    0    0    0    0    0    0    0    0    0    0    0    0
    0    0]"
chosen tortured disgusting piece blatant american propaganda,0,7,60,"[2338, 2339, 812, 80, 2340, 1032, 2341]","[2338 2339  812   80 2340 1032 2341    0    0    0    0    0    0    0
    0    0]"
show made american stupid full hatred cliche admitted elsewhere,0,9,63,"[123, 28, 1032, 206, 310, 2342, 940, 2343, 578]","[ 123   28 1032  206  310 2342  940 2343  578    0    0    0    0    0
    0    0]"
almost everyone involved must return school acting utterly predictable bad script pile garbage round,0,14,100,"[293, 275, 1033, 155, 317, 2344, 57, 626, 320, 15, 114, 1401, 493, 1402]","[ 293  275 1033  155  317 2344   57  626  320   15  114 1401  493 1402
    0    0]"
wish could enter negative value admins,0,6,38,"[753, 37, 1403, 934, 339, 2345]","[ 753   37 1403  934  339 2345    0    0    0    0    0    0    0    0
    0    0]"
set bad look place thunderbird episode,0,6,38,"[248, 15, 48, 10, 2346, 755]","[ 248   15   48   10 2346  755    0    0    0    0    0    0    0    0
    0    0]"
oh yeah storyline pathetic too,0,5,30,"[371, 969, 970, 650, 179]",[371 969 970 650 179   0   0   0   0   0   0   0   0   0   0   0]
filmmaker director would hide head sand spent whatever amount money time movie,0,12,78,"[2347, 265, 17, 2348, 539, 1404, 985, 459, 619, 85, 8, 2]","[2347  265   17 2348  539 1404  985  459  619   85    8    2    0    0
    0    0]"
short monumental waste time energy would recommend anyone ever see film,0,11,71,"[238, 2349, 84, 8, 749, 17, 40, 129, 20, 50, 5]","[ 238 2349   84    8  749   17   40  129   20   50    5    0    0    0
    0    0]"
came free dvd player bought still turned thing halfway embarrassed howell,0,11,73,"[73, 373, 1405, 430, 140, 56, 632, 31, 2350, 2351, 2352]","[  73  373 1405  430  140   56  632   31 2350 2351 2352    0    0    0
    0    0]"
setting,0,1,7,[480],[480   0   0   0   0   0   0   0   0   0   0   0   0   0   0   0]
soundtrack terrible either,1,3,26,"[653, 72, 220]",[653  72 220   0   0   0   0   0   0   0   0   0   0   0   0   0]
still set got big oy vey scale,1,7,30,"[56, 248, 53, 151, 2353, 2354, 1034]","[  56  248   53  151 2353 2354 1034    0    0    0    0    0    0    0
    0    0]"
yes simplifying thing sake brevity really core problem film much going without real fulfilling explanation,0,15,106,"[743, 2355, 31, 1406, 2356, 13, 1300, 66, 5, 33, 67, 244, 91, 2357, 1317]","[ 743 2355   31 1406 2356   13 1300   66    5   33   67  244   91 2357
 1317    0]"
good job quite amusing,1,4,22,"[1, 138, 97, 2358]","[   1  138   97 2358    0    0    0    0    0    0    0    0    0    0
    0    0]"
convoluted plot convince me much film watched weird questioning glance,0,10,70,"[2359, 108, 2360, 103, 33, 5, 331, 813, 2361, 1035]","[2359  108 2360  103   33    5  331  813 2361 1035    0    0    0    0
    0    0]"
let girlfriend talk seeing bad idea hated it,0,8,44,"[296, 971, 207, 488, 15, 661, 814, 7]",[296 971 207 488  15 661 814   7   0   0   0   0   0   0   0   0]
last minute movie also bad well,1,6,31,"[122, 54, 2, 23, 15, 16]",[122  54   2  23  15  16   0   0   0   0   0   0   0   0   0   0]
bela lugosi totally extraneous intoning odd line,0,7,48,"[2362, 2363, 158, 2364, 2365, 1407, 130]","[2362 2363  158 2364 2365 1407  130    0    0    0    0    0    0    0
    0    0]"
acting decidely wooden though worse period universal b movie,0,9,60,"[57, 2366, 1036, 215, 305, 579, 2367, 1281, 2]","[  57 2366 1036  215  305  579 2367 1281    2    0    0    0    0    0
    0    0]"
like armand assante cable company summary sounded interesting watched it twice already probably again,1,14,101,"[11, 2368, 2369, 431, 340, 1007, 1037, 241, 331, 7, 415, 769, 132, 69]","[  11 2368 2369  431  340 1007 1037  241  331    7  415  769  132   69
    0    0]"
believe screenwriter good job tying loose end,1,7,45,"[300, 981, 1, 138, 2370, 1408, 154]","[ 300  981    1  138 2370 1408  154    0    0    0    0    0    0    0
    0    0]"
score mostly plot,1,3,17,"[1038, 483, 108]","[1038  483  108    0    0    0    0    0    0    0    0    0    0    0
    0    0]"
say like spoiler want one believe film worth time,1,9,49,"[55, 11, 784, 94, 6, 300, 5, 93, 8]",[ 55  11 784  94   6 300   5  93   8   0   0   0   0   0   0   0]
wow bad film,0,3,12,"[580, 15, 5]",[580  15   5   0   0   0   0   0   0   0   0   0   0   0   0   0]
frightening least barely comprehensible,0,4,39,"[1039, 262, 333, 2371]","[1039  262  333 2371    0    0    0    0    0    0    0    0    0    0
    0    0]"
plot hang together all acting absolutely appalling,0,7,50,"[108, 2372, 411, 100, 57, 131, 977]","[ 108 2372  411  100   57  131  977    0    0    0    0    0    0    0
    0    0]"
even good camp value,0,4,20,"[19, 1, 2373, 339]","[  19    1 2373  339    0    0    0    0    0    0    0    0    0    0
    0    0]"
expecting oscar material this,0,4,29,"[2374, 1409, 988, 111]","[2374 1409  988  111    0    0    0    0    0    0    0    0    0    0
    0    0]"
iq particularly stupid mollusk see one coming,0,7,45,"[2375, 1040, 206, 2376, 50, 6, 249]","[2375 1040  206 2376   50    6  249    0    0    0    0    0    0    0
    0    0]"
film and use word loosely insult movie going public,0,9,51,"[5, 298, 44, 322, 2377, 815, 2, 67, 1410]","[   5  298   44  322 2377  815    2   67 1410    0    0    0    0    0
    0    0]"
someone involved knew string together narrative,0,6,47,"[581, 1033, 1041, 1411, 411, 995]","[ 581 1033 1041 1411  411  995    0    0    0    0    0    0    0    0
    0    0]"
get simply there nothing lower,0,5,30,"[25, 203, 115, 95, 2378]","[  25  203  115   95 2378    0    0    0    0    0    0    0    0    0
    0    0]"
one have watched recently fox movie channel disappointed,0,8,56,"[6, 625, 331, 816, 1412, 2, 1413, 71]","[   6  625  331  816 1412    2 1413   71    0    0    0    0    0    0
    0    0]"
know contract player little control script acting bad script,0,9,60,"[76, 1414, 430, 63, 788, 114, 57, 15, 114]","[  76 1414  430   63  788  114   57   15  114    0    0    0    0    0
    0    0]"
victor mclaglen even bad brian donlevy almost unrecognizable,0,8,60,"[2379, 2380, 19, 15, 2381, 2382, 293, 2383]","[2379 2380   19   15 2381 2382  293 2383    0    0    0    0    0    0
    0    0]"
considering relation screen taylor stanwyck surprising little chemistry screen two them,0,11,87,"[564, 1042, 112, 1415, 1043, 1416, 63, 1044, 112, 59, 332]","[ 564 1042  112 1415 1043 1416   63 1044  112   59  332    0    0    0
    0    0]"
premise film ridiculous president u,0,5,35,"[979, 5, 799, 2384, 102]","[ 979    5  799 2384  102    0    0    0    0    0    0    0    0    0
    0    0]"
death row scene entirely unmoving,0,5,33,"[817, 1417, 78, 1418, 2385]","[ 817 1417   78 1418 2385    0    0    0    0    0    0    0    0    0
    0    0]"
thing worse taylor acting stanwyck singing,0,6,42,"[31, 305, 1415, 57, 1043, 1334]","[  31  305 1415   57 1043 1334    0    0    0    0    0    0    0    0
    0    0]"
whatever producer going for missed entirely,0,6,43,"[459, 1419, 67, 495, 774, 1418]","[ 459 1419   67  495  774 1418    0    0    0    0    0    0    0    0
    0    0]"
deeply impressed character played,1,4,33,"[1420, 156, 39, 420]","[1420  156   39  420    0    0    0    0    0    0    0    0    0    0
    0    0]"
knew saw film great thing come gifted actor,1,8,43,"[1041, 257, 5, 3, 31, 119, 2386, 121]","[1041  257    5    3   31  119 2386  121    0    0    0    0    0    0
    0    0]"
even squib look awful,0,4,21,"[19, 2387, 48, 137]","[  19 2387   48  137    0    0    0    0    0    0    0    0    0    0
    0    0]"
point proceeding look remotely like america,0,6,43,"[496, 1421, 48, 1422, 11, 1387]","[ 496 1421   48 1422   11 1387    0    0    0    0    0    0    0    0
    0    0]"
plot is derivative predictable ending like mercy killing,0,8,56,"[108, 165, 2388, 320, 379, 11, 1423, 1424]","[ 108  165 2388  320  379   11 1423 1424    0    0    0    0    0    0
    0    0]"
awful dialogue hopeless overacting everyone get shot top real waste space time,0,12,78,"[137, 299, 2389, 1425, 275, 25, 327, 316, 91, 84, 818, 8]","[ 137  299 2389 1425  275   25  327  316   91   84  818    8    0    0
    0    0]"
uneasy bad movie wa scared all,0,6,30,"[2390, 15, 2, 497, 1377, 100]","[2390   15    2  497 1377  100    0    0    0    0    0    0    0    0
    0    0]"
dialogue composed thing make little sense,0,6,41,"[299, 2391, 31, 29, 63, 1426]","[ 299 2391   31   29   63 1426    0    0    0    0    0    0    0    0
    0    0]"
directing sloppy best,0,3,21,"[406, 2392, 18]","[ 406 2392   18    0    0    0    0    0    0    0    0    0    0    0
    0    0]"
hackneyed writing certainly made even worse bad directing,0,8,57,"[1427, 264, 294, 28, 19, 305, 15, 406]","[1427  264  294   28   19  305   15  406    0    0    0    0    0    0
    0    0]"
course acting blah,0,3,18,"[498, 57, 1428]","[ 498   57 1428    0    0    0    0    0    0    0    0    0    0    0
    0    0]"
acting whole cast could put scale balanced perfectly overacting underacting,0,10,75,"[57, 308, 190, 37, 259, 1034, 1429, 279, 1425, 2393]","[  57  308  190   37  259 1034 1429  279 1425 2393    0    0    0    0
    0    0]"
and finally that get ending would ve great handled competent people jerry falwell,0,13,81,"[298, 432, 82, 25, 379, 17, 1430, 3, 963, 2394, 68, 2395, 2396]","[ 298  432   82   25  379   17 1430    3  963 2394   68 2395 2396    0
    0    0]"
loved movie great portrayal family share ups down end knew special love other,1,13,77,"[134, 2, 3, 464, 193, 1431, 775, 478, 154, 1041, 223, 26, 803]","[ 134    2    3  464  193 1431  775  478  154 1041  223   26  803    0
    0    0]"
seen many movie starring jaclyn smith god one best though came year ago,1,13,71,"[99, 117, 2, 2397, 2398, 2399, 1024, 6, 18, 215, 73, 58, 381]","[  99  117    2 2397 2398 2399 1024    6   18  215   73   58  381    0
    0    0]"
movie contained all star cast loved opened eye see actor seen before,1,12,68,"[2, 1432, 100, 81, 190, 134, 1045, 567, 50, 121, 99, 555]","[   2 1432  100   81  190  134 1045  567   50  121   99  555    0    0
    0    0]"
movie kind long length enjoyed every minute it,1,8,46,"[2, 204, 89, 1433, 214, 70, 54, 7]","[   2  204   89 1433  214   70   54    7    0    0    0    0    0    0
    0    0]"
overall rate movie scale,1,4,24,"[159, 662, 2, 1034]","[ 159  662    2 1034    0    0    0    0    0    0    0    0    0    0
    0    0]"
lifetime air enough anyone know store sell let know must have,1,11,61,"[2400, 1434, 61, 129, 76, 499, 2401, 296, 76, 155, 625]","[2400 1434   61  129   76  499 2401  296   76  155  625    0    0    0
    0    0]"
particularly remember sens assaulted strident cord music would blare little warning even le meaning,0,14,99,"[1040, 779, 2402, 2403, 2404, 2405, 175, 17, 2406, 63, 819, 19, 311, 730]","[1040  779 2402 2403 2404 2405  175   17 2406   63  819   19  311  730
    0    0]"
sort pap screened afternoon punish unemployed job,0,7,49,"[1046, 2407, 2408, 1435, 2409, 2410, 138]","[1046 2407 2408 1435 2409 2410  138    0    0    0    0    0    0    0
    0    0]"
totally different load understatement black comedy film get see remember it,1,11,75,"[158, 315, 1047, 2411, 222, 663, 5, 25, 50, 779, 7]","[ 158  315 1047 2411  222  663    5   25   50  779    7    0    0    0
    0    0]"
movie creates universe fascinating every way,1,6,44,"[2, 1436, 2412, 1437, 70, 43]","[   2 1436 2412 1437   70   43    0    0    0    0    0    0    0    0
    0    0]"
movie really got me,1,4,19,"[2, 13, 53, 103]",[  2  13  53 103   0   0   0   0   0   0   0   0   0   0   0   0]
see it,1,2,6,"[50, 7]",[50  7  0  0  0  0  0  0  0  0  0  0  0  0  0  0]
really hope team behind movie make movie continue own kinda weird style,1,12,71,"[13, 427, 2413, 1048, 2, 29, 2, 1049, 2414, 1379, 813, 433]","[  13  427 2413 1048    2   29    2 1049 2414 1379  813  433    0    0
    0    0]"
forgot casting superb trond fausa aurvag perfect role bothersome man understand is why,1,13,86,"[1438, 614, 500, 2415, 2416, 2417, 202, 577, 2418, 356, 303, 165, 1439]","[1438  614  500 2415 2416 2417  202  577 2418  356  303  165 1439    0
    0    0]"
movie good humorous comment life,1,5,32,"[2, 1, 1440, 1050, 92]","[   2    1 1440 1050   92    0    0    0    0    0    0    0    0    0
    0    0]"
found move beautiful enjoyable uplifting,1,5,40,"[113, 1441, 189, 1051, 2419]","[ 113 1441  189 1051 2419    0    0    0    0    0    0    0    0    0
    0    0]"
initially local site film filmed buffalo intrigued me,1,8,53,"[2420, 2421, 1339, 5, 2422, 2423, 2424, 103]","[2420 2421 1339    5 2422 2423 2424  103    0    0    0    0    0    0
    0    0]"
later found lost power film,1,5,27,"[501, 113, 402, 820, 5]",[501 113 402 820   5   0   0   0   0   0   0   0   0   0   0   0]
entire audience applauded conclusion film,1,5,41,"[502, 728, 2425, 821, 5]","[ 502  728 2425  821    5    0    0    0    0    0    0    0    0    0
    0    0]"
left theater lilt step joy heart hope human race,1,9,48,"[271, 790, 2426, 982, 635, 434, 427, 503, 1052]","[ 271  790 2426  982  635  434  427  503 1052    0    0    0    0    0
    0    0]"
duris wholesome appearance give fine performance,1,6,48,"[2427, 1374, 822, 107, 141, 178]","[2427 1374  822  107  141  178    0    0    0    0    0    0    0    0
    0    0]"
rest cast also play well,1,5,24,"[455, 190, 23, 295, 16]",[455 190  23 295  16   0   0   0   0   0   0   0   0   0   0   0]
cinematography noteworthy including fine view barcelona famed gaudi tower,1,9,73,"[361, 1324, 1442, 141, 1443, 2428, 2429, 2430, 2431]","[ 361 1324 1442  141 1443 2428 2429 2430 2431    0    0    0    0    0
    0    0]"
ten minute film started second thought,0,6,38,"[823, 54, 5, 313, 341, 128]",[823  54   5 313 341 128   0   0   0   0   0   0   0   0   0   0]
half way film started dislike it,0,6,32,"[357, 43, 5, 313, 1444, 7]","[ 357   43    5  313 1444    7    0    0    0    0    0    0    0    0
    0    0]"
time film ended disliked it despised it,0,7,39,"[8, 5, 664, 1307, 7, 2432, 7]","[   8    5  664 1307    7 2432    7    0    0    0    0    0    0    0
    0    0]"
film lack convincing script,0,4,27,"[5, 540, 746, 114]",[  5 540 746 114   0   0   0   0   0   0   0   0   0   0   0   0]
script look rough draft written shooting began finished script completed,0,10,72,"[114, 48, 2433, 2434, 752, 2435, 1445, 1446, 114, 2436]","[ 114   48 2433 2434  752 2435 1445 1446  114 2436    0    0    0    0
    0    0]"
thing happen character personality change plot twist occur real reason script call it,0,13,85,"[31, 1447, 39, 2437, 2438, 108, 1015, 2439, 91, 504, 114, 88, 7]","[  31 1447   39 2437 2438  108 1015 2439   91  504  114   88    7    0
    0    0]"
cast good,1,2,9,"[190, 1]",[190   1   0   0   0   0   0   0   0   0   0   0   0   0   0   0]
that worth checking out,1,4,23,"[82, 93, 1282, 290]","[  82   93 1282  290    0    0    0    0    0    0    0    0    0    0
    0    0]"
probably irritating show ever seen entire life,0,7,46,"[132, 2440, 123, 20, 99, 502, 92]","[ 132 2440  123   20   99  502   92    0    0    0    0    0    0    0
    0    0]"
indescribably annoying idiotic show ever seen,0,6,45,"[2441, 466, 2442, 123, 20, 99]","[2441  466 2442  123   20   99    0    0    0    0    0    0    0    0
    0    0]"
everything bad,0,2,14,"[60, 15]",[60 15  0  0  0  0  0  0  0  0  0  0  0  0  0  0]
could understand kind idiot would produce mess first place mention several season,0,12,81,"[37, 303, 204, 1291, 17, 1448, 342, 42, 10, 824, 267, 1449]","[  37  303  204 1291   17 1448  342   42   10  824  267 1449    0    0
    0    0]"
script bad bad contains cheesiness unethical joke normally see rated r nc movie,0,13,79,"[114, 15, 15, 1450, 2443, 2444, 582, 1451, 50, 825, 1452, 2445, 2]","[ 114   15   15 1450 2443 2444  582 1451   50  825 1452 2445    2    0
    0    0]"
casting also horrible cause see really really bad actor period,0,10,62,"[614, 23, 163, 935, 50, 13, 13, 15, 121, 579]",[614  23 163 935  50  13  13  15 121 579   0   0   0   0   0   0]
final word show real torture,0,5,28,"[1053, 322, 123, 91, 772]","[1053  322  123   91  772    0    0    0    0    0    0    0    0    0
    0    0]"
zillion time away reality,0,4,25,"[2446, 8, 242, 2447]","[2446    8  242 2447    0    0    0    0    0    0    0    0    0    0
    0    0]"
watching washing machine twirling around hurt eye much show,0,9,59,"[152, 2448, 990, 2449, 166, 1453, 567, 33, 123]","[ 152 2448  990 2449  166 1453  567   33  123    0    0    0    0    0
    0    0]"
rating grade z note show bad even mother cast pull daughter show,0,12,64,"[474, 2450, 2451, 655, 123, 15, 19, 1027, 190, 620, 778, 123]","[ 474 2450 2451  655  123   15   19 1027  190  620  778  123    0    0
    0    0]"
th century fox road house quite silly noir implausible unmitigated bore movie,0,12,77,"[622, 1454, 1412, 2452, 370, 97, 2453, 1346, 1455, 2454, 992, 2]","[ 622 1454 1412 2452  370   97 2453 1346 1455 2454  992    2    0    0
    0    0]"
widmark character turn unintentionally comical,0,5,46,"[2455, 39, 274, 2456, 2457]","[2455   39  274 2456 2457    0    0    0    0    0    0    0    0    0
    0    0]"
losing marble early proceeding totally implausible unconvincing,0,7,63,"[1296, 2458, 1054, 1421, 158, 1455, 1456]","[1296 2458 1054 1421  158 1455 1456    0    0    0    0    0    0    0
    0    0]"
enough mess movie picture also marred constant use studio set indoor exterior,0,12,77,"[61, 342, 2, 176, 23, 2459, 2460, 44, 2461, 248, 1457, 1458]","[  61  342    2  176   23 2459 2460   44 2461  248 1457 1458    0    0
    0    0]"
whatever prompted documentary beyond me,0,5,39,"[459, 2462, 665, 481, 103]","[ 459 2462  665  481  103    0    0    0    0    0    0    0    0    0
    0    0]"
very serious spoiler movie huge disappointment,0,6,46,"[355, 826, 784, 2, 343, 330]",[355 826 784   2 343 330   0   0   0   0   0   0   0   0   0   0]
many problem dont know start,0,5,28,"[117, 66, 583, 76, 584]",[117  66 583  76 584   0   0   0   0   0   0   0   0   0   0   0]
cast great,1,2,10,"[190, 3]",[190   3   0   0   0   0   0   0   0   0   0   0   0   0   0   0]
steve martin delivers really funny performance middle aged upper class uptight white guy,1,13,88,"[1459, 1055, 1248, 13, 177, 178, 1460, 2463, 2464, 1461, 2465, 382, 490]","[1459 1055 1248   13  177  178 1460 2463 2464 1461 2465  382  490    0
    0    0]"
add betty white jean smart great cast everyone played part really well,1,12,70,"[1462, 1463, 382, 2466, 1014, 3, 190, 275, 420, 135, 13, 16]","[1462 1463  382 2466 1014    3  190  275  420  135   13   16    0    0
    0    0]"
movie make lot serious mistake,0,5,30,"[2, 29, 79, 826, 505]",[  2  29  79 826 505   0   0   0   0   0   0   0   0   0   0   0]
first all enough racial stereotype racial joke offend everyone,0,9,62,"[42, 100, 61, 1056, 973, 1056, 582, 2467, 275]","[  42  100   61 1056  973 1056  582 2467  275    0    0    0    0    0
    0    0]"
movie littered overt racial slur towards black cast member return white depicted moron boob,0,14,91,"[2, 2468, 2469, 1056, 2470, 804, 222, 190, 1464, 317, 382, 2471, 2472, 2473]","[   2 2468 2469 1056 2470  804  222  190 1464  317  382 2471 2472 2473
    0    0]"
putting race card aside let look major flaw film destroy latifa character,0,12,73,"[961, 1052, 1465, 1466, 296, 48, 1467, 559, 5, 2474, 2475, 39]","[ 961 1052 1465 1466  296   48 1467  559    5 2474 2475   39    0    0
    0    0]"
real plot,0,2,9,"[91, 108]",[ 91 108   0   0   0   0   0   0   0   0   0   0   0   0   0   0]
wouldnt see movie free,0,4,22,"[2476, 50, 2, 373]","[2476   50    2  373    0    0    0    0    0    0    0    0    0    0
    0    0]"
steamboat willie amazingly important film cinema history,1,7,56,"[2477, 2478, 2479, 408, 5, 407, 617]","[2477 2478 2479  408    5  407  617    0    0    0    0    0    0    0
    0    0]"
second appearance mickey mouse following silent plane crazy earlier year probably famous film mostly ground breaking,1,16,116,"[341, 822, 827, 1468, 1301, 980, 2480, 765, 791, 58, 132, 1469, 5, 483, 1470, 1057]","[ 341  822  827 1468 1301  980 2480  765  791   58  132 1469    5  483
 1470 1057]"
yet hear mickey speak ton sound effect music throughout film something take granted huge crowd pleaser,1,16,102,"[377, 224, 827, 917, 2481, 35, 263, 175, 808, 5, 362, 124, 2482, 343, 666, 1471]","[ 377  224  827  917 2481   35  263  175  808    5  362  124 2482  343
  666 1471]"
however seeing short year amazed timeless film actually is,1,9,58,"[161, 488, 238, 58, 1058, 2483, 5, 205, 165]","[ 161  488  238   58 1058 2483    5  205  165    0    0    0    0    0
    0    0]"
adorable seeing mickey playing turkey straw highly imaginative if occasionally cruel way,1,12,88,"[732, 488, 827, 473, 1472, 2484, 116, 1473, 1341, 1285, 2485, 43]","[ 732  488  827  473 1472 2484  116 1473 1341 1285 2485   43    0    0
    0    0]"
clever real crowd pleaser this film still rank among mickey best film even wonderful year,1,15,89,"[805, 91, 666, 1471, 111, 5, 56, 1002, 2486, 827, 18, 5, 19, 110, 58]","[ 805   91  666 1471  111    5   56 1002 2486  827   18    5   19  110
   58    0]"
bipolarity ruthless thug one minute ruthless killer next minute luv diaper commercial completely unconvincing,0,14,109,"[2487, 1474, 2488, 6, 54, 1474, 828, 209, 54, 2489, 2490, 1475, 246, 1456]","[2487 1474 2488    6   54 1474  828  209   54 2489 2490 1475  246 1456
    0    0]"
terribly disappointed film would receive many award accolade especially far deserving work film there,0,14,101,"[1476, 71, 5, 17, 1477, 117, 1478, 2491, 216, 90, 1479, 14, 5, 115]","[1476   71    5   17 1477  117 1478 2491  216   90 1479   14    5  115
    0    0]"
original body soul masterpiece,1,4,30,"[383, 2492, 1349, 923]","[ 383 2492 1349  923    0    0    0    0    0    0    0    0    0    0
    0    0]"
think redeeming quality remake,0,4,30,"[45, 976, 24, 958]",[ 45 976  24 958   0   0   0   0   0   0   0   0   0   0   0   0]
may bad film ever made,0,5,22,"[344, 15, 5, 20, 28]",[344  15   5  20  28   0   0   0   0   0   0   0   0   0   0   0]
bad well it bad,0,4,15,"[15, 16, 7, 15]",[15 16  7 15  0  0  0  0  0  0  0  0  0  0  0  0]
movie solid example bad plot very bad idea way,0,9,46,"[2, 566, 1028, 15, 108, 355, 15, 661, 43]","[   2  566 1028   15  108  355   15  661   43    0    0    0    0    0
    0    0]"
shame see good actor like thomerson james make living mess like this,0,12,68,"[1480, 50, 1, 121, 11, 2493, 1481, 29, 560, 342, 11, 111]","[1480   50    1  121   11 2493 1481   29  560  342   11  111    0    0
    0    0]"
thought bad,0,2,11,"[128, 15]",[128  15   0   0   0   0   0   0   0   0   0   0   0   0   0   0]
film terrible credit version watchable,0,5,38,"[5, 72, 829, 1482, 1483]","[   5   72  829 1482 1483    0    0    0    0    0    0    0    0    0
    0    0]"
let start problem the acting especially lead professor very bad,0,10,63,"[296, 584, 66, 245, 57, 216, 641, 2494, 355, 15]","[ 296  584   66  245   57  216  641 2494  355   15    0    0    0    0
    0    0]"
script big flawed mess,0,4,22,"[114, 151, 965, 342]",[114 151 965 342   0   0   0   0   0   0   0   0   0   0   0   0]
best example dumb writing established turn zombie student back human removing necklace containing piece meteorite,0,15,113,"[18, 1028, 1484, 264, 2495, 274, 1485, 1398, 22, 503, 1486, 2496, 2497, 80, 2498]","[  18 1028 1484  264 2495  274 1485 1398   22  503 1486 2496 2497   80
 2498    0]"
director paul matthew also wrote directed weak monster movie grim clearly know pace film,0,14,88,"[265, 1487, 2499, 23, 2500, 1012, 506, 1488, 2, 2501, 736, 76, 1059, 5]","[ 265 1487 2499   23 2500 1012  506 1488    2 2501  736   76 1059    5
    0    0]"
movie terribly boring place,0,4,27,"[2, 1476, 329, 10]","[   2 1476  329   10    0    0    0    0    0    0    0    0    0    0
    0    0]"
lighting awful,0,2,14,"[1489, 137]","[1489  137    0    0    0    0    0    0    0    0    0    0    0    0
    0    0]"
film look cheap bland,0,4,21,"[5, 48, 180, 250]",[  5  48 180 250   0   0   0   0   0   0   0   0   0   0   0   0]
one disappointing aspect lack notable gore,0,6,42,"[6, 369, 741, 540, 2502, 2503]","[   6  369  741  540 2502 2503    0    0    0    0    0    0    0    0
    0    0]"
convention never worked well past certainly work here,0,8,53,"[2504, 38, 133, 16, 1060, 294, 14, 96]","[2504   38  133   16 1060  294   14   96    0    0    0    0    0    0
    0    0]"
visual effect awful,0,3,19,"[993, 263, 137]",[993 263 137   0   0   0   0   0   0   0   0   0   0   0   0   0]
cg opening sequence space looked like could created microsoft slideshow god sake,0,12,80,"[2505, 1490, 996, 818, 660, 11, 37, 811, 1491, 2506, 1024, 1406]","[2505 1490  996  818  660   11   37  811 1491 2506 1024 1406    0    0
    0    0]"
explosion gas tank end awful,0,5,28,"[2507, 1492, 2508, 154, 137]","[2507 1492 2508  154  137    0    0    0    0    0    0    0    0    0
    0    0]"
okay like consider fair critic give credit credit due the creature effect actually pretty cool,1,15,94,"[2509, 11, 737, 1493, 2510, 107, 829, 829, 830, 245, 2511, 263, 205, 46, 200]","[2509   11  737 1493 2510  107  829  829  830  245 2511  263  205   46
  200    0]"
gotta love close ups slimy drooling teeth,1,7,41,"[2512, 26, 642, 775, 2513, 2514, 1494]","[2512   26  642  775 2513 2514 1494    0    0    0    0    0    0    0
    0    0]"
sum film up breeder terrible cheaply made horror movie avoided like ebola virus,0,13,79,"[1495, 5, 181, 2515, 72, 1496, 28, 368, 2, 1497, 11, 2516, 2517]","[1495    5  181 2515   72 1496   28  368    2 1497   11 2516 2517    0
    0    0]"
recommended,0,1,11,[384],[384   0   0   0   0   0   0   0   0   0   0   0   0   0   0   0]
almost unbearable watch screen little charisma terrible comedic timing,0,9,70,"[293, 1498, 160, 112, 63, 1316, 72, 2518, 2519]","[ 293 1498  160  112   63 1316   72 2518 2519    0    0    0    0    0
    0    0]"
aside terrible lead film load debit,0,6,35,"[1466, 72, 641, 5, 1047, 2520]","[1466   72  641    5 1047 2520    0    0    0    0    0    0    0    0
    0    0]"
understand supposed cheap popcorn comedy mean completely insult intelligence writing incredibly hackneyed border offensive,0,14,122,"[303, 1023, 180, 2521, 663, 423, 246, 815, 1013, 264, 763, 1427, 2522, 1361]","[ 303 1023  180 2521  663  423  246  815 1013  264  763 1427 2522 1361
    0    0]"
lewis black considerable talent wasted too incendiary unrestrained pg rating certainly allow,0,12,92,"[2523, 222, 2524, 1338, 359, 179, 2525, 2526, 1271, 474, 294, 1499]","[2523  222 2524 1338  359  179 2525 2526 1271  474  294 1499    0    0
    0    0]"
originality freshness first movie spent remake little else offer,0,9,64,"[2527, 2528, 42, 2, 985, 958, 63, 484, 565]","[2527 2528   42    2  985  958   63  484  565    0    0    0    0    0
    0    0]"
budget evidently limited,0,3,24,"[616, 2529, 1500]","[ 616 2529 1500    0    0    0    0    0    0    0    0    0    0    0
    0    0]"
reflected cast also below par script borrowed much earlier classic,0,10,66,"[2530, 190, 23, 2531, 831, 114, 2532, 33, 791, 418]","[2530  190   23 2531  831  114 2532   33  791  418    0    0    0    0
    0    0]"
however decent acting action location work balance thing up,0,9,59,"[161, 419, 57, 424, 487, 14, 1061, 31, 181]","[ 161  419   57  424  487   14 1061   31  181    0    0    0    0    0
    0    0]"
filmiing le expansive,0,3,21,"[2533, 311, 2534]","[2533  311 2534    0    0    0    0    0    0    0    0    0    0    0
    0    0]"
failed convey broad sweep landscape great part original,0,8,55,"[832, 2535, 2536, 2537, 2538, 3, 135, 383]","[ 832 2535 2536 2537 2538    3  135  383    0    0    0    0    0    0
    0    0]"
generally lacked imagination,0,3,28,"[629, 651, 964]",[629 651 964   0   0   0   0   0   0   0   0   0   0   0   0   0]
possible movie get worse this,0,5,29,"[476, 2, 25, 305, 111]",[476   2  25 305 111   0   0   0   0   0   0   0   0   0   0   0]
plot keep going first place,0,5,27,"[108, 291, 67, 42, 10]",[108 291  67  42  10   0   0   0   0   0   0   0   0   0   0   0]
even woman finally show up sign improvement expected thing happen time film over might far asleep,0,16,97,"[19, 975, 432, 123, 181, 833, 1501, 435, 31, 1447, 8, 5, 462, 562, 90, 1502]","[  19  975  432  123  181  833 1501  435   31 1447    8    5  462  562
   90 1502]"
beware trashy cult movie trash period,0,6,37,"[1062, 2539, 639, 2, 654, 579]","[1062 2539  639    2  654  579    0    0    0    0    0    0    0    0
    0    0]"
can t believe there even sequel this,0,7,36,"[106, 74, 300, 115, 19, 2540, 111]","[ 106   74  300  115   19 2540  111    0    0    0    0    0    0    0
    0    0]"
precisely giving bad review,0,4,27,"[2541, 1063, 15, 258]","[2541 1063   15  258    0    0    0    0    0    0    0    0    0    0
    0    0]"
child truly enjoyed show proudly say enjoyed big time even classical wb cartoon,1,13,79,"[414, 304, 214, 123, 2542, 55, 214, 151, 8, 19, 2543, 2544, 834]","[ 414  304  214  123 2542   55  214  151    8   19 2543 2544  834    0
    0    0]"
tiny toon kept vibe delivered one popular funny underrated cartoon ever created,1,12,79,"[1064, 2545, 345, 835, 2546, 6, 1394, 177, 2547, 834, 20, 811]","[1064 2545  345  835 2546    6 1394  177 2547  834   20  811    0    0
    0    0]"
memory murky say enjoyed every single episode product related show,1,10,66,"[656, 2548, 55, 214, 70, 457, 755, 30, 2549, 123]","[ 656 2548   55  214   70  457  755   30 2549  123    0    0    0    0
    0    0]"
easily none cartoon made laugh tender way before getting dark sitcom oriented teenager,1,13,86,"[321, 385, 834, 28, 1017, 436, 43, 555, 280, 1065, 2550, 2551, 2552]","[ 321  385  834   28 1017  436   43  555  280 1065 2550 2551 2552    0
    0    0]"
character funny peculiarity true lead character,1,6,47,"[39, 177, 2553, 742, 641, 39]","[  39  177 2553  742  641   39    0    0    0    0    0    0    0    0
    0    0]"
every single character hilarious deserved called lead,1,7,53,"[70, 457, 39, 734, 2554, 783, 641]","[  70  457   39  734 2554  783  641    0    0    0    0    0    0    0
    0    0]"
every element story top excessively phony contrived painful sit through,0,10,71,"[70, 1503, 98, 316, 2555, 2556, 2557, 1066, 1504, 2558]","[  70 1503   98  316 2555 2556 2557 1066 1504 2558    0    0    0    0
    0    0]"
perabo nice energy level obviously comfortable front camera,1,8,59,"[2559, 32, 749, 542, 460, 142, 463, 164]","[2559   32  749  542  460  142  463  164    0    0    0    0    0    0
    0    0]"
simply excuse something poorly done,0,5,35,"[203, 809, 362, 667, 208]",[203 809 362 667 208   0   0   0   0   0   0   0   0   0   0   0]
saw movie thought stupid movie,0,5,30,"[257, 2, 128, 206, 2]",[257   2 128 206   2   0   0   0   0   0   0   0   0   0   0   0]
even stupid thought idea volcano los angeles,0,7,44,"[19, 206, 128, 661, 1505, 1067, 1068]","[  19  206  128  661 1505 1067 1068    0    0    0    0    0    0    0
    0    0]"
honest you unbelievable nonsense foolish,0,5,40,"[836, 217, 668, 1069, 2560]","[ 836  217  668 1069 2560    0    0    0    0    0    0    0    0    0
    0    0]"
conclusion bother movie volcano los angeles nothing nonsense,0,8,60,"[821, 585, 2, 1505, 1067, 1068, 95, 1069]","[ 821  585    2 1505 1067 1068   95 1069    0    0    0    0    0    0
    0    0]"
story line awful,0,3,16,"[98, 130, 137]",[ 98 130 137   0   0   0   0   0   0   0   0   0   0   0   0   0]
painful,0,1,7,[1066],"[1066    0    0    0    0    0    0    0    0    0    0    0    0    0
    0    0]"
accent absolutely abysmal,0,3,25,"[2561, 131, 1506]","[2561  131 1506    0    0    0    0    0    0    0    0    0    0    0
    0    0]"
there also enough hypocrisy film make vomit,0,7,43,"[115, 23, 61, 2562, 5, 29, 1507]","[ 115   23   61 2562    5   29 1507    0    0    0    0    0    0    0
    0    0]"
waste time watching rubbish non researched film,0,7,47,"[84, 8, 152, 2563, 630, 2564, 5]","[  84    8  152 2563  630 2564    5    0    0    0    0    0    0    0
    0    0]"
believe pitch black done well,1,5,29,"[300, 2565, 222, 208, 16]","[ 300 2565  222  208   16    0    0    0    0    0    0    0    0    0
    0    0]"
character interesting want find longer movie go on think people surprised make it,1,13,81,"[39, 241, 94, 148, 586, 2, 21, 301, 45, 68, 1070, 29, 7]","[  39  241   94  148  586    2   21  301   45   68 1070   29    7    0
    0    0]"
go watch it,1,3,11,"[21, 160, 7]",[ 21 160   7   0   0   0   0   0   0   0   0   0   0   0   0   0]
omit watching this,0,3,18,"[2566, 152, 111]","[2566  152  111    0    0    0    0    0    0    0    0    0    0    0
    0    0]"
character interesting really care them,1,5,38,"[39, 241, 13, 380, 332]",[ 39 241  13 380 332   0   0   0   0   0   0   0   0   0   0   0]
instant classic great soundtrack catchy song ending credit,1,8,58,"[2567, 418, 3, 653, 2568, 454, 379, 829]","[2567  418    3  653 2568  454  379  829    0    0    0    0    0    0
    0    0]"
miss it,1,2,7,"[1508, 7]","[1508    7    0    0    0    0    0    0    0    0    0    0    0    0
    0    0]"
continuously beautiful look bertolucci relationship convincing narrative engaging master work,1,10,93,"[2569, 189, 48, 2570, 800, 746, 995, 1509, 1071, 14]","[2569  189   48 2570  800  746  995 1509 1071   14    0    0    0    0
    0    0]"
basic premise wasted since sidelined inexplicable focus documentary crew,0,9,72,"[1510, 979, 359, 149, 2571, 2572, 2573, 665, 2574]","[1510  979  359  149 2571 2572 2573  665 2574    0    0    0    0    0
    0    0]"
regardless film fails level,0,4,27,"[2575, 5, 425, 542]","[2575    5  425  542    0    0    0    0    0    0    0    0    0    0
    0    0]"
avoid cost,0,2,10,"[225, 412]",[225 412   0   0   0   0   0   0   0   0   0   0   0   0   0   0]
saw film christmas great film wa,1,6,32,"[257, 5, 837, 3, 5, 497]",[257   5 837   3   5 497   0   0   0   0   0   0   0   0   0   0]
thought errol flynn brilliant custer since become favourite actor,1,9,65,"[128, 1511, 1512, 472, 2576, 149, 575, 1010, 121]","[ 128 1511 1512  472 2576  149  575 1010  121    0    0    0    0    0
    0    0]"
acting alongside olivia de havilland brilliant ending fantastic,1,8,63,"[57, 2577, 2578, 1371, 2579, 472, 379, 167]","[  57 2577 2578 1371 2579  472  379  167    0    0    0    0    0    0
    0    0]"
always known errol flynn brilliant actor dad favourite actor grew watching film child,1,13,85,"[125, 1072, 1511, 1512, 472, 121, 2580, 1010, 121, 2581, 152, 5, 414]","[ 125 1072 1511 1512  472  121 2580 1010  121 2581  152    5  414    0
    0    0]"
watched film realised great actually wa,1,6,39,"[331, 5, 2582, 3, 205, 497]","[ 331    5 2582    3  205  497    0    0    0    0    0    0    0    0
    0    0]"
give film,1,2,9,"[107, 5]",[107   5   0   0   0   0   0   0   0   0   0   0   0   0   0   0]
know jim o connor energetic nobody could much him george well dull,0,12,66,"[76, 2583, 1073, 2584, 2585, 960, 37, 33, 645, 2586, 16, 1513]","[  76 2583 1073 2584 2585  960   37   33  645 2586   16 1513    0    0
    0    0]"
really seem want hosting voice over monotonous get involved guest,0,10,65,"[13, 1074, 94, 2587, 326, 462, 2588, 25, 1033, 1075]","[  13 1074   94 2587  326  462 2588   25 1033 1075    0    0    0    0
    0    0]"
nevertheless yet another wonderful film great master stable,1,8,59,"[2589, 377, 136, 110, 5, 3, 1071, 2590]","[2589  377  136  110    5    3 1071 2590    0    0    0    0    0    0
    0    0]"
say film excellently produced top rating typical sci fi film,1,10,60,"[55, 5, 1514, 1515, 316, 474, 1516, 1517, 1076, 5]","[  55    5 1514 1515  316  474 1516 1517 1076    5    0    0    0    0
    0    0]"
excellently produced one sci fi best producer scot vandiver,1,9,59,"[1514, 1515, 6, 1517, 1076, 18, 1419, 2591, 2592]","[1514 1515    6 1517 1076   18 1419 2591 2592    0    0    0    0    0
    0    0]"
entertaining nonetheless,1,2,24,"[793, 2593]","[ 793 2593    0    0    0    0    0    0    0    0    0    0    0    0
    0    0]"
campy sort film that joy watch,1,6,30,"[2594, 1046, 5, 82, 635, 160]","[2594 1046    5   82  635  160    0    0    0    0    0    0    0    0
    0    0]"
there barely boring moment film plenty humorous part,1,8,52,"[115, 333, 329, 957, 5, 1029, 1440, 135]","[ 115  333  329  957    5 1029 1440  135    0    0    0    0    0    0
    0    0]"
cast always entertaining usual,1,4,30,"[190, 125, 793, 780]",[190 125 793 780   0   0   0   0   0   0   0   0   0   0   0   0]
overall delight,1,2,15,"[159, 587]",[159 587   0   0   0   0   0   0   0   0   0   0   0   0   0   0]
movie mind bendingly awful even created,0,6,39,"[2, 409, 2595, 137, 19, 811]","[   2  409 2595  137   19  811    0    0    0    0    0    0    0    0
    0    0]"
least said acting better,0,4,24,"[262, 219, 57, 36]",[262 219  57  36   0   0   0   0   0   0   0   0   0   0   0   0]
movie excellent job revealing complexity task incredible challenge facing south africa,1,11,86,"[2, 34, 138, 1518, 2596, 2597, 273, 2598, 2599, 1519, 1520]","[   2   34  138 1518 2596 2597  273 2598 2599 1519 1520    0    0    0
    0    0]"
believe every one see movie think people outside south africa understand past attempted truth reconciliation process,1,16,116,"[300, 70, 6, 50, 2, 45, 68, 507, 1519, 1520, 303, 1060, 2600, 2601, 2602, 1521]","[ 300   70    6   50    2   45   68  507 1519 1520  303 1060 2600 2601
 2602 1521]"
nothing short magnificent photography cinematography film,1,6,57,"[95, 238, 2603, 1522, 361, 5]","[  95  238 2603 1522  361    5    0    0    0    0    0    0    0    0
    0    0]"
acting fantastic story seamlessly woven together dog splendid must rent view see,1,12,80,"[57, 167, 98, 1523, 2604, 411, 838, 2605, 155, 557, 1443, 50]","[  57  167   98 1523 2604  411  838 2605  155  557 1443   50    0    0
    0    0]"
afraid subtitle worth little aversion therapy,1,6,45,"[1293, 2606, 93, 63, 2607, 2608]","[1293 2606   93   63 2607 2608    0    0    0    0    0    0    0    0
    0    0]"
excellent performance,1,2,21,"[34, 178]",[ 34 178   0   0   0   0   0   0   0   0   0   0   0   0   0   0]
still good actor around,1,4,23,"[56, 1, 121, 166]",[ 56   1 121 166   0   0   0   0   0   0   0   0   0   0   0   0]
also great directing photography,1,4,32,"[23, 3, 406, 1522]","[  23    3  406 1522    0    0    0    0    0    0    0    0    0    0
    0    0]"
true shakespear must shakespear fan,1,5,35,"[742, 1524, 155, 1524, 378]","[ 742 1524  155 1524  378    0    0    0    0    0    0    0    0    0
    0    0]"
helen baxendale credible lady macbeth cheerfull time sometimes look like naughty girl deadly taste blood evil,1,16,109,"[2609, 2610, 2611, 669, 2612, 2613, 8, 636, 48, 11, 2614, 365, 2615, 226, 1325, 1525]","[2609 2610 2611  669 2612 2613    8  636   48   11 2614  365 2615  226
 1325 1525]"
love death decay shakespears lyric one,1,6,38,"[26, 817, 2616, 2617, 2618, 6]","[  26  817 2616 2617 2618    6    0    0    0    0    0    0    0    0
    0    0]"
witty delightful adaptation dr seuss book brilliantly animated upa finest thoroughly deserving academy award,1,14,108,"[1353, 1077, 2619, 2620, 2621, 465, 2622, 2623, 2624, 2625, 787, 1479, 2626, 1478]","[1353 1077 2619 2620 2621  465 2622 2623 2624 2625  787 1479 2626 1478
    0    0]"
special mention made superb music score sound effect integral element helping make memorable enjoyable cartoon,1,15,110,"[223, 824, 28, 500, 175, 1038, 35, 263, 2627, 1503, 2628, 29, 794, 1051, 834]","[ 223  824   28  500  175 1038   35  263 2627 1503 2628   29  794 1051
  834    0]"
however paul schrader indeed made film about mishima superb complex,1,10,67,"[161, 1487, 1335, 1078, 28, 5, 1266, 1330, 500, 1347]","[ 161 1487 1335 1078   28    5 1266 1330  500 1347    0    0    0    0
    0    0]"
even allowing poor production value time format some kind mini series baaaaaad,0,12,78,"[19, 1526, 101, 922, 339, 8, 2629, 2630, 204, 1079, 323, 2631]","[  19 1526  101  922  339    8 2629 2630  204 1079  323 2631    0    0
    0    0]"
unless visually collect extant film austen work skip one,0,9,56,"[508, 1355, 2632, 2633, 5, 2634, 14, 1527, 6]","[ 508 1355 2632 2633    5 2634   14 1527    6    0    0    0    0    0
    0    0]"
watch it however small consolation actress playing anne sister wonderful job role,1,12,81,"[160, 7, 161, 182, 2635, 563, 473, 938, 739, 110, 138, 577]","[ 160    7  161  182 2635  563  473  938  739  110  138  577    0    0
    0    0]"
good,0,1,4,[1],[1 0 0 0 0 0 0 0 0 0 0 0 0 0 0 0]
speaking music unbearably predictably kitchy,0,5,44,"[2636, 175, 2637, 1310, 2638]","[2636  175 2637 1310 2638    0    0    0    0    0    0    0    0    0
    0    0]"
film dropped ball,0,3,17,"[5, 386, 986]",[  5 386 986   0   0   0   0   0   0   0   0   0   0   0   0   0]
stunning movie,1,2,14,"[997, 2]",[997   2   0   0   0   0   0   0   0   0   0   0   0   0   0   0]
raw sublimely moving,1,3,20,"[2639, 2640, 611]","[2639 2640  611    0    0    0    0    0    0    0    0    0    0    0
    0    0]"
main player mesmerising,1,3,23,"[615, 430, 2641]","[ 615  430 2641    0    0    0    0    0    0    0    0    0    0    0
    0    0]"
julian fellowes triumphed again,1,4,31,"[2642, 2643, 2644, 69]","[2642 2643 2644   69    0    0    0    0    0    0    0    0    0    0
    0    0]"
national treasure,1,2,17,"[2645, 2646]","[2645 2646    0    0    0    0    0    0    0    0    0    0    0    0
    0    0]"
go see it,1,3,9,"[21, 50, 7]",[21 50  7  0  0  0  0  0  0  0  0  0  0  0  0  0]
excellent film,1,2,14,"[34, 5]",[34  5  0  0  0  0  0  0  0  0  0  0  0  0  0  0]
aerial scene well done,1,4,22,"[2647, 78, 16, 208]","[2647   78   16  208    0    0    0    0    0    0    0    0    0    0
    0    0]"
also right balance war love,1,5,27,"[23, 64, 1061, 2648, 26]","[  23   64 1061 2648   26    0    0    0    0    0    0    0    0    0
    0    0]"
film give meaning phrase never history human conflict much owed many few,1,12,72,"[5, 107, 730, 2649, 38, 617, 503, 962, 33, 2650, 117, 2651]","[   5  107  730 2649   38  617  503  962   33 2650  117 2651    0    0
    0    0]"
kris kristoffersen good movie really make difference,1,7,52,"[2652, 2653, 1, 2, 13, 29, 1528]","[2652 2653    1    2   13   29 1528    0    0    0    0    0    0    0
    0    0]"
good film great director,1,4,24,"[1, 5, 3, 265]",[  1   5   3 265   0   0   0   0   0   0   0   0   0   0   0   0]
definitely one better documentary seen looking family relationship marriage,1,9,75,"[65, 6, 36, 665, 99, 346, 193, 800, 2654]","[  65    6   36  665   99  346  193  800 2654    0    0    0    0    0
    0    0]"
great movie,1,2,11,"[3, 2]",[3 2 0 0 0 0 0 0 0 0 0 0 0 0 0 0]
star,1,1,4,[81],[81  0  0  0  0  0  0  0  0  0  0  0  0  0  0  0]
can t see movie inspiration anyone come overcome fear rejection,0,10,63,"[106, 74, 50, 2, 2655, 129, 119, 2656, 959, 2657]","[ 106   74   50    2 2655  129  119 2656  959 2657    0    0    0    0
    0    0]"
bad actually worth seeing reason,0,5,32,"[15, 205, 93, 488, 504]",[ 15 205  93 488 504   0   0   0   0   0   0   0   0   0   0   0]
punishment park brilliant piece cinema,1,5,38,"[2658, 2659, 472, 80, 407]","[2658 2659  472   80  407    0    0    0    0    0    0    0    0    0
    0    0]"
shot southern california desert using patent faux documentary style watkins creates film like other,1,14,99,"[327, 2660, 2661, 2662, 251, 2663, 1252, 665, 433, 1529, 1436, 5, 11, 803]","[ 327 2660 2661 2662  251 2663 1252  665  433 1529 1436    5   11  803
    0    0]"
one peter watkins accessible film,1,5,33,"[6, 1530, 1529, 2664, 5]","[   6 1530 1529 2664    5    0    0    0    0    0    0    0    0    0
    0    0]"
advise look it,1,3,14,"[756, 48, 7]",[756  48   7   0   0   0   0   0   0   0   0   0   0   0   0   0]
wont regret it,1,3,14,"[1531, 936, 7]","[1531  936    7    0    0    0    0    0    0    0    0    0    0    0
    0    0]"
highly recommended a,1,3,20,"[116, 384, 657]",[116 384 657   0   0   0   0   0   0   0   0   0   0   0   0   0]
well keep thinking bad is,0,5,25,"[16, 291, 1080, 15, 165]","[  16  291 1080   15  165    0    0    0    0    0    0    0    0    0
    0    0]"
mediocre miserable hollow laughable predictable piece garbage,0,7,61,"[387, 2665, 1532, 1081, 320, 80, 493]","[ 387 2665 1532 1081  320   80  493    0    0    0    0    0    0    0
    0    0]"
case so bad laughable,0,4,21,"[52, 556, 15, 1081]","[  52  556   15 1081    0    0    0    0    0    0    0    0    0    0
    0    0]"
bad performance play angela bennett computer expert home time,0,9,61,"[15, 178, 295, 2666, 2667, 670, 1533, 388, 8]","[  15  178  295 2666 2667  670 1533  388    8    0    0    0    0    0
    0    0]"
film nothing pretext show ridiculous action scene,0,7,49,"[5, 95, 2668, 123, 799, 424, 78]","[   5   95 2668  123  799  424   78    0    0    0    0    0    0    0
    0    0]"
awful is,0,2,8,"[137, 165]",[137 165   0   0   0   0   0   0   0   0   0   0   0   0   0   0]
still bad actress repeating robotic face move picture,0,8,53,"[56, 15, 563, 2669, 2670, 404, 1441, 176]","[  56   15  563 2669 2670  404 1441  176    0    0    0    0    0    0
    0    0]"
result well shame,0,3,17,"[588, 16, 1480]","[ 588   16 1480    0    0    0    0    0    0    0    0    0    0    0
    0    0]"
delete film mind,0,3,16,"[2671, 5, 409]","[2671    5  409    0    0    0    0    0    0    0    0    0    0    0
    0    0]"
one worst show time,0,4,19,"[6, 51, 123, 8]",[  6  51 123   8   0   0   0   0   0   0   0   0   0   0   0   0]
show would begin smart as ed comment would totally wall uncalled for,0,12,68,"[123, 17, 1534, 1014, 1535, 933, 1050, 17, 158, 437, 2672, 495]","[ 123   17 1534 1014 1535  933 1050   17  158  437 2672  495    0    0
    0    0]"
fat computer geek unbelievable bible thumper bad as girl actor,0,10,62,"[1536, 670, 2673, 668, 2674, 2675, 15, 1535, 365, 121]","[1536  670 2673  668 2674 2675   15 1535  365  121    0    0    0    0
    0    0]"
never heard except cole totally unbelievable part,0,7,49,"[38, 839, 1537, 1538, 158, 668, 135]","[  38  839 1537 1538  158  668  135    0    0    0    0    0    0    0
    0    0]"
every time opened mouth expect hear you see kid pulling plug mercy killing horrible show,0,15,88,"[70, 8, 1045, 551, 252, 224, 217, 50, 292, 2676, 281, 1423, 1424, 163, 123]","[  70    8 1045  551  252  224  217   50  292 2676  281 1423 1424  163
  123    0]"
story unbelievable actor,0,3,24,"[98, 668, 121]",[ 98 668 121   0   0   0   0   0   0   0   0   0   0   0   0   0]
lame would best way describe it,0,6,31,"[789, 17, 18, 43, 1082, 7]","[ 789   17   18   43 1082    7    0    0    0    0    0    0    0    0
    0    0]"
stanwyck morgan perfectly cast is many way modern equivalent dickens christmas carol sensibility,1,13,96,"[1043, 1257, 279, 190, 165, 117, 43, 1021, 2677, 2678, 837, 2679, 2680]","[1043 1257  279  190  165  117   43 1021 2677 2678  837 2679 2680    0
    0    0]"
success film depends casting sydney greenstreet alexander yardley character,1,9,75,"[2681, 5, 2682, 614, 2683, 2684, 1272, 2685, 39]","[2681    5 2682  614 2683 2684 1272 2685   39    0    0    0    0    0
    0    0]"
attractive set used throughout film eye pleasing gem,1,8,52,"[1539, 248, 109, 808, 5, 567, 2686, 740]","[1539  248  109  808    5  567 2686  740    0    0    0    0    0    0
    0    0]"
im big fan rpg game too movie disgrace self respecting rpger is,0,12,63,"[840, 151, 378, 2687, 260, 179, 2, 1540, 479, 2688, 2689, 165]","[ 840  151  378 2687  260  179    2 1540  479 2688 2689  165    0    0
    0    0]"
line cut audio everything wrong,0,5,31,"[130, 589, 509, 60, 318]",[130 589 509  60 318   0   0   0   0   0   0   0   0   0   0   0]
find better movie youtube,0,4,25,"[148, 36, 2, 2690]","[ 148   36    2 2690    0    0    0    0    0    0    0    0    0    0
    0    0]"
top line waste time money one bad come,0,8,38,"[316, 130, 84, 8, 85, 6, 15, 119]",[316 130  84   8  85   6  15 119   0   0   0   0   0   0   0   0]
lassie movie put sleep forever,0,5,30,"[2691, 2, 259, 2692, 671]","[2691    2  259 2692  671    0    0    0    0    0    0    0    0    0
    0    0]"
that describe painfully dreary time waster film,0,7,47,"[82, 1082, 2693, 2694, 8, 2695, 5]","[  82 1082 2693 2694    8 2695    5    0    0    0    0    0    0    0
    0    0]"
mediocre every aspect becomes dull uninteresting mess one forgettable movie seen,0,11,80,"[387, 70, 741, 2696, 1513, 1331, 342, 6, 2697, 2, 99]","[ 387   70  741 2696 1513 1331  342    6 2697    2   99    0    0    0
    0    0]"
even achievement so bad it good so bad it memorable movie,0,11,57,"[19, 1541, 556, 15, 7, 1, 556, 15, 7, 794, 2]","[  19 1541  556   15    7    1  556   15    7  794    2    0    0    0
    0    0]"
empty hollow shell movie,0,4,24,"[613, 1532, 2698, 2]","[ 613 1532 2698    2    0    0    0    0    0    0    0    0    0    0
    0    0]"
seriously worth wasting your kid time on,0,7,40,"[278, 93, 841, 2699, 292, 8, 301]","[ 278   93  841 2699  292    8  301    0    0    0    0    0    0    0
    0    0]"
avoid avoid avoid,0,3,17,"[225, 225, 225]",[225 225 225   0   0   0   0   0   0   0   0   0   0   0   0   0]
drive barking mad,0,3,17,"[491, 2700, 1308]","[ 491 2700 1308    0    0    0    0    0    0    0    0    0    0    0
    0    0]"
transfer good,1,2,13,"[1542, 1]","[1542    1    0    0    0    0    0    0    0    0    0    0    0    0
    0    0]"
nice relaxing late night viewing,1,5,32,"[32, 2701, 1083, 162, 1303]","[  32 2701 1083  162 1303    0    0    0    0    0    0    0    0    0
    0    0]"
movie full wonderful dancing hence title,1,6,40,"[2, 310, 110, 1336, 1328, 2702]","[   2  310  110 1336 1328 2702    0    0    0    0    0    0    0    0
    0    0]"
great music terrific scenery,1,4,28,"[3, 175, 948, 949]",[  3 175 948 949   0   0   0   0   0   0   0   0   0   0   0   0]
handle tough issue dignity grace and course shocking spoiler here,1,10,65,"[2703, 1543, 672, 2704, 2705, 298, 498, 2706, 784, 96]","[2703 1543  672 2704 2705  298  498 2706  784   96    0    0    0    0
    0    0]"
happy wonderful feel good ending,1,5,32,"[120, 110, 118, 1, 379]",[120 110 118   1 379   0   0   0   0   0   0   0   0   0   0   0]
point journey journey touch every member family,1,7,47,"[496, 1004, 1004, 510, 70, 1464, 193]","[ 496 1004 1004  510   70 1464  193    0    0    0    0    0    0    0
    0    0]"
one movie need see whenever come tv never mind fact already memorized,1,12,69,"[6, 2, 192, 50, 1544, 119, 366, 38, 409, 266, 769, 2707]","[   6    2  192   50 1544  119  366   38  409  266  769 2707    0    0
    0    0]"
nothing new there,0,3,17,"[95, 86, 115]",[ 95  86 115   0   0   0   0   0   0   0   0   0   0   0   0   0]
done second movie,0,3,17,"[208, 341, 2]",[208 341   2   0   0   0   0   0   0   0   0   0   0   0   0   0]
movie almost action scene little comedy,0,6,39,"[2, 293, 424, 78, 63, 663]",[  2 293 424  78  63 663   0   0   0   0   0   0   0   0   0   0]
plot hole pair fishnet stocking direction editing astonishingly ham fisted,0,10,74,"[108, 590, 842, 2708, 2709, 638, 541, 2710, 2711, 2712]","[ 108  590  842 2708 2709  638  541 2710 2711 2712    0    0    0    0
    0    0]"
earth iron film,0,3,15,"[1545, 2713, 5]","[1545 2713    5    0    0    0    0    0    0    0    0    0    0    0
    0    0]"
saw film recommend it,1,4,21,"[257, 5, 40, 7]",[257   5  40   7   0   0   0   0   0   0   0   0   0   0   0   0]
good plot hold complete attention acting superb tom wilkinson fantastic emily watson also good,1,14,94,"[1, 108, 309, 1084, 781, 57, 500, 1263, 2714, 167, 1546, 1547, 23, 1]","[   1  108  309 1084  781   57  500 1263 2714  167 1546 1547   23    1
    0    0]"
good film indeed great unconditional love,1,6,41,"[1, 5, 1078, 3, 2715, 26]","[   1    5 1078    3 2715   26    0    0    0    0    0    0    0    0
    0    0]"
emily watson character strong give quick glance understand everything,1,9,69,"[1546, 1547, 39, 363, 107, 438, 1035, 303, 60]","[1546 1547   39  363  107  438 1035  303   60    0    0    0    0    0
    0    0]"
despite pan reviewer liked movie,1,5,32,"[546, 1548, 1085, 239, 2]","[ 546 1548 1085  239    2    0    0    0    0    0    0    0    0    0
    0    0]"
fact liked better interview vampire liked lestat stuart townsend better cruise attempt,1,12,86,"[266, 239, 36, 2716, 2717, 239, 2718, 2719, 2720, 36, 2721, 770]","[ 266  239   36 2716 2717  239 2718 2719 2720   36 2721  770    0    0
    0    0]"
aailiyah pretty good akasha place compelling her first entrance mini dance scene,1,12,80,"[2722, 46, 1, 2723, 10, 1549, 2724, 42, 2725, 1079, 1086, 78]","[2722   46    1 2723   10 1549 2724   42 2725 1079 1086   78    0    0
    0    0]"
big fan series mostly due anne rice style sensitivity treatment,1,10,63,"[151, 378, 323, 483, 830, 938, 673, 433, 2726, 2727]","[ 151  378  323  483  830  938  673  433 2726 2727    0    0    0    0
    0    0]"
guess liked detail dysfunction he believable,1,6,44,"[358, 239, 2728, 2729, 2730, 549]","[ 358  239 2728 2729 2730  549    0    0    0    0    0    0    0    0
    0    0]"
football scene end perplexing,0,4,29,"[2731, 78, 154, 2732]","[2731   78  154 2732    0    0    0    0    0    0    0    0    0    0
    0    0]"
thought acting skilled,1,3,22,"[128, 57, 2733]","[ 128   57 2733    0    0    0    0    0    0    0    0    0    0    0
    0    0]"
meredith better right,1,3,21,"[2734, 36, 64]","[2734   36   64    0    0    0    0    0    0    0    0    0    0    0
    0    0]"
charming film wonderful sentiment heart,1,5,39,"[1550, 5, 110, 1551, 434]","[1550    5  110 1551  434    0    0    0    0    0    0    0    0    0
    0    0]"
rare film maker take time tell worthy moral tale care love fall trap overly syrupy indulgent,1,16,92,"[591, 5, 1276, 124, 8, 335, 2735, 2736, 738, 380, 26, 548, 1552, 1553, 2737, 1323]","[ 591    5 1276  124    8  335 2735 2736  738  380   26  548 1552 1553
 2737 1323]"
nine ten truly lovely film,1,5,26,"[2738, 823, 304, 843, 5]","[2738  823  304  843    5    0    0    0    0    0    0    0    0    0
    0    0]"
early film future goremeister lucio fulci good addition giallo sub genre,1,11,72,"[1054, 5, 1262, 2739, 2740, 1554, 1, 991, 1087, 1088, 1555]","[1054    5 1262 2739 2740 1554    1  991 1087 1088 1555    0    0    0
    0    0]"
one best italian thriller early,1,5,31,"[6, 18, 844, 649, 1054]","[   6   18  844  649 1054    0    0    0    0    0    0    0    0    0
    0    0]"
standout scene,1,2,14,"[2741, 78]","[2741   78    0    0    0    0    0    0    0    0    0    0    0    0
    0    0]"
scene strong unpleasant,0,3,23,"[78, 363, 2742]","[  78  363 2742    0    0    0    0    0    0    0    0    0    0    0
    0    0]"
still wild stuff though highly recommended fan giallo cinema,1,9,60,"[56, 1556, 674, 215, 116, 384, 378, 1087, 407]","[  56 1556  674  215  116  384  378 1087  407    0    0    0    0    0
    0    0]"
movie interesting beginning end,1,4,31,"[2, 241, 1557, 154]","[   2  241 1557  154    0    0    0    0    0    0    0    0    0    0
    0    0]"
liked way dustin hoffman character ready everything stay son,1,9,60,"[239, 43, 2743, 2744, 39, 1030, 60, 282, 1089]","[ 239   43 2743 2744   39 1030   60  282 1089    0    0    0    0    0
    0    0]"
movie also revealing,1,3,20,"[2, 23, 1518]","[   2   23 1518    0    0    0    0    0    0    0    0    0    0    0
    0    0]"
personally think show people learn find compromise self without involving people issue,1,12,86,"[1558, 45, 123, 68, 1026, 148, 1559, 479, 244, 2745, 68, 672]","[1558   45  123   68 1026  148 1559  479  244 2745   68  672    0    0
    0    0]"
tired cliche lazy writing come thick fast,0,7,41,"[2746, 940, 1258, 264, 119, 1560, 253]","[2746  940 1258  264  119 1560  253    0    0    0    0    0    0    0
    0    0]"
p scene movie cool central character find room blown up,1,10,55,"[1561, 78, 2, 200, 1298, 39, 148, 571, 1562, 181]","[1561   78    2  200 1298   39  148  571 1562  181    0    0    0    0
    0    0]"
fresh subtle rather sublime effect,1,5,34,"[191, 568, 237, 1360, 263]","[ 191  568  237 1360  263    0    0    0    0    0    0    0    0    0
    0    0]"
italian reviewer called a small great film that right,1,9,53,"[844, 1085, 783, 657, 182, 3, 5, 82, 64]","[ 844 1085  783  657  182    3    5   82   64    0    0    0    0    0
    0    0]"
learn lot real inside emotion people movie lot movie business itself,1,11,68,"[1026, 79, 91, 347, 1313, 68, 2, 79, 2, 468, 2747]","[1026   79   91  347 1313   68    2   79    2  468 2747    0    0    0
    0    0]"
movie movie situation beginning game played acting coach fascinating,1,9,68,"[2, 2, 806, 1557, 260, 420, 57, 2748, 1437]","[   2    2  806 1557  260  420   57 2748 1437    0    0    0    0    0
    0    0]"
also music mark snow possibly best score ever heard,1,9,51,"[23, 175, 1090, 2749, 1008, 18, 1038, 20, 839]","[  23  175 1090 2749 1008   18 1038   20  839    0    0    0    0    0
    0    0]"
forget movie,1,2,12,"[797, 2]",[797   2   0   0   0   0   0   0   0   0   0   0   0   0   0   0]
film made,0,2,9,"[5, 28]",[ 5 28  0  0  0  0  0  0  0  0  0  0  0  0  0  0]
film ultra cheap look it,0,5,24,"[5, 2750, 180, 48, 7]","[   5 2750  180   48    7    0    0    0    0    0    0    0    0    0
    0    0]"
result film look right,0,4,22,"[588, 5, 48, 64]",[588   5  48  64   0   0   0   0   0   0   0   0   0   0   0   0]
none engaging exciting,0,3,22,"[385, 1509, 2751]","[ 385 1509 2751    0    0    0    0    0    0    0    0    0    0    0
    0    0]"
plot nonsense interest slightest way uniqueness it,0,7,50,"[108, 1069, 994, 1563, 43, 2752, 7]","[ 108 1069  994 1563   43 2752    7    0    0    0    0    0    0    0
    0    0]"
foreigner worth one second time,0,5,31,"[2753, 93, 6, 341, 8]","[2753   93    6  341    8    0    0    0    0    0    0    0    0    0
    0    0]"
saw child tv back the stranger loved it,1,8,39,"[257, 414, 366, 22, 245, 1564, 134, 7]","[ 257  414  366   22  245 1564  134    7    0    0    0    0    0    0
    0    0]"
movie awesome,1,2,13,"[2, 139]",[  2 139   0   0   0   0   0   0   0   0   0   0   0   0   0   0]
loved it really scary,1,4,21,"[134, 7, 13, 1565]","[ 134    7   13 1565    0    0    0    0    0    0    0    0    0    0
    0    0]"
love scream movie horror movie one rank way there,1,9,49,"[26, 1566, 2, 368, 2, 6, 1002, 43, 115]","[  26 1566    2  368    2    6 1002   43  115    0    0    0    0    0
    0    0]"
want real scare rent one,1,5,24,"[94, 91, 2754, 557, 6]","[  94   91 2754  557    6    0    0    0    0    0    0    0    0    0
    0    0]"
extraordinary film,1,2,18,"[1567, 5]","[1567    5    0    0    0    0    0    0    0    0    0    0    0    0
    0    0]"
courtroom drama compelling indictment american justice system frightening,1,8,73,"[1568, 426, 1549, 2755, 1032, 2756, 2757, 1039]","[1568  426 1549 2755 1032 2756 2757 1039    0    0    0    0    0    0
    0    0]"
film highlight fundamental flaw legal process discovering guilt innocence rather present better court,1,13,101,"[5, 1091, 2758, 559, 2759, 1521, 1569, 2760, 2761, 237, 978, 36, 1570]","[   5 1091 2758  559 2759 1521 1569 2760 2761  237  978   36 1570    0
    0    0]"
film well paced understated one best courtroom documentary seen,1,9,63,"[5, 16, 945, 1571, 6, 18, 1568, 665, 99]","[   5   16  945 1571    6   18 1568  665   99    0    0    0    0    0
    0    0]"
mostly routine fact based tv drama get boost fine performance cole,1,11,66,"[483, 2762, 266, 1572, 366, 426, 25, 1573, 141, 178, 1538]","[ 483 2762  266 1572  366  426   25 1573  141  178 1538    0    0    0
    0    0]"
predictable bad watch,1,3,21,"[320, 15, 160]",[320  15 160   0   0   0   0   0   0   0   0   0   0   0   0   0]
clear range ability pull part,1,5,29,"[254, 592, 675, 620, 135]",[254 592 675 620 135   0   0   0   0   0   0   0   0   0   0   0]
carry movie well,1,3,16,"[1092, 2, 16]","[1092    2   16    0    0    0    0    0    0    0    0    0    0    0
    0    0]"
constantine give everything right intensity seems good understanding underlying psychological motivation,1,11,104,"[2763, 107, 60, 64, 2764, 421, 1, 1574, 2765, 1348, 2766]","[2763  107   60   64 2764  421    1 1574 2765 1348 2766    0    0    0
    0    0]"
wonderful inspiring watch hope get released video dvd,1,8,53,"[110, 2767, 160, 427, 25, 1001, 676, 1405]","[ 110 2767  160  427   25 1001  676 1405    0    0    0    0    0    0
    0    0]"
piece trash ever released beyond me acting story character supposedly special effect etc it wrong,0,15,97,"[80, 654, 20, 1001, 481, 103, 57, 98, 39, 1575, 223, 263, 561, 7, 318]","[  80  654   20 1001  481  103   57   98   39 1575  223  263  561    7
  318    0]"
fact stinker smell like direct to video release,0,8,47,"[266, 2768, 845, 11, 2769, 375, 676, 2770]","[ 266 2768  845   11 2769  375  676 2770    0    0    0    0    0    0
    0    0]"
star trek v final frontier worst series,0,7,39,"[81, 2771, 1093, 1053, 2772, 51, 323]","[  81 2771 1093 1053 2772   51  323    0    0    0    0    0    0    0
    0    0]"
place good film garbage,0,4,23,"[10, 1, 5, 493]",[ 10   1   5 493   0   0   0   0   0   0   0   0   0   0   0   0]
worst one series,0,3,16,"[51, 6, 323]",[ 51   6 323   0   0   0   0   0   0   0   0   0   0   0   0   0]
editing editing film phenomenal opinion,1,5,39,"[541, 541, 5, 1576, 1577]","[ 541  541    5 1576 1577    0    0    0    0    0    0    0    0    0
    0    0]"
cinematography film shot interesting way,1,5,40,"[361, 5, 327, 241, 43]",[361   5 327 241  43   0   0   0   0   0   0   0   0   0   0   0]
course footage grainy enhanced film,1,5,35,"[498, 2773, 2774, 2775, 5]","[ 498 2773 2774 2775    5    0    0    0    0    0    0    0    0    0
    0    0]"
film offer many delight surprise,1,5,32,"[5, 565, 117, 587, 1578]","[   5  565  117  587 1578    0    0    0    0    0    0    0    0    0
    0    0]"
achille philippa beautifully sing duet don giovanni perfectly describes situation movie appreciate subtle layer excellent film,1,16,126,"[2776, 2777, 1579, 2778, 2779, 1580, 2780, 279, 2781, 806, 2, 1094, 568, 2782, 34, 5]","[2776 2777 1579 2778 2779 1580 2780  279 2781  806    2 1094  568 2782
   34    5]"
story unfolds th century jutland use period music played period instrument one fine touch,1,14,89,"[98, 1358, 622, 1454, 2783, 44, 579, 175, 420, 579, 2784, 6, 141, 510]","[  98 1358  622 1454 2783   44  579  175  420  579 2784    6  141  510
    0    0]"
understated film leaf lasting impression,1,5,40,"[1571, 5, 792, 1095, 2785]","[1571    5  792 1095 2785    0    0    0    0    0    0    0    0    0
    0    0]"
warmth generates contrast austere backdrop,1,5,42,"[1264, 2786, 1359, 2787, 2788]","[1264 2786 1359 2787 2788    0    0    0    0    0    0    0    0    0
    0    0]"
leave theater wanting go dance star,1,6,35,"[576, 790, 2789, 21, 1086, 81]","[ 576  790 2789   21 1086   81    0    0    0    0    0    0    0    0
    0    0]"
acting expect cast top notch,1,5,28,"[57, 252, 190, 316, 2790]","[  57  252  190  316 2790    0    0    0    0    0    0    0    0    0
    0    0]"
conclusion loved it,1,3,19,"[821, 134, 7]",[821 134   7   0   0   0   0   0   0   0   0   0   0   0   0   0]
long time since entertained movie,1,5,33,"[89, 8, 149, 2791, 2]","[  89    8  149 2791    2    0    0    0    0    0    0    0    0    0
    0    0]"
struggle find anything bad say it,1,6,33,"[1581, 148, 234, 15, 55, 7]","[1581  148  234   15   55    7    0    0    0    0    0    0    0    0
    0    0]"
mark word one cult film like evil dead phantasm people still discovering falling love year line,1,16,95,"[1090, 322, 6, 639, 5, 11, 1525, 677, 2792, 68, 56, 1569, 1096, 26, 58, 130]","[1090  322    6  639    5   11 1525  677 2792   68   56 1569 1096   26
   58  130]"
pretty surprising wonderful film made hollywood generally collective head sand concerning black white issue time,1,15,112,"[46, 1416, 110, 5, 28, 1391, 629, 2793, 539, 1404, 2794, 222, 382, 672, 8]","[  46 1416  110    5   28 1391  629 2793  539 1404 2794  222  382  672
    8    0]"
plus movie rather modest budget fast running time amazing job,1,10,61,"[417, 2, 237, 1582, 616, 253, 538, 8, 62, 138]","[ 417    2  237 1582  616  253  538    8   62  138    0    0    0    0
    0    0]"
trumbull love lucy,1,3,18,"[2795, 26, 1382]","[2795   26 1382    0    0    0    0    0    0    0    0    0    0    0
    0    0]"
see kid chance it open amazing dialog far race relation come last year,1,13,70,"[50, 292, 1340, 7, 1097, 62, 942, 90, 1052, 1042, 119, 122, 58]","[  50  292 1340    7 1097   62  942   90 1052 1042  119  122   58    0
    0    0]"
see film can,1,3,12,"[50, 5, 106]",[ 50   5 106   0   0   0   0   0   0   0   0   0   0   0   0   0]
feeling thought gabriel discomfort dance all intangible leap life come within viewer grasp huston portrayal,1,15,107,"[297, 128, 2796, 1583, 1086, 100, 2797, 2798, 92, 119, 511, 2799, 2800, 2801, 464]","[ 297  128 2796 1583 1086  100 2797 2798   92  119  511 2799 2800 2801
  464    0]"
disappointed wondered could oscar shortlist,0,5,43,"[71, 2802, 37, 1409, 2803]","[  71 2802   37 1409 2803    0    0    0    0    0    0    0    0    0
    0    0]"
slow,0,1,4,[147],[147   0   0   0   0   0   0   0   0   0   0   0   0   0   0   0]
lot hole plot there nothing became emperor nothing spend year childhood mature age,0,13,82,"[79, 590, 108, 115, 95, 2804, 2805, 95, 1098, 58, 2806, 1292, 644]","[  79  590  108  115   95 2804 2805   95 1098   58 2806 1292  644    0
    0    0]"
end day one worst big budget action movie ever seen,0,10,51,"[154, 87, 6, 51, 151, 616, 424, 2, 20, 99]",[154  87   6  51 151 616 424   2  20  99   0   0   0   0   0   0]
surely know make coherent action movie screenwriter air force one obliged write script big sum money,0,16,100,"[2807, 76, 29, 2808, 424, 2, 981, 1434, 1584, 6, 2809, 2810, 114, 151, 1495, 85]","[2807   76   29 2808  424    2  981 1434 1584    6 2809 2810  114  151
 1495   85]"
one worst film ever seen,0,5,24,"[6, 51, 5, 20, 99]",[ 6 51  5 20 99  0  0  0  0  0  0  0  0  0  0  0]
still trying get bad wa,0,5,23,"[56, 403, 25, 15, 497]",[ 56 403  25  15 497   0   0   0   0   0   0   0   0   0   0   0]
movie possibly one creative work horror ever,1,7,44,"[2, 1008, 6, 2811, 14, 368, 20]","[   2 1008    6 2811   14  368   20    0    0    0    0    0    0    0
    0    0]"
great sound effect impressive special effect can t recommend movie enough,1,11,73,"[3, 35, 263, 846, 223, 263, 106, 74, 40, 2, 61]",[  3  35 263 846 223 263 106  74  40   2  61   0   0   0   0   0]
call nut think one best movie ever,1,7,34,"[88, 795, 45, 6, 18, 2, 20]",[ 88 795  45   6  18   2  20   0   0   0   0   0   0   0   0   0]
great character actor telly savalas peter boyle,1,7,47,"[3, 39, 121, 2812, 2813, 1530, 2814]","[   3   39  121 2812 2813 1530 2814    0    0    0    0    0    0    0
    0    0]"
hour minute sheer tedium melodrama horrible acting mess script sinking feeling good lord thinking,0,14,97,"[104, 54, 2815, 2816, 2817, 163, 57, 342, 114, 2818, 297, 1, 1585, 1080]","[ 104   54 2815 2816 2817  163   57  342  114 2818  297    1 1585 1080
    0    0]"
lot hole script,0,3,15,"[79, 590, 114]",[ 79 590 114   0   0   0   0   0   0   0   0   0   0   0   0   0]
like bad two hour tv movie,0,6,26,"[11, 15, 59, 104, 366, 2]",[ 11  15  59 104 366   2   0   0   0   0   0   0   0   0   0   0]
imagine every single one decision made wrong,0,7,44,"[1099, 70, 457, 6, 678, 28, 318]","[1099   70  457    6  678   28  318    0    0    0    0    0    0    0
    0    0]"
dialogue atrocious,0,2,18,"[299, 1586]","[ 299 1586    0    0    0    0    0    0    0    0    0    0    0    0
    0    0]"
acting beyond abysmal,0,3,21,"[57, 481, 1506]","[  57  481 1506    0    0    0    0    0    0    0    0    0    0    0
    0    0]"
everything stink,0,2,16,"[60, 1100]","[  60 1100    0    0    0    0    0    0    0    0    0    0    0    0
    0    0]"
trouble is writing directing make impossible establish thing make movie watchable like character story theme on,0,16,111,"[847, 165, 264, 406, 29, 1587, 2819, 31, 29, 2, 1483, 11, 39, 98, 1299, 301]","[ 847  165  264  406   29 1587 2819   31   29    2 1483   11   39   98
 1299  301]"
dumb pointless complete waste time,0,5,34,"[1484, 937, 1084, 84, 8]","[1484  937 1084   84    8    0    0    0    0    0    0    0    0    0
    0    0]"
short bother movie,0,3,18,"[238, 585, 2]",[238 585   2   0   0   0   0   0   0   0   0   0   0   0   0   0]
spoil it ending pretty amazing,1,5,30,"[1588, 7, 379, 46, 62]","[1588    7  379   46   62    0    0    0    0    0    0    0    0    0
    0    0]"
best scene movie end spoil it,1,6,29,"[18, 78, 2, 154, 1588, 7]","[  18   78    2  154 1588    7    0    0    0    0    0    0    0    0
    0    0]"
ever indication writer director ability meld two highly volatile temperament seamless union creativity it,1,14,105,"[20, 2820, 802, 265, 675, 2821, 59, 116, 2822, 2823, 2824, 2825, 2826, 7]","[  20 2820  802  265  675 2821   59  116 2822 2823 2824 2825 2826    7
    0    0]"
result powerhouse achievement made timely perhaps culture disturbing fascination celebrity distorted interpretation fame,1,13,120,"[588, 2827, 1541, 28, 1589, 547, 1333, 1350, 2828, 2829, 1590, 2830, 2831]","[ 588 2827 1541   28 1589  547 1333 1350 2828 2829 1590 2830 2831    0
    0    0]"
film easily forgotten,1,3,21,"[5, 321, 2832]","[   5  321 2832    0    0    0    0    0    0    0    0    0    0    0
    0    0]"
but kevin spacey excellent verbal tsunami buddy ackerman totally believable great actor,1,12,87,"[807, 2833, 2834, 34, 2835, 2836, 2837, 2838, 158, 549, 3, 121]","[ 807 2833 2834   34 2835 2836 2837 2838  158  549    3  121    0    0
    0    0]"
scripting subtle comedy unmatched movie recent year,1,7,51,"[2839, 568, 663, 2840, 2, 848, 58]","[2839  568  663 2840    2  848   58    0    0    0    0    0    0    0
    0    0]"
character interesting even bit predictable,1,5,42,"[39, 241, 19, 199, 320]",[ 39 241  19 199 320   0   0   0   0   0   0   0   0   0   0   0]
highly recommended age although younger set probably appreciate subtle reference certainly appreciate one galley scene particular,1,16,129,"[116, 384, 644, 494, 2841, 248, 132, 1094, 568, 1591, 294, 1094, 6, 2842, 78, 573]","[ 116  384  644  494 2841  248  132 1094  568 1591  294 1094    6 2842
   78  573]"
also story acting weak,0,4,22,"[23, 98, 57, 506]",[ 23  98  57 506   0   0   0   0   0   0   0   0   0   0   0   0]
either way suck,0,3,15,"[220, 43, 168]",[220  43 168   0   0   0   0   0   0   0   0   0   0   0   0   0]
script horrendously stupid,0,3,26,"[114, 2843, 206]","[ 114 2843  206    0    0    0    0    0    0    0    0    0    0    0
    0    0]"
story start fast absolutely suspense build up slightest,0,8,55,"[98, 584, 253, 131, 467, 1592, 181, 1563]","[  98  584  253  131  467 1592  181 1563    0    0    0    0    0    0
    0    0]"
everything captain howdy say either laughable plain stupid,0,8,58,"[60, 2844, 2845, 55, 220, 1081, 652, 206]","[  60 2844 2845   55  220 1081  652  206    0    0    0    0    0    0
    0    0]"
hell kind crap that,0,4,19,"[967, 204, 324, 82]",[967 204 324  82   0   0   0   0   0   0   0   0   0   0   0   0]
then there plot hole,0,4,20,"[1101, 115, 108, 590]","[1101  115  108  590    0    0    0    0    0    0    0    0    0    0
    0    0]"
could drive semi truck hole,0,5,27,"[37, 491, 2846, 2847, 590]","[  37  491 2846 2847  590    0    0    0    0    0    0    0    0    0
    0    0]"
linda cardellini thing good film,1,5,32,"[2848, 2849, 31, 1, 5]","[2848 2849   31    1    5    0    0    0    0    0    0    0    0    0
    0    0]"
poised amazing,1,2,14,"[2850, 62]","[2850   62    0    0    0    0    0    0    0    0    0    0    0    0
    0    0]"
dee snider plain suck,0,4,21,"[2851, 2852, 652, 168]","[2851 2852  652  168    0    0    0    0    0    0    0    0    0    0
    0    0]"
bored throughout whole damn thing,0,5,33,"[801, 808, 308, 679, 31]",[801 808 308 679  31   0   0   0   0   0   0   0   0   0   0   0]
acting suck music suck script suck pacing suck special fx suck directing suck basically movie suck,0,16,98,"[57, 168, 175, 168, 114, 168, 2853, 168, 223, 998, 168, 406, 168, 680, 2, 168]","[  57  168  175  168  114  168 2853  168  223  998  168  406  168  680
    2  168]"
film try serious sophisticated thriller horror flick fails miserably,0,9,68,"[5, 194, 826, 2854, 649, 368, 544, 425, 2855]","[   5  194  826 2854  649  368  544  425 2855    0    0    0    0    0
    0    0]"
probably one least effective utterly unoriginal film ever seen entire life,0,11,74,"[132, 6, 262, 1025, 626, 2856, 5, 20, 99, 502, 92]","[ 132    6  262 1025  626 2856    5   20   99  502   92    0    0    0
    0    0]"
piece cinematic garbage captured celluloid,0,5,42,"[80, 2857, 493, 2858, 2859]","[  80 2857  493 2858 2859    0    0    0    0    0    0    0    0    0
    0    0]"
rate film stink funny fulci stayed giallo supernatural zombie movie,0,10,67,"[662, 5, 1100, 177, 1554, 1102, 1087, 2860, 1485, 2]","[ 662    5 1100  177 1554 1102 1087 2860 1485    2    0    0    0    0
    0    0]"
avoid film cost,0,3,15,"[225, 5, 412]",[225   5 412   0   0   0   0   0   0   0   0   0   0   0   0   0]
know happened season five mess,0,5,30,"[76, 554, 1449, 768, 342]","[  76  554 1449  768  342    0    0    0    0    0    0    0    0    0
    0    0]"
consistent thread holding series together amazing performance leni parker anita laselva two taelons quiet idealogical conflict,0,16,126,"[1593, 2861, 1103, 323, 411, 62, 178, 2862, 2863, 2864, 2865, 59, 2866, 1104, 2867, 962]","[1593 2861 1103  323  411   62  178 2862 2863 2864 2865   59 2866 1104
 2867  962]"
movie really dislike,0,3,20,"[2, 13, 1444]","[   2   13 1444    0    0    0    0    0    0    0    0    0    0    0
    0    0]"
one boring horror movie mainly start slow center boring atmosphere,0,10,66,"[6, 329, 368, 2, 1594, 584, 147, 1595, 329, 283]","[   6  329  368    2 1594  584  147 1595  329  283    0    0    0    0
    0    0]"
puppet look really cheesy good way like puppet master flick,0,10,59,"[849, 48, 13, 2868, 1, 43, 11, 849, 1071, 544]","[ 849   48   13 2868    1   43   11  849 1071  544    0    0    0    0
    0    0]"
story lame interesting never really explains sinister origin puppet,0,9,67,"[98, 789, 241, 38, 13, 2869, 2870, 2871, 849]","[  98  789  241   38   13 2869 2870 2871  849    0    0    0    0    0
    0    0]"
death scene like previous movie f x terrible,0,8,44,"[817, 78, 11, 850, 2, 1596, 2872, 72]","[ 817   78   11  850    2 1596 2872   72    0    0    0    0    0    0
    0    0]"
felt asleep first time watched it recommend insomniac,0,8,53,"[221, 1502, 42, 8, 331, 7, 40, 2873]","[ 221 1502   42    8  331    7   40 2873    0    0    0    0    0    0
    0    0]"
fact is film wonderful heartwarming tale two people chasing dream,1,10,65,"[266, 165, 5, 110, 2874, 738, 59, 68, 2875, 1597]","[ 266  165    5  110 2874  738   59   68 2875 1597    0    0    0    0
    0    0]"
best part nurse betty unpredictability,1,5,38,"[18, 135, 2876, 1463, 2877]","[  18  135 2876 1463 2877    0    0    0    0    0    0    0    0    0
    0    0]"
otherwise even waste time this,0,5,30,"[1105, 19, 84, 8, 111]","[1105   19   84    8  111    0    0    0    0    0    0    0    0    0
    0    0]"
one fails create real suspense,0,5,30,"[6, 425, 1256, 91, 467]","[   6  425 1256   91  467    0    0    0    0    0    0    0    0    0
    0    0]"
killer expect anything original even remotely frightening,0,7,57,"[828, 252, 234, 383, 19, 1422, 1039]","[ 828  252  234  383   19 1422 1039    0    0    0    0    0    0    0
    0    0]"
is however pretty good acting at least type film,1,9,48,"[165, 161, 46, 1, 57, 1106, 262, 810, 5]","[ 165  161   46    1   57 1106  262  810    5    0    0    0    0    0
    0    0]"
sorry really can t recommend anyone,0,6,35,"[1107, 13, 106, 74, 40, 129]","[1107   13  106   74   40  129    0    0    0    0    0    0    0    0
    0    0]"
one boring pointless movie ever seen,0,6,36,"[6, 329, 937, 2, 20, 99]",[  6 329 937   2  20  99   0   0   0   0   0   0   0   0   0   0]
secondary plot line incomprehensible relation primary plot line mystifying,0,9,74,"[2878, 108, 130, 2879, 1042, 2880, 108, 130, 2881]","[2878  108  130 2879 1042 2880  108  130 2881    0    0    0    0    0
    0    0]"
hated it,0,2,8,"[814, 7]",[814   7   0   0   0   0   0   0   0   0   0   0   0   0   0   0]
one worst sandra bullock movie since speed quite bad,0,9,52,"[6, 51, 2882, 2883, 2, 149, 1108, 97, 15]","[   6   51 2882 2883    2  149 1108   97   15    0    0    0    0    0
    0    0]"
understand garbage got shelf movie store even real movie,0,9,56,"[303, 493, 53, 1378, 2, 499, 19, 91, 2]","[ 303  493   53 1378    2  499   19   91    2    0    0    0    0    0
    0    0]"
highly doubt anyone could ever like trash,0,7,41,"[116, 1109, 129, 37, 20, 11, 654]","[ 116 1109  129   37   20   11  654    0    0    0    0    0    0    0
    0    0]"
movie making,0,2,12,"[2, 458]",[  2 458   0   0   0   0   0   0   0   0   0   0   0   0   0   0]
acting like watching wooden puppet moving around reading book that bad is,0,12,73,"[57, 11, 152, 1036, 849, 611, 166, 627, 465, 82, 15, 165]","[  57   11  152 1036  849  611  166  627  465   82   15  165    0    0
    0    0]"
warn you do rent movie dumbest thing never seen,0,9,47,"[2884, 217, 1110, 557, 2, 2885, 31, 38, 99]","[2884  217 1110  557    2 2885   31   38   99    0    0    0    0    0
    0    0]"
saw short film hbo day absolutely loved it,1,8,42,"[257, 238, 5, 2886, 87, 131, 134, 7]","[ 257  238    5 2886   87  131  134    7    0    0    0    0    0    0
    0    0]"
realize wonderful short really last two scene,1,7,45,"[1598, 110, 238, 13, 122, 59, 78]","[1598  110  238   13  122   59   78    0    0    0    0    0    0    0
    0    0]"
excellent short film,1,3,20,"[34, 238, 5]",[ 34 238   5   0   0   0   0   0   0   0   0   0   0   0   0   0]
hopefully director james cox turn short feature length film cast win u whole new film,1,15,85,"[1599, 265, 1481, 2887, 274, 238, 306, 1433, 5, 190, 2888, 102, 308, 86, 5]","[1599  265 1481 2887  274  238  306 1433    5  190 2888  102  308   86
    5    0]"
agree jessica movie pretty bad,0,5,30,"[2889, 2890, 2, 46, 15]","[2889 2890    2   46   15    0    0    0    0    0    0    0    0    0
    0    0]"
character one dimensional even good guy especially bad guy,0,9,58,"[39, 6, 2891, 19, 1, 490, 216, 15, 490]","[  39    6 2891   19    1  490  216   15  490    0    0    0    0    0
    0    0]"
story line totally predictable,0,4,30,"[98, 130, 158, 320]",[ 98 130 158 320   0   0   0   0   0   0   0   0   0   0   0   0]
much dialogue much music whole film shot elaborately aesthetically like sculpture,1,11,81,"[33, 299, 33, 175, 308, 5, 327, 2892, 2893, 11, 2894]","[  33  299   33  175  308    5  327 2892 2893   11 2894    0    0    0
    0    0]"
seen soap opera intelligent movie,0,5,33,"[99, 2895, 2896, 2897, 2]","[  99 2895 2896 2897    2    0    0    0    0    0    0    0    0    0
    0    0]"
bad character bad story bad acting,0,6,34,"[15, 39, 15, 98, 15, 57]",[15 39 15 98 15 57  0  0  0  0  0  0  0  0  0  0]
really awful,0,2,12,"[13, 137]",[ 13 137   0   0   0   0   0   0   0   0   0   0   0   0   0   0]
easy watch,0,2,10,"[143, 160]",[143 160   0   0   0   0   0   0   0   0   0   0   0   0   0   0]
funny clever hip like pray previous film hype,1,8,45,"[177, 805, 1111, 11, 2898, 850, 5, 1600]","[ 177  805 1111   11 2898  850    5 1600    0    0    0    0    0    0
    0    0]"
long time see charismatic actor screen,1,6,38,"[89, 8, 50, 2899, 121, 112]","[  89    8   50 2899  121  112    0    0    0    0    0    0    0    0
    0    0]"
paolo sorrentino written wonderful story loneliness tony built one unforgettable character seen movie recent year,1,15,113,"[2900, 2901, 752, 110, 98, 1601, 2902, 1602, 6, 2903, 39, 99, 2, 848, 58]","[2900 2901  752  110   98 1601 2902 1602    6 2903   39   99    2  848
   58    0]"
movie completely perfect titta di girolamo stay long time vision movie,1,11,70,"[2, 246, 202, 2904, 2905, 2906, 282, 89, 8, 2907, 2]","[   2  246  202 2904 2905 2906  282   89    8 2907    2    0    0    0
    0    0]"
rate movie,1,2,10,"[662, 2]",[662   2   0   0   0   0   0   0   0   0   0   0   0   0   0   0]
interplay martin emilio contains wonderful chemistry saw wall street martin charlie,1,11,83,"[2908, 1055, 2909, 1450, 110, 1044, 257, 437, 1603, 1055, 2910]","[2908 1055 2909 1450  110 1044  257  437 1603 1055 2910    0    0    0
    0    0]"
kathy bates wonderful character subtle desperation escapism variation character at play field lord,1,13,98,"[2911, 2912, 110, 39, 568, 2913, 2914, 2915, 39, 1106, 295, 2916, 1585]","[2911 2912  110   39  568 2913 2914 2915   39 1106  295 2916 1585    0
    0    0]"
reader already seen one miyazaki film still top form made another worthwhile experience,1,13,87,"[1604, 769, 99, 6, 2917, 5, 56, 316, 618, 28, 136, 1112, 75]","[1604  769   99    6 2917    5   56  316  618   28  136 1112   75    0
    0    0]"
never condescends character good genuine heart believable problem,1,8,65,"[38, 2918, 39, 1, 796, 434, 549, 66]","[  38 2918   39    1  796  434  549   66    0    0    0    0    0    0
    0    0]"
two main character may two believable child ever saw put screen,1,11,63,"[59, 615, 39, 344, 59, 549, 414, 20, 257, 259, 112]",[ 59 615  39 344  59 549 414  20 257 259 112   0   0   0   0   0]
easy love even easy identify with,1,6,33,"[143, 26, 19, 143, 2919, 512]","[ 143   26   19  143 2919  512    0    0    0    0    0    0    0    0
    0    0]"
movie great especially enjoy visual art,1,6,39,"[2, 3, 216, 261, 993, 235]",[  2   3 216 261 993 235   0   0   0   0   0   0   0   0   0   0]
scenery two daughter paint photograph beautiful,1,6,47,"[949, 59, 778, 2920, 2921, 189]","[ 949   59  778 2920 2921  189    0    0    0    0    0    0    0    0
    0    0]"
story also funny poignant time,1,5,30,"[98, 23, 177, 2922, 8]","[  98   23  177 2922    8    0    0    0    0    0    0    0    0    0
    0    0]"
people like european film art movie like movie,1,8,46,"[68, 11, 1397, 5, 235, 2, 11, 2]","[  68   11 1397    5  235    2   11    2    0    0    0    0    0    0
    0    0]"
truly art movie it actually lot art it,1,8,38,"[304, 235, 2, 7, 205, 79, 235, 7]",[304 235   2   7 205  79 235   7   0   0   0   0   0   0   0   0]
go rent it,1,3,10,"[21, 557, 7]",[ 21 557   7   0   0   0   0   0   0   0   0   0   0   0   0   0]
however finally watching film realized closed mind brilliance depicts also found watching again,1,13,95,"[161, 432, 152, 5, 1113, 1605, 409, 928, 1606, 23, 113, 152, 69]","[ 161  432  152    5 1113 1605  409  928 1606   23  113  152   69    0
    0    0]"
one movie never cease interest me simply keep alert try attempt decipher meaning,1,13,80,"[6, 2, 38, 1354, 994, 103, 203, 291, 2923, 194, 770, 2924, 730]","[   6    2   38 1354  994  103  203  291 2923  194  770 2924  730    0
    0    0]"
brilliance indeed,1,2,17,"[928, 1078]","[ 928 1078    0    0    0    0    0    0    0    0    0    0    0    0
    0    0]"
think film like dream,1,4,21,"[45, 5, 11, 1597]","[  45    5   11 1597    0    0    0    0    0    0    0    0    0    0
    0    0]"
simply beautiful,1,2,16,"[203, 189]",[203 189   0   0   0   0   0   0   0   0   0   0   0   0   0   0]
rickman stowe play role hilt tale childrens book writer who maybe written subversive tract,1,14,90,"[2925, 2926, 295, 577, 2927, 738, 2928, 465, 802, 953, 471, 752, 2929, 2930]","[2925 2926  295  577 2927  738 2928  465  802  953  471  752 2929 2930
    0    0]"
gloriously fun fast paced fairly accurate portrayal night raver,1,9,63,"[2931, 364, 253, 945, 851, 2932, 464, 162, 2933]","[2931  364  253  945  851 2932  464  162 2933    0    0    0    0    0
    0    0]"
present idyllic yet serious portrayal ups down character life,1,9,61,"[978, 2934, 377, 826, 464, 775, 478, 39, 92]","[ 978 2934  377  826  464  775  478   39   92    0    0    0    0    0
    0    0]"
whatever do avoid groove antithesis good human traffic,0,8,54,"[459, 1110, 225, 2935, 2936, 1, 503, 2937]","[ 459 1110  225 2935 2936    1  503 2937    0    0    0    0    0    0
    0    0]"
movie seemed little slow first,0,5,30,"[2, 643, 63, 147, 42]",[  2 643  63 147  42   0   0   0   0   0   0   0   0   0   0   0]
picked speed got right point,1,5,28,"[2938, 1108, 53, 64, 496]","[2938 1108   53   64  496    0    0    0    0    0    0    0    0    0
    0    0]"
showed exactly government scientist argued humanity reason gadget,1,8,65,"[920, 574, 2939, 2940, 2941, 2942, 504, 1114]","[ 920  574 2939 2940 2941 2942  504 1114    0    0    0    0    0    0
    0    0]"
enjoyed it,1,2,10,"[214, 7]",[214   7   0   0   0   0   0   0   0   0   0   0   0   0   0   0]
recommended friend,1,2,18,"[384, 268]",[384 268   0   0   0   0   0   0   0   0   0   0   0   0   0   0]
particularly pleased acting ability dwight schultz,1,6,50,"[1040, 337, 57, 675, 2943, 2944]","[1040  337   57  675 2943 2944    0    0    0    0    0    0    0    0
    0    0]"
actor truly understand become particular character delivering convincing sincere performance,1,10,92,"[121, 304, 303, 575, 573, 39, 1267, 746, 2945, 178]","[ 121  304  303  575  573   39 1267  746 2945  178    0    0    0    0
    0    0]"
on screen chemistry critical entire film genuine,1,7,48,"[301, 112, 1044, 2946, 502, 5, 796]","[ 301  112 1044 2946  502    5  796    0    0    0    0    0    0    0
    0    0]"
film dialogue natural real life,1,5,31,"[5, 299, 2947, 91, 92]","[   5  299 2947   91   92    0    0    0    0    0    0    0    0    0
    0    0]"
writer gorman bechard undoubtedly homework reference industry character age appropriate,1,10,87,"[802, 2948, 2949, 1393, 2950, 1591, 984, 39, 644, 2951]","[ 802 2948 2949 1393 2950 1591  984   39  644 2951    0    0    0    0
    0    0]"
incredible soundtrack truly capture essence film,1,6,48,"[273, 653, 304, 2952, 2953, 5]","[ 273  653  304 2952 2953    5    0    0    0    0    0    0    0    0
    0    0]"
track command sentiment actually contributing scene character,1,7,61,"[2954, 2955, 1551, 205, 2956, 78, 39]","[2954 2955 1551  205 2956   78   39    0    0    0    0    0    0    0
    0    0]"
definitely worth seeing sort thought provoking film force question threshold loneliness,1,11,87,"[65, 93, 488, 1046, 128, 1277, 5, 1584, 1380, 2957, 1601]","[  65   93  488 1046  128 1277    5 1584 1380 2957 1601    0    0    0
    0    0]"
enough said remarkable animation film,1,5,37,"[61, 219, 2958, 2959, 5]","[  61  219 2958 2959    5    0    0    0    0    0    0    0    0    0
    0    0]"
art style appearance crayon pencil drawing wonderfully colorful fanciful,1,9,72,"[235, 433, 822, 2960, 2961, 1607, 1019, 2962, 2963]","[ 235  433  822 2960 2961 1607 1019 2962 2963    0    0    0    0    0
    0    0]"
act film glad gonna drift away earth far possible,0,9,49,"[2964, 5, 325, 944, 2965, 242, 1545, 90, 476]","[2964    5  325  944 2965  242 1545   90  476    0    0    0    0    0
    0    0]"
one want surf small wave space movie deep impact armageddon one fails everywhere,0,13,80,"[6, 94, 2966, 182, 1608, 818, 2, 2967, 2968, 2969, 6, 425, 1115]","[   6   94 2966  182 1608  818    2 2967 2968 2969    6  425 1115    0
    0    0]"
choked vomit end by cheap drama worthless dialogue must bored death waste time,0,13,78,"[2970, 1507, 154, 2971, 180, 426, 852, 299, 155, 801, 817, 84, 8]","[2970 1507  154 2971  180  426  852  299  155  801  817   84    8    0
    0    0]"
still make super ending depicts great sea vessel taken mighty frost,1,11,67,"[56, 29, 276, 379, 1606, 3, 1251, 2972, 2973, 2974, 2975]","[  56   29  276  379 1606    3 1251 2972 2973 2974 2975    0    0    0
    0    0]"
consider excellent story solid acting look film added bonus,1,9,59,"[737, 34, 98, 566, 57, 48, 5, 1116, 1372]","[ 737   34   98  566   57   48    5 1116 1372    0    0    0    0    0
    0    0]"
instead got bore fest whiny spoiled brat babysitting,0,8,52,"[553, 53, 992, 2976, 1261, 2977, 2978, 2979]","[ 553   53  992 2976 1261 2977 2978 2979    0    0    0    0    0    0
    0    0]"
watched two sunday ago march th began really enjoy time taped entire thing,1,13,74,"[331, 59, 1609, 381, 2980, 622, 1445, 13, 261, 8, 1373, 502, 31]","[ 331   59 1609  381 2980  622 1445   13  261    8 1373  502   31    0
    0    0]"
well acted done tv movie,1,5,24,"[16, 946, 208, 366, 2]",[ 16 946 208 366   2   0   0   0   0   0   0   0   0   0   0   0]
judith light one favorite actress think superb job film,1,9,55,"[2981, 277, 6, 681, 563, 45, 500, 138, 5]","[2981  277    6  681  563   45  500  138    5    0    0    0    0    0
    0    0]"
keep watching over,1,3,18,"[291, 152, 462]",[291 152 462   0   0   0   0   0   0   0   0   0   0   0   0   0]
sad movie good,1,3,14,"[682, 2, 1]",[682   2   1   0   0   0   0   0   0   0   0   0   0   0   0   0]
seen movie definitely recommend it,1,5,34,"[99, 2, 65, 40, 7]",[99  2 65 40  7  0  0  0  0  0  0  0  0  0  0  0]
lovely usual cutie,1,3,18,"[843, 780, 2982]","[ 843  780 2982    0    0    0    0    0    0    0    0    0    0    0
    0    0]"
still quite interesting entertaining follow,1,5,43,"[56, 97, 241, 793, 748]",[ 56  97 241 793 748   0   0   0   0   0   0   0   0   0   0   0]
recommend confidence,1,2,20,"[40, 2983]","[  40 2983    0    0    0    0    0    0    0    0    0    0    0    0
    0    0]"
movie well balanced comedy drama thoroughly enjoyed myself,1,8,58,"[2, 16, 1429, 663, 426, 787, 214, 1610]","[   2   16 1429  663  426  787  214 1610    0    0    0    0    0    0
    0    0]"
anyway plot flowed smoothly male bonding scene hoot,1,8,51,"[853, 108, 2984, 1611, 2985, 2986, 78, 2987]","[ 853  108 2984 1611 2985 2986   78 2987    0    0    0    0    0    0
    0    0]"
opening sequence gem classic cat n mouse game follow delight watch,1,11,66,"[1490, 996, 740, 418, 1612, 2988, 1468, 260, 748, 587, 160]","[1490  996  740  418 1612 2988 1468  260  748  587  160    0    0    0
    0    0]"
fan genre heaven,1,3,16,"[378, 1555, 1284]","[ 378 1555 1284    0    0    0    0    0    0    0    0    0    0    0
    0    0]"
lange become great actress,1,4,26,"[1613, 575, 3, 563]","[1613  575    3  563    0    0    0    0    0    0    0    0    0    0
    0    0]"
looked like wonderful story,1,4,27,"[660, 11, 110, 98]",[660  11 110  98   0   0   0   0   0   0   0   0   0   0   0   0]
never walked movie faster,0,4,25,"[38, 537, 2, 1614]","[  38  537    2 1614    0    0    0    0    0    0    0    0    0    0
    0    0]"
got bored watching jessice lange take clothes off,0,8,49,"[53, 801, 152, 2989, 1613, 124, 2990, 312]","[  53  801  152 2989 1613  124 2990  312    0    0    0    0    0    0
    0    0]"
unfortunately virtue film production work lost regrettable script,0,8,65,"[269, 2991, 5, 922, 14, 402, 2992, 114]","[ 269 2991    5  922   14  402 2992  114    0    0    0    0    0    0
    0    0]"
word embarrassing,0,2,17,"[322, 634]",[322 634   0   0   0   0   0   0   0   0   0   0   0   0   0   0]
exceptionally bad,0,2,17,"[2993, 15]","[2993   15    0    0    0    0    0    0    0    0    0    0    0    0
    0    0]"
insult one intelligence huge waste money,0,6,40,"[815, 6, 1013, 343, 84, 85]","[ 815    6 1013  343   84   85    0    0    0    0    0    0    0    0
    0    0]"
way plug u unless go converter,0,6,30,"[43, 281, 102, 508, 21, 2994]","[  43  281  102  508   21 2994    0    0    0    0    0    0    0    0
    0    0]"
good case excellent value,1,4,25,"[1, 52, 34, 339]",[  1  52  34 339   0   0   0   0   0   0   0   0   0   0   0   0]
great jawbone,1,2,13,"[3, 1117]","[   3 1117    0    0    0    0    0    0    0    0    0    0    0    0
    0    0]"
tied charger conversation lasting minute major problem,0,7,54,"[2995, 144, 854, 1095, 54, 1467, 66]","[2995  144  854 1095   54 1467   66    0    0    0    0    0    0    0
    0    0]"
mic great,1,2,9,"[855, 3]",[855   3   0   0   0   0   0   0   0   0   0   0   0   0   0   0]
jiggle plug get line right get decent volume,0,8,44,"[2996, 281, 25, 130, 64, 25, 419, 284]","[2996  281   25  130   64   25  419  284    0    0    0    0    0    0
    0    0]"
several dozen several hundred contact imagine fun sending one one,0,10,65,"[267, 925, 267, 2997, 856, 1099, 364, 1118, 6, 6]","[ 267  925  267 2997  856 1099  364 1118    6    6    0    0    0    0
    0    0]"
razr owner you must this,1,5,24,"[683, 389, 217, 155, 111]",[683 389 217 155 111   0   0   0   0   0   0   0   0   0   0   0]
needle say wasted money,0,4,23,"[1119, 55, 359, 85]","[1119   55  359   85    0    0    0    0    0    0    0    0    0    0
    0    0]"
waste money time,0,3,16,"[84, 85, 8]",[84 85  8  0  0  0  0  0  0  0  0  0  0  0  0  0]
sound quality great,1,3,19,"[35, 24, 3]",[35 24  3  0  0  0  0  0  0  0  0  0  0  0  0  0]
impressed going original battery extended battery,1,6,49,"[156, 67, 383, 41, 1615, 41]","[ 156   67  383   41 1615   41    0    0    0    0    0    0    0    0
    0    0]"
two seperated mere ft started notice excessive static garbled sound headset,0,11,75,"[59, 2998, 2999, 3000, 313, 1616, 3001, 1120, 3002, 35, 27]","[  59 2998 2999 3000  313 1616 3001 1120 3002   35   27    0    0    0
    0    0]"
good quality though,1,3,19,"[1, 24, 215]",[  1  24 215   0   0   0   0   0   0   0   0   0   0   0   0   0]
design odd ear clip comfortable all,0,6,35,"[285, 1407, 49, 684, 142, 100]","[ 285 1407   49  684  142  100    0    0    0    0    0    0    0    0
    0    0]"
highly recommend one blue tooth phone,1,6,37,"[116, 40, 6, 545, 1617, 4]","[ 116   40    6  545 1617    4    0    0    0    0    0    0    0    0
    0    0]"
advise everyone fooled,0,3,22,"[756, 275, 3003]","[ 756  275 3003    0    0    0    0    0    0    0    0    0    0    0
    0    0]"
far good,1,2,8,"[90, 1]",[90  1  0  0  0  0  0  0  0  0  0  0  0  0  0  0]
work great,1,2,10,"[14, 3]",[14  3  0  0  0  0  0  0  0  0  0  0  0  0  0  0]
click place way make wonder long mechanism would last,0,9,53,"[3004, 10, 43, 29, 1384, 89, 3005, 17, 122]","[3004   10   43   29 1384   89 3005   17  122    0    0    0    0    0
    0    0]"
went motorola website followed direction could get pair again,0,9,61,"[145, 255, 857, 3006, 638, 37, 25, 842, 69]","[ 145  255  857 3006  638   37   25  842   69    0    0    0    0    0
    0    0]"
bought use kindle fire absolutely loved it,1,7,42,"[140, 44, 3007, 987, 131, 134, 7]","[ 140   44 3007  987  131  134    7    0    0    0    0    0    0    0
    0    0]"
commercial misleading,0,2,21,"[1475, 3008]","[1475 3008    0    0    0    0    0    0    0    0    0    0    0    0
    0    0]"
yet run new battery two bar that three day without charging,1,11,59,"[377, 631, 86, 41, 59, 227, 82, 314, 87, 244, 685]",[377 631  86  41  59 227  82 314  87 244 685   0   0   0   0   0]
bought mother problem battery,0,4,29,"[140, 1027, 66, 41]","[ 140 1027   66   41    0    0    0    0    0    0    0    0    0    0
    0    0]"
great pocket pc phone combination,1,5,33,"[3, 858, 1121, 4, 1122]","[   3  858 1121    4 1122    0    0    0    0    0    0    0    0    0
    0    0]"
owned phone month say best mobile phone had,1,8,43,"[646, 4, 286, 55, 18, 686, 4, 390]",[646   4 286  55  18 686   4 390   0   0   0   0   0   0   0   0]
think instruction provided helpful me,0,5,37,"[45, 687, 647, 391, 103]",[ 45 687 647 391 103   0   0   0   0   0   0   0   0   0   0   0]
people couldnt hear talk pull earphone talk phone,0,8,49,"[68, 3009, 224, 207, 620, 1618, 207, 4]","[  68 3009  224  207  620 1618  207    4    0    0    0    0    0    0
    0    0]"
hold charge,0,2,11,"[309, 195]",[309 195   0   0   0   0   0   0   0   0   0   0   0   0   0   0]
simple little phone use breakage unacceptible,0,6,45,"[513, 63, 4, 44, 3010, 3011]","[ 513   63    4   44 3010 3011    0    0    0    0    0    0    0    0
    0    0]"
product ideal people like whose ear sensitive,1,7,45,"[30, 3012, 68, 11, 3013, 49, 3014]","[  30 3012   68   11 3013   49 3014    0    0    0    0    0    0    0
    0    0]"
unusable moving car freeway speed,0,5,33,"[1619, 611, 153, 3015, 1108]","[1619  611  153 3015 1108    0    0    0    0    0    0    0    0    0
    0    0]"
two year left contract hate phone,0,6,33,"[59, 58, 271, 1414, 477, 4]","[  59   58  271 1414  477    4    0    0    0    0    0    0    0    0
    0    0]"
car charger well ac charger included make sure never run juice highy recommended,1,13,80,"[153, 144, 16, 3016, 144, 859, 29, 188, 38, 631, 1620, 3017, 384]","[ 153  144   16 3016  144  859   29  188   38  631 1620 3017  384    0
    0    0]"
need least min get phone book time first turn phone battery life short,0,13,70,"[192, 262, 860, 25, 4, 465, 8, 42, 274, 4, 41, 92, 238]",[192 262 860  25   4 465   8  42 274   4  41  92 238   0   0   0]
kept well,1,2,9,"[345, 16]",[345  16   0   0   0   0   0   0   0   0   0   0   0   0   0   0]
poor talk time performance,0,4,26,"[101, 207, 8, 178]",[101 207   8 178   0   0   0   0   0   0   0   0   0   0   0   0]
case great work fine,1,4,20,"[52, 3, 14, 141]",[ 52   3  14 141   0   0   0   0   0   0   0   0   0   0   0   0]
worthless product,0,2,17,"[852, 30]",[852  30   0   0   0   0   0   0   0   0   0   0   0   0   0   0]
great camera thats mp pic nice clear great picture quality,1,10,58,"[3, 164, 861, 862, 3018, 32, 254, 3, 176, 24]","[   3  164  861  862 3018   32  254    3  176   24    0    0    0    0
    0    0]"
impressed product,0,2,17,"[156, 30]",[156  30   0   0   0   0   0   0   0   0   0   0   0   0   0   0]
nice headset priced right,1,4,25,"[32, 27, 392, 64]",[ 32  27 392  64   0   0   0   0   0   0   0   0   0   0   0   0]
hear garbage audio,0,3,18,"[224, 493, 509]",[224 493 509   0   0   0   0   0   0   0   0   0   0   0   0   0]
excellent bluetooth headset,1,3,27,"[34, 169, 27]",[ 34 169  27   0   0   0   0   0   0   0   0   0   0   0   0   0]
feature want,1,2,12,"[306, 94]",[306  94   0   0   0   0   0   0   0   0   0   0   0   0   0   0]
right mind gonna buy battery,0,5,28,"[64, 409, 944, 150, 41]",[ 64 409 944 150  41   0   0   0   0   0   0   0   0   0   0   0]
arguing verizon regarding dropped call returned phone two day,0,9,61,"[3019, 393, 1621, 386, 88, 1123, 4, 59, 87]","[3019  393 1621  386   88 1123    4   59   87    0    0    0    0    0
    0    0]"
case seems well made,1,4,20,"[52, 421, 16, 28]",[ 52 421  16  28   0   0   0   0   0   0   0   0   0   0   0   0]
disappointed battery,0,2,20,"[71, 41]",[71 41  0  0  0  0  0  0  0  0  0  0  0  0  0  0]
loud enough turn like should,0,5,28,"[593, 61, 274, 11, 3020]","[ 593   61  274   11 3020    0    0    0    0    0    0    0    0    0
    0    0]"
good protection make phone bulky,1,5,32,"[1, 1124, 29, 4, 3021]","[   1 1124   29    4 3021    0    0    0    0    0    0    0    0    0
    0    0]"
usable keyboard actually turn pda real world useful machine instead neat gadget,1,12,79,"[3022, 863, 205, 274, 1622, 91, 422, 3023, 990, 553, 1623, 1114]","[3022  863  205  274 1622   91  422 3023  990  553 1623 1114    0    0
    0    0]"
phone pretty sturdy never large problem it,1,7,42,"[4, 46, 688, 38, 689, 66, 7]",[  4  46 688  38 689  66   7   0   0   0   0   0   0   0   0   0]
love thing,1,2,10,"[26, 31]",[26 31  0  0  0  0  0  0  0  0  0  0  0  0  0  0]
everything fine reasonable price i e,1,6,36,"[60, 141, 482, 47, 243, 771]",[ 60 141 482  47 243 771   0   0   0   0   0   0   0   0   0   0]
disappointed,0,1,12,[71],[71  0  0  0  0  0  0  0  0  0  0  0  0  0  0  0]
even dropped phone stream submerged second still work great,1,9,59,"[19, 386, 4, 3024, 3025, 341, 56, 14, 3]","[  19  386    4 3024 3025  341   56   14    3    0    0    0    0    0
    0    0]"
happy complaint one regarding sound quality end,1,7,47,"[120, 690, 6, 1621, 35, 24, 154]","[ 120  690    6 1621   35   24  154    0    0    0    0    0    0    0
    0    0]"
button bad,0,2,10,"[348, 15]",[348  15   0   0   0   0   0   0   0   0   0   0   0   0   0   0]
essentially forget microsoft tech support,0,5,41,"[1624, 797, 1491, 1625, 864]","[1624  797 1491 1625  864    0    0    0    0    0    0    0    0    0
    0    0]"
really recommend faceplate since look nice elegant cool,1,8,55,"[13, 40, 3026, 149, 48, 32, 3027, 200]","[  13   40 3026  149   48   32 3027  200    0    0    0    0    0    0
    0    0]"
headphone great find think perhaps best purchase made last several year seriously,1,12,81,"[691, 3, 148, 45, 547, 18, 210, 28, 122, 267, 58, 278]",[691   3 148  45 547  18 210  28 122 267  58 278   0   0   0   0]
buy different phone this,0,4,24,"[150, 315, 4, 111]",[150 315   4 111   0   0   0   0   0   0   0   0   0   0   0   0]
hold phone particular angle party hear clearly,0,7,46,"[309, 4, 573, 1363, 594, 224, 736]","[ 309    4  573 1363  594  224  736    0    0    0    0    0    0    0
    0    0]"
one big drawback mp player button phone front cover let pause skip song lock second,0,15,83,"[6, 151, 3028, 862, 430, 348, 4, 463, 492, 296, 3029, 1527, 454, 1125, 341]","[   6  151 3028  862  430  348    4  463  492  296 3029 1527  454 1125
  341    0]"
week later activated it suddenly died,0,6,37,"[287, 501, 3030, 7, 3031, 1626]","[ 287  501 3030    7 3031 1626    0    0    0    0    0    0    0    0
    0    0]"
feel comfortable headset wear glass get way sometimes,1,8,53,"[118, 142, 27, 394, 1126, 25, 43, 636]","[ 118  142   27  394 1126   25   43  636    0    0    0    0    0    0
    0    0]"
great ipod too,1,3,14,"[3, 1127, 179]","[   3 1127  179    0    0    0    0    0    0    0    0    0    0    0
    0    0]"
device great several situation,1,4,30,"[228, 3, 267, 806]",[228   3 267 806   0   0   0   0   0   0   0   0   0   0   0   0]
mic work,0,2,8,"[855, 14]",[855  14   0   0   0   0   0   0   0   0   0   0   0   0   0   0]
even bmw series fairly quiet trouble hearing person saying,0,9,58,"[19, 3032, 323, 851, 1104, 847, 3033, 735, 1128]","[  19 3032  323  851 1104  847 3033  735 1128    0    0    0    0    0
    0    0]"
great choice,1,2,12,"[3, 461]",[  3 461   0   0   0   0   0   0   0   0   0   0   0   0   0   0]
nice docking station home work,1,5,30,"[32, 1627, 865, 388, 14]","[  32 1627  865  388   14    0    0    0    0    0    0    0    0    0
    0    0]"
beautiful phone,1,2,15,"[189, 4]",[189   4   0   0   0   0   0   0   0   0   0   0   0   0   0   0]
love product,1,2,12,"[26, 30]",[26 30  0  0  0  0  0  0  0  0  0  0  0  0  0  0]
buy d wrongly advertised d,0,5,26,"[150, 1129, 3034, 1628, 1129]","[ 150 1129 3034 1628 1129    0    0    0    0    0    0    0    0    0
    0    0]"
great little item,1,3,17,"[3, 63, 146]",[  3  63 146   0   0   0   0   0   0   0   0   0   0   0   0   0]
love phone handy lot feature,1,5,28,"[26, 4, 1629, 79, 306]","[  26    4 1629   79  306    0    0    0    0    0    0    0    0    0
    0    0]"
purchased within day longer working,0,5,35,"[866, 511, 87, 586, 218]",[866 511  87 586 218   0   0   0   0   0   0   0   0   0   0   0]
wear everyday hold well,1,4,23,"[394, 3035, 309, 16]","[ 394 3035  309   16    0    0    0    0    0    0    0    0    0    0
    0    0]"
good bargain,0,2,12,"[1, 692]",[  1 692   0   0   0   0   0   0   0   0   0   0   0   0   0   0]
well packaged arrived time work intended,1,6,40,"[16, 1130, 514, 8, 14, 3036]","[  16 1130  514    8   14 3036    0    0    0    0    0    0    0    0
    0    0]"
battery run quickly,0,3,19,"[41, 631, 515]",[ 41 631 515   0   0   0   0   0   0   0   0   0   0   0   0   0]
item worked great broke month use,0,6,33,"[146, 133, 3, 439, 286, 44]",[146 133   3 439 286  44   0   0   0   0   0   0   0   0   0   0]
headset easy use everyone love them,1,6,35,"[27, 143, 44, 275, 26, 332]",[ 27 143  44 275  26 332   0   0   0   0   0   0   0   0   0   0]
phone work great,1,3,16,"[4, 14, 3]",[ 4 14  3  0  0  0  0  0  0  0  0  0  0  0  0  0]
construction headset poor,0,3,25,"[1131, 27, 101]","[1131   27  101    0    0    0    0    0    0    0    0    0    0    0
    0    0]"
product excellent work better verizon one boy cheaper,1,8,53,"[30, 34, 14, 36, 393, 6, 867, 1630]","[  30   34   14   36  393    6  867 1630    0    0    0    0    0    0
    0    0]"
phone load super,1,3,16,"[4, 1047, 276]","[   4 1047  276    0    0    0    0    0    0    0    0    0    0    0
    0    0]"
product cost much one doe expect work far better greater ease thing doe,0,13,71,"[30, 412, 33, 6, 1132, 252, 14, 90, 36, 3037, 1133, 31, 1132]","[  30  412   33    6 1132  252   14   90   36 3037 1133   31 1132    0
    0    0]"
made sturdy,1,2,11,"[28, 688]",[ 28 688   0   0   0   0   0   0   0   0   0   0   0   0   0   0]
worked great,1,2,12,"[133, 3]",[133   3   0   0   0   0   0   0   0   0   0   0   0   0   0   0]
ear bud play music one ear,0,6,26,"[49, 3038, 295, 175, 6, 49]","[  49 3038  295  175    6   49    0    0    0    0    0    0    0    0
    0    0]"
dont waste money,0,3,16,"[583, 84, 85]",[583  84  85   0   0   0   0   0   0   0   0   0   0   0   0   0]
order again,1,2,11,"[170, 69]",[170  69   0   0   0   0   0   0   0   0   0   0   0   0   0   0]
plan use car forget it,0,5,22,"[868, 44, 153, 797, 7]",[868  44 153 797   7   0   0   0   0   0   0   0   0   0   0   0]
found product waaay big,0,4,23,"[113, 30, 3039, 151]","[ 113   30 3039  151    0    0    0    0    0    0    0    0    0    0
    0    0]"
best found far tried bluetooths one best quality for listener well ease using,1,13,77,"[18, 113, 90, 211, 3040, 6, 18, 24, 495, 3041, 16, 1133, 251]","[  18  113   90  211 3040    6   18   24  495 3041   16 1133  251    0
    0    0]"
disappointed decision,0,2,21,"[71, 678]",[ 71 678   0   0   0   0   0   0   0   0   0   0   0   0   0   0]
integrated seamlessly motorola razr phone,1,5,41,"[3042, 1523, 255, 683, 4]","[3042 1523  255  683    4    0    0    0    0    0    0    0    0    0
    0    0]"
buyer beware could flush money right toilet,0,7,43,"[1134, 1062, 37, 3043, 85, 64, 3044]","[1134 1062   37 3043   85   64 3044    0    0    0    0    0    0    0
    0    0]"
definitely bargain,1,2,18,"[65, 692]",[ 65 692   0   0   0   0   0   0   0   0   0   0   0   0   0   0]
price good free shipping good purchase,1,6,38,"[47, 1, 373, 693, 1, 210]",[ 47   1 373 693   1 210   0   0   0   0   0   0   0   0   0   0]
received supposedly new motorola apparently match phone charger,0,8,63,"[334, 1575, 86, 255, 1631, 1135, 4, 144]","[ 334 1575   86  255 1631 1135    4  144    0    0    0    0    0    0
    0    0]"
pro good camera nice picture also cool style like black white more,1,12,66,"[1632, 1, 164, 32, 176, 23, 200, 433, 11, 222, 382, 516]","[1632    1  164   32  176   23  200  433   11  222  382  516    0    0
    0    0]"
that huge design flaw unless using correctly think case,0,9,55,"[82, 343, 285, 559, 508, 251, 3045, 45, 52]","[  82  343  285  559  508  251 3045   45   52    0    0    0    0    0
    0    0]"
love headset jabra bluetooth headset great reception good ear piece comfortable fit,1,12,83,"[26, 27, 395, 169, 27, 3, 183, 1, 49, 80, 142, 105]",[ 26  27 395 169  27   3 183   1  49  80 142 105   0   0   0   0]
camera although rated impressive megapixels render image fall well expectation relatively high resolution,0,13,105,"[164, 494, 825, 846, 3046, 3047, 3048, 548, 16, 1005, 1278, 302, 1633]","[ 164  494  825  846 3046 3047 3048  548   16 1005 1278  302 1633    0
    0    0]"
purcashed car charger work,0,4,26,"[3049, 153, 144, 14]","[3049  153  144   14    0    0    0    0    0    0    0    0    0    0
    0    0]"
sound quality end excellent use headset call wife ask wife use headset call,1,13,75,"[35, 24, 154, 34, 44, 27, 88, 440, 410, 440, 44, 27, 88]",[ 35  24 154  34  44  27  88 440 410 440  44  27  88   0   0   0]
phone slim light display beautiful,1,5,34,"[4, 1634, 277, 1136, 189]","[   4 1634  277 1136  189    0    0    0    0    0    0    0    0    0
    0    0]"
little geeky think thats sex toast rock ooze sex right battery embedded sleek stylish leather case,1,16,98,"[63, 3050, 45, 861, 1635, 1636, 623, 3051, 1635, 64, 41, 3052, 1637, 3053, 694, 52]","[  63 3050   45  861 1635 1636  623 3051 1635   64   41 3052 1637 3053
  694   52]"
great product fast shipping,1,4,27,"[3, 30, 253, 693]",[  3  30 253 693   0   0   0   0   0   0   0   0   0   0   0   0]
absolutely great,1,2,16,"[131, 3]",[131   3   0   0   0   0   0   0   0   0   0   0   0   0   0   0]
keyboard nice compromise full qwerty basic cell phone number keypad,1,10,67,"[863, 32, 1559, 310, 3054, 1510, 229, 4, 543, 1137]","[ 863   32 1559  310 3054 1510  229    4  543 1137    0    0    0    0
    0    0]"
got phone around end may completely unhappy it,0,8,46,"[53, 4, 166, 154, 344, 246, 1638, 7]","[  53    4  166  154  344  246 1638    7    0    0    0    0    0    0
    0    0]"
comfortable ear,1,2,15,"[142, 49]",[142  49   0   0   0   0   0   0   0   0   0   0   0   0   0   0]
winner u,1,2,8,"[1639, 102]","[1639  102    0    0    0    0    0    0    0    0    0    0    0    0
    0    0]"
setup simpler,1,2,13,"[1138, 3055]","[1138 3055    0    0    0    0    0    0    0    0    0    0    0    0
    0    0]"
tried several different earpiece cell phone jabra one first one found fit ear comfortably,1,14,89,"[211, 267, 315, 517, 229, 4, 395, 6, 42, 6, 113, 105, 49, 869]",[211 267 315 517 229   4 395   6  42   6 113 105  49 869   0   0]
could get strong enough signal,0,5,30,"[37, 25, 363, 61, 518]",[ 37  25 363  61 518   0   0   0   0   0   0   0   0   0   0   0]
iam pleased purchase,1,3,20,"[3056, 337, 210]","[3056  337  210    0    0    0    0    0    0    0    0    0    0    0
    0    0]"
bad quality,0,2,11,"[15, 24]",[15 24  0  0  0  0  0  0  0  0  0  0  0  0  0  0]
get job done,1,3,12,"[25, 138, 208]",[ 25 138 208   0   0   0   0   0   0   0   0   0   0   0   0   0]
great audio,1,2,11,"[3, 509]",[  3 509   0   0   0   0   0   0   0   0   0   0   0   0   0   0]
basically service bad,0,3,21,"[680, 12, 15]",[680  12  15   0   0   0   0   0   0   0   0   0   0   0   0   0]
work cell phone plug set charger,0,6,32,"[14, 229, 4, 281, 248, 144]",[ 14 229   4 281 248 144   0   0   0   0   0   0   0   0   0   0]
bluetooth week really like it,1,5,29,"[169, 287, 13, 11, 7]",[169 287  13  11   7   0   0   0   0   0   0   0   0   0   0   0]
bt headset disapoinment,0,3,23,"[1139, 27, 3057]","[1139   27 3057    0    0    0    0    0    0    0    0    0    0    0
    0    0]"
small even realize getting used it,1,6,34,"[182, 19, 1598, 280, 109, 7]","[ 182   19 1598  280  109    7    0    0    0    0    0    0    0    0
    0    0]"
accompanied software almost brilliant,1,4,37,"[3058, 519, 293, 472]","[3058  519  293  472    0    0    0    0    0    0    0    0    0    0
    0    0]"
headset work great packaged nicely avoid damage,1,7,47,"[27, 14, 3, 1130, 3059, 225, 3060]","[  27   14    3 1130 3059  225 3060    0    0    0    0    0    0    0
    0    0]"
i definitly recommend,1,3,21,"[243, 3061, 40]","[ 243 3061   40    0    0    0    0    0    0    0    0    0    0    0
    0    0]"
buyer be careful,0,3,16,"[1134, 695, 1640]","[1134  695 1640    0    0    0    0    0    0    0    0    0    0    0
    0    0]"
majority logitech earbud headset failed,0,5,39,"[3062, 1641, 1140, 27, 832]","[3062 1641 1140   27  832    0    0    0    0    0    0    0    0    0
    0    0]"
good stuff price,1,3,16,"[1, 674, 47]",[  1 674  47   0   0   0   0   0   0   0   0   0   0   0   0   0]
headset work peachy keen,1,4,24,"[27, 14, 3063, 3064]","[  27   14 3063 3064    0    0    0    0    0    0    0    0    0    0
    0    0]"
house getting dropped coverage upstairs coverage basement,0,7,57,"[370, 280, 386, 1141, 3065, 1141, 3066]","[ 370  280  386 1141 3065 1141 3066    0    0    0    0    0    0    0
    0    0]"
voice recognition tremendous,1,3,28,"[326, 1642, 1003]","[ 326 1642 1003    0    0    0    0    0    0    0    0    0    0    0
    0    0]"
waste,0,1,5,[84],[84  0  0  0  0  0  0  0  0  0  0  0  0  0  0  0]
several different minute call experienced drop area bar,0,8,55,"[267, 315, 54, 88, 1142, 595, 441, 227]","[ 267  315   54   88 1142  595  441  227    0    0    0    0    0    0
    0    0]"
happy item,0,2,10,"[120, 146]",[120 146   0   0   0   0   0   0   0   0   0   0   0   0   0   0]
phone take forever charge like hour literally,0,7,45,"[4, 124, 671, 195, 11, 104, 486]",[  4 124 671 195  11 104 486   0   0   0   0   0   0   0   0   0]
got phone reccomendation relative glad did,1,6,42,"[53, 4, 3067, 3068, 325, 596]","[  53    4 3067 3068  325  596    0    0    0    0    0    0    0    0
    0    0]"
reception poor,0,2,14,"[183, 101]",[183 101   0   0   0   0   0   0   0   0   0   0   0   0   0   0]
item stated included description included,0,5,41,"[146, 1643, 859, 1143, 859]","[ 146 1643  859 1143  859    0    0    0    0    0    0    0    0    0
    0    0]"
month screen went black sudden,0,5,30,"[286, 112, 145, 222, 3069]","[ 286  112  145  222 3069    0    0    0    0    0    0    0    0    0
    0    0]"
hoping more,0,2,11,"[1144, 516]","[1144  516    0    0    0    0    0    0    0    0    0    0    0    0
    0    0]"
audio quality poor poor,0,4,23,"[509, 24, 101, 101]",[509  24 101 101   0   0   0   0   0   0   0   0   0   0   0   0]
absolutely problem headset linking blackberry curve,1,6,51,"[131, 66, 27, 3070, 1644, 3071]","[ 131   66   27 3070 1644 3071    0    0    0    0    0    0    0    0
    0    0]"
know sound funny seemed like sketchy technology work well well one work great,1,13,77,"[76, 35, 177, 643, 11, 3072, 1645, 14, 16, 16, 6, 14, 3]","[  76   35  177  643   11 3072 1645   14   16   16    6   14    3    0
    0    0]"
bought wired headphone sound better these,0,6,41,"[140, 1646, 691, 35, 36, 760]","[ 140 1646  691   35   36  760    0    0    0    0    0    0    0    0
    0    0]"
phone fast sending kind message web browsing significantly faster previous phone used,1,12,85,"[4, 253, 1118, 204, 918, 3073, 3074, 3075, 1614, 850, 4, 109]","[   4  253 1118  204  918 3073 3074 3075 1614  850    4  109    0    0
    0    0]"
nice quality build unlike cheap there,1,6,37,"[32, 24, 1592, 3076, 180, 115]","[  32   24 1592 3076  180  115    0    0    0    0    0    0    0    0
    0    0]"
item fantastic work perfectly,1,4,29,"[146, 167, 14, 279]",[146 167  14 279   0   0   0   0   0   0   0   0   0   0   0   0]
love color,1,2,10,"[26, 442]",[ 26 442   0   0   0   0   0   0   0   0   0   0   0   0   0   0]
wi superb,1,2,9,"[1145, 500]","[1145  500    0    0    0    0    0    0    0    0    0    0    0    0
    0    0]"
whine internet go the use thing le like it,0,9,42,"[1302, 520, 21, 245, 44, 31, 311, 11, 7]","[1302  520   21  245   44   31  311   11    7    0    0    0    0    0
    0    0]"
great charger,1,2,13,"[3, 144]",[  3 144   0   0   0   0   0   0   0   0   0   0   0   0   0   0]
essentially communication tool communicate,0,4,42,"[1624, 1647, 696, 3077]","[1624 1647  696 3077    0    0    0    0    0    0    0    0    0    0
    0    0]"
work like charm work one got phone,1,7,34,"[14, 11, 456, 14, 6, 53, 4]",[ 14  11 456  14   6  53   4   0   0   0   0   0   0   0   0   0]
still maintain monkey make headphone obviously share enough dna copy design human,0,12,81,"[56, 1648, 3078, 29, 691, 460, 1431, 61, 3079, 3080, 285, 503]","[  56 1648 3078   29  691  460 1431   61 3079 3080  285  503    0    0
    0    0]"
great value,1,2,11,"[3, 339]",[  3 339   0   0   0   0   0   0   0   0   0   0   0   0   0   0]
work all bougth lc working,0,5,26,"[14, 100, 3081, 3082, 218]","[  14  100 3081 3082  218    0    0    0    0    0    0    0    0    0
    0    0]"
look sharp screen nice clear great graphic,1,7,42,"[48, 1146, 112, 32, 254, 3, 621]","[  48 1146  112   32  254    3  621    0    0    0    0    0    0    0
    0    0]"
last long,0,2,9,"[122, 89]",[122  89   0   0   0   0   0   0   0   0   0   0   0   0   0   0]
one thing hate mode set button side,0,7,35,"[6, 31, 477, 3083, 248, 348, 196]","[   6   31  477 3083  248  348  196    0    0    0    0    0    0    0
    0    0]"
excellent service,1,2,17,"[34, 12]",[34 12  0  0  0  0  0  0  0  0  0  0  0  0  0  0]
thank wasting money,0,3,19,"[1649, 841, 85]","[1649  841   85    0    0    0    0    0    0    0    0    0    0    0
    0    0]"
be the audio quality poor,0,5,25,"[695, 245, 509, 24, 101]",[695 245 509  24 101   0   0   0   0   0   0   0   0   0   0   0]
igo charger tip really great,1,5,28,"[1650, 144, 697, 13, 3]","[1650  144  697   13    3    0    0    0    0    0    0    0    0    0
    0    0]"
file browser offer option one need handsfree great,1,8,50,"[3084, 3085, 565, 597, 6, 192, 1147, 3]","[3084 3085  565  597    6  192 1147    3    0    0    0    0    0    0
    0    0]"
superb phone great network,1,4,26,"[500, 4, 3, 759]",[500   4   3 759   0   0   0   0   0   0   0   0   0   0   0   0]
connected wife bluetooth motorola h phone worked like charm whether phone pocket case,1,13,85,"[1651, 440, 169, 255, 1652, 4, 133, 11, 456, 628, 4, 858, 52]","[1651  440  169  255 1652    4  133   11  456  628    4  858   52    0
    0    0]"
put latest o v g like slow crawl lock every while,0,11,49,"[259, 3086, 1073, 1093, 1270, 11, 147, 3087, 1125, 70, 870]","[ 259 3086 1073 1093 1270   11  147 3087 1125   70  870    0    0    0
    0    0]"
recognizes phone storage device,0,4,31,"[3088, 4, 1653, 228]","[3088    4 1653  228    0    0    0    0    0    0    0    0    0    0
    0    0]"
like loud buzzing override conversation phone you,0,7,49,"[11, 593, 3089, 3090, 854, 4, 217]","[  11  593 3089 3090  854    4  217    0    0    0    0    0    0    0
    0    0]"
buy product,0,2,11,"[150, 30]",[150  30   0   0   0   0   0   0   0   0   0   0   0   0   0   0]
bluetoooth headset time still comfortable way fit ear,0,8,53,"[3091, 27, 8, 56, 142, 43, 105, 49]","[3091   27    8   56  142   43  105   49    0    0    0    0    0    0
    0    0]"
sound quality good functionality awesome,1,5,40,"[35, 24, 1, 1654, 139]","[  35   24    1 1654  139    0    0    0    0    0    0    0    0    0
    0    0]"
phone thorn side really abhor it,0,6,32,"[4, 3092, 196, 13, 3093, 7]","[   4 3092  196   13 3093    7    0    0    0    0    0    0    0    0
    0    0]"
recently problem could stay connected minute disconnected,0,7,57,"[816, 66, 37, 282, 1651, 54, 3094]","[ 816   66   37  282 1651   54 3094    0    0    0    0    0    0    0
    0    0]"
incredible,1,1,10,[273],[273   0   0   0   0   0   0   0   0   0   0   0   0   0   0   0]
design flaw,0,2,11,"[285, 559]",[285 559   0   0   0   0   0   0   0   0   0   0   0   0   0   0]
great phone,1,2,11,"[3, 4]",[3 4 0 0 0 0 0 0 0 0 0 0 0 0 0 0]
waste buck,0,2,10,"[84, 1148]","[  84 1148    0    0    0    0    0    0    0    0    0    0    0    0
    0    0]"
check voice mail night keypad backlight turn second first message lost,0,11,70,"[376, 326, 3095, 162, 1137, 3096, 274, 341, 42, 918, 402]","[ 376  326 3095  162 1137 3096  274  341   42  918  402    0    0    0
    0    0]"
replacement died week,0,3,21,"[1149, 1626, 287]","[1149 1626  287    0    0    0    0    0    0    0    0    0    0    0
    0    0]"
ring tone overall good phone buy,1,6,32,"[1150, 1151, 159, 1, 4, 150]","[1150 1151  159    1    4  150    0    0    0    0    0    0    0    0
    0    0]"
lately extremely nice helpful phone,1,5,35,"[3097, 328, 32, 391, 4]","[3097  328   32  391    4    0    0    0    0    0    0    0    0    0
    0    0]"
problem wit hit dropping signal more,0,6,36,"[66, 3098, 521, 1655, 518, 516]","[  66 3098  521 1655  518  516    0    0    0    0    0    0    0    0
    0    0]"
impressed,0,1,9,[156],[156   0   0   0   0   0   0   0   0   0   0   0   0   0   0   0]
light weight hardly notice there,1,5,32,"[277, 3099, 1656, 1616, 115]","[ 277 3099 1656 1616  115    0    0    0    0    0    0    0    0    0
    0    0]"
love thin is,1,3,12,"[26, 598, 165]",[ 26 598 165   0   0   0   0   0   0   0   0   0   0   0   0   0]
bad choice,0,2,10,"[15, 461]",[ 15 461   0   0   0   0   0   0   0   0   0   0   0   0   0   0]
pleather case fit,0,3,17,"[3100, 52, 105]","[3100   52  105    0    0    0    0    0    0    0    0    0    0    0
    0    0]"
useless phone simply deaf,0,4,25,"[522, 4, 203, 3101]","[ 522    4  203 3101    0    0    0    0    0    0    0    0    0    0
    0    0]"
color even prettier thought would be graphic incredibly sharp,1,9,61,"[442, 19, 3102, 128, 17, 695, 621, 763, 1146]","[ 442   19 3102  128   17  695  621  763 1146    0    0    0    0    0
    0    0]"
think good investment,1,3,21,"[45, 1, 3103]","[  45    1 3103    0    0    0    0    0    0    0    0    0    0    0
    0    0]"
make strange ticking noise end call,0,6,35,"[29, 1657, 3104, 871, 154, 88]","[  29 1657 3104  871  154   88    0    0    0    0    0    0    0    0
    0    0]"
best electronics available fm transmitter,1,5,41,"[18, 3105, 3106, 3107, 3108]","[  18 3105 3106 3107 3108    0    0    0    0    0    0    0    0    0
    0    0]"
battery last hour,0,3,17,"[41, 122, 104]",[ 41 122 104   0   0   0   0   0   0   0   0   0   0   0   0   0]
great headset impressed h,1,4,25,"[3, 27, 156, 1652]","[   3   27  156 1652    0    0    0    0    0    0    0    0    0    0
    0    0]"
mega pixel camera part phone reasonably good,1,7,44,"[3109, 3110, 164, 135, 4, 698, 1]","[3109 3110  164  135    4  698    1    0    0    0    0    0    0    0
    0    0]"
nearly year worked great me,1,5,27,"[729, 58, 133, 3, 103]",[729  58 133   3 103   0   0   0   0   0   0   0   0   0   0   0]
good transmit audio,1,3,19,"[1, 3111, 509]","[   1 3111  509    0    0    0    0    0    0    0    0    0    0    0
    0    0]"
sending back,0,2,12,"[1118, 22]","[1118   22    0    0    0    0    0    0    0    0    0    0    0    0
    0    0]"
bother contacting company dollar product learned lesson bought form online anyway,0,11,81,"[585, 3112, 340, 972, 30, 3113, 3114, 140, 618, 3115, 853]","[ 585 3112  340  972   30 3113 3114  140  618 3115  853    0    0    0
    0    0]"
hate earbugs avoid phone mean,0,5,29,"[477, 3116, 225, 4, 423]","[ 477 3116  225    4  423    0    0    0    0    0    0    0    0    0
    0    0]"
great price also,1,3,16,"[3, 47, 23]",[ 3 47 23  0  0  0  0  0  0  0  0  0  0  0  0  0]
range decent able roam around house phone living room reception sound quality issue,1,13,83,"[592, 419, 872, 3117, 166, 370, 4, 560, 571, 183, 35, 24, 672]","[ 592  419  872 3117  166  370    4  560  571  183   35   24  672    0
    0    0]"
fast service,1,2,12,"[253, 12]",[253  12   0   0   0   0   0   0   0   0   0   0   0   0   0   0]
would highly recommend this,1,4,27,"[17, 116, 40, 111]",[ 17 116  40 111   0   0   0   0   0   0   0   0   0   0   0   0]
would recommend this,1,3,20,"[17, 40, 111]",[ 17  40 111   0   0   0   0   0   0   0   0   0   0   0   0   0]
also like on button felt like would crack use,0,9,45,"[23, 11, 301, 348, 221, 11, 17, 3118, 44]","[  23   11  301  348  221   11   17 3118   44    0    0    0    0    0
    0    0]"
worst phone ever,0,3,16,"[51, 4, 20]",[51  4 20  0  0  0  0  0  0  0  0  0  0  0  0  0]
still infatuated phone,1,3,22,"[56, 3119, 4]","[  56 3119    4    0    0    0    0    0    0    0    0    0    0    0
    0    0]"
freeze frequently,0,2,17,"[3120, 3121]","[3120 3121    0    0    0    0    0    0    0    0    0    0    0    0
    0    0]"
kind embarrassing use look mostly embarrassing child like company is,0,10,68,"[204, 634, 44, 48, 483, 634, 414, 11, 340, 165]",[204 634  44  48 483 634 414  11 340 165   0   0   0   0   0   0]
simple lightweight great fit,1,4,28,"[513, 873, 3, 105]",[513 873   3 105   0   0   0   0   0   0   0   0   0   0   0   0]
all expected better consumer experience motorola,0,6,48,"[100, 435, 36, 1658, 75, 255]","[ 100  435   36 1658   75  255    0    0    0    0    0    0    0    0
    0    0]"
there horrible tick sound background call never experienced before,0,9,66,"[115, 163, 3122, 35, 1659, 88, 38, 1142, 555]","[ 115  163 3122   35 1659   88   38 1142  555    0    0    0    0    0
    0    0]"
certainly comfortable functionality decent,1,4,42,"[294, 142, 1654, 419]","[ 294  142 1654  419    0    0    0    0    0    0    0    0    0    0
    0    0]"
usually like headband one lightweight mess hair,1,7,47,"[1660, 11, 3123, 6, 873, 342, 1152]","[1660   11 3123    6  873  342 1152    0    0    0    0    0    0    0
    0    0]"
bit disappointed,0,2,16,"[199, 71]",[199  71   0   0   0   0   0   0   0   0   0   0   0   0   0   0]
phone year now tell you great,0,6,29,"[4, 58, 489, 335, 217, 3]",[  4  58 489 335 217   3   0   0   0   0   0   0   0   0   0   0]
ordered sony ericsson wi think worked thats first used it,0,10,57,"[184, 1661, 3124, 1145, 45, 133, 861, 42, 109, 7]","[ 184 1661 3124 1145   45  133  861   42  109    7    0    0    0    0
    0    0]"
battery completely useless me,0,4,29,"[41, 246, 522, 103]",[ 41 246 522 103   0   0   0   0   0   0   0   0   0   0   0   0]
big waste time,0,3,14,"[151, 84, 8]",[151  84   8   0   0   0   0   0   0   0   0   0   0   0   0   0]
waste one,0,2,9,"[84, 6]",[84  6  0  0  0  0  0  0  0  0  0  0  0  0  0  0]
great sound service,1,3,19,"[3, 35, 12]",[ 3 35 12  0  0  0  0  0  0  0  0  0  0  0  0  0]
really pleased product far,1,4,26,"[13, 337, 30, 90]",[ 13 337  30  90   0   0   0   0   0   0   0   0   0   0   0   0]
one favorite purchase ever,1,4,26,"[6, 681, 210, 20]",[  6 681 210  20   0   0   0   0   0   0   0   0   0   0   0   0]
best bluetooth market,1,3,21,"[18, 169, 874]",[ 18 169 874   0   0   0   0   0   0   0   0   0   0   0   0   0]
authentic leather nice shine comfort i recommend case,1,8,53,"[523, 694, 32, 3125, 1153, 243, 40, 52]","[ 523  694   32 3125 1153  243   40   52    0    0    0    0    0    0
    0    0]"
excited get headset thought really cute,1,6,39,"[1662, 25, 27, 128, 13, 659]","[1662   25   27  128   13  659    0    0    0    0    0    0    0    0
    0    0]"
make mistake me,0,3,15,"[29, 505, 103]",[ 29 505 103   0   0   0   0   0   0   0   0   0   0   0   0   0]
big disappointment calendar sync,0,4,32,"[151, 330, 3126, 3127]","[ 151  330 3126 3127    0    0    0    0    0    0    0    0    0    0
    0    0]"
phone unusable new,0,3,18,"[4, 1619, 86]","[   4 1619   86    0    0    0    0    0    0    0    0    0    0    0
    0    0]"
worst customer service ever,0,4,27,"[51, 185, 12, 20]",[ 51 185  12  20   0   0   0   0   0   0   0   0   0   0   0   0]
additional ear gel provided instruction whatsoever,0,6,50,"[1663, 49, 1664, 647, 687, 640]","[1663   49 1664  647  687  640    0    0    0    0    0    0    0    0
    0    0]"
defeat purpose bluetooth headset,0,4,32,"[3128, 1665, 169, 27]","[3128 1665  169   27    0    0    0    0    0    0    0    0    0    0
    0    0]"
worth every penny,1,3,17,"[93, 70, 3129]","[  93   70 3129    0    0    0    0    0    0    0    0    0    0    0
    0    0]"
excellent wallet type phone case,1,5,32,"[34, 3130, 810, 4, 52]","[  34 3130  810    4   52    0    0    0    0    0    0    0    0    0
    0    0]"
nice headphone price work great,1,5,31,"[32, 691, 47, 14, 3]",[ 32 691  47  14   3   0   0   0   0   0   0   0   0   0   0   0]
internet excrutiatingly slow,0,3,28,"[520, 3131, 147]","[ 520 3131  147    0    0    0    0    0    0    0    0    0    0    0
    0    0]"
comfortable wear well probably important aspect using case,1,8,58,"[142, 394, 16, 132, 408, 741, 251, 52]",[142 394  16 132 408 741 251  52   0   0   0   0   0   0   0   0]
fit like glove strong secure durable,1,6,36,"[105, 11, 3132, 363, 1666, 3133]","[ 105   11 3132  363 1666 3133    0    0    0    0    0    0    0    0
    0    0]"
gosh best phone ever had,1,5,24,"[1305, 18, 4, 20, 390]","[1305   18    4   20  390    0    0    0    0    0    0    0    0    0
    0    0]"
attractive appears good quality,1,4,31,"[1539, 1667, 1, 24]","[1539 1667    1   24    0    0    0    0    0    0    0    0    0    0
    0    0]"
love feature form factor,1,4,24,"[26, 306, 618, 3134]","[  26  306  618 3134    0    0    0    0    0    0    0    0    0    0
    0    0]"
product strong rubber petroleum smell unbearable caused return,0,8,62,"[30, 363, 1668, 3135, 845, 1498, 1669, 317]","[  30  363 1668 3135  845 1498 1669  317    0    0    0    0    0    0
    0    0]"
poor quality service,0,3,20,"[101, 24, 12]",[101  24  12   0   0   0   0   0   0   0   0   0   0   0   0   0]
cable look thin flimsy scary,0,5,28,"[431, 48, 598, 1670, 1565]","[ 431   48  598 1670 1565    0    0    0    0    0    0    0    0    0
    0    0]"
great earpiece,1,2,14,"[3, 517]",[  3 517   0   0   0   0   0   0   0   0   0   0   0   0   0   0]
excellent hand free tool,1,4,24,"[34, 288, 373, 696]",[ 34 288 373 696   0   0   0   0   0   0   0   0   0   0   0   0]
great using home stereo,1,4,23,"[3, 251, 388, 3136]","[   3  251  388 3136    0    0    0    0    0    0    0    0    0    0
    0    0]"
good product incredible value,1,4,29,"[1, 30, 273, 339]",[  1  30 273 339   0   0   0   0   0   0   0   0   0   0   0   0]
month worked flawlessly far,1,4,27,"[286, 133, 1671, 90]","[ 286  133 1671   90    0    0    0    0    0    0    0    0    0    0
    0    0]"
absolutel junk,0,2,14,"[3137, 374]","[3137  374    0    0    0    0    0    0    0    0    0    0    0    0
    0    0]"
one work either,0,3,15,"[6, 14, 220]",[  6  14 220   0   0   0   0   0   0   0   0   0   0   0   0   0]
battery life real good,1,4,22,"[41, 92, 91, 1]",[41 92 91  1  0  0  0  0  0  0  0  0  0  0  0  0]
returned hour later,0,3,19,"[1123, 104, 501]","[1123  104  501    0    0    0    0    0    0    0    0    0    0    0
    0    0]"
great item,1,2,10,"[3, 146]",[  3 146   0   0   0   0   0   0   0   0   0   0   0   0   0   0]
waste money,0,2,11,"[84, 85]",[84 85  0  0  0  0  0  0  0  0  0  0  0  0  0  0]
love headset,1,2,12,"[26, 27]",[26 27  0  0  0  0  0  0  0  0  0  0  0  0  0  0]
drain player may also potentially fry it,0,7,40,"[875, 430, 344, 23, 3138, 289, 7]","[ 875  430  344   23 3138  289    7    0    0    0    0    0    0    0
    0    0]"
worked perfectly,1,2,16,"[133, 279]",[133 279   0   0   0   0   0   0   0   0   0   0   0   0   0   0]
unreliable giving up,0,3,20,"[876, 1063, 181]","[ 876 1063  181    0    0    0    0    0    0    0    0    0    0    0
    0    0]"
gave star sound quality,1,4,23,"[367, 81, 35, 24]",[367  81  35  24   0   0   0   0   0   0   0   0   0   0   0   0]
avoid one can,0,3,13,"[225, 6, 106]",[225   6 106   0   0   0   0   0   0   0   0   0   0   0   0   0]
reversible plug work great,1,4,26,"[3139, 281, 14, 3]","[3139  281   14    3    0    0    0    0    0    0    0    0    0    0
    0    0]"
wasted little money earpiece,0,4,28,"[359, 63, 85, 517]",[359  63  85 517   0   0   0   0   0   0   0   0   0   0   0   0]
good phone,1,2,10,"[1, 4]",[1 4 0 0 0 0 0 0 0 0 0 0 0 0 0 0]
best rotating feature helpful,1,4,29,"[18, 1672, 306, 391]","[  18 1672  306  391    0    0    0    0    0    0    0    0    0    0
    0    0]"
comfort whole family,1,3,20,"[1153, 308, 193]","[1153  308  193    0    0    0    0    0    0    0    0    0    0    0
    0    0]"
good product good seller,1,4,24,"[1, 30, 1, 877]",[  1  30   1 877   0   0   0   0   0   0   0   0   0   0   0   0]
love bluetooth,1,2,14,"[26, 169]",[ 26 169   0   0   0   0   0   0   0   0   0   0   0   0   0   0]
first all wear well,0,4,19,"[42, 100, 394, 16]",[ 42 100 394  16   0   0   0   0   0   0   0   0   0   0   0   0]
impressed headset plantronics,1,3,29,"[156, 27, 878]",[156  27 878   0   0   0   0   0   0   0   0   0   0   0   0   0]
got small adorable,1,3,18,"[53, 182, 732]",[ 53 182 732   0   0   0   0   0   0   0   0   0   0   0   0   0]
recommend buying product,0,3,24,"[40, 879, 30]",[ 40 879  30   0   0   0   0   0   0   0   0   0   0   0   0   0]
piece junk,0,2,10,"[80, 374]",[ 80 374   0   0   0   0   0   0   0   0   0   0   0   0   0   0]
poorly contstruct hinge,0,3,23,"[667, 3140, 3141]","[ 667 3140 3141    0    0    0    0    0    0    0    0    0    0    0
    0    0]"
item great installed it let charged overnite working good every since problem,1,12,77,"[146, 3, 3142, 7, 296, 880, 3143, 218, 1, 70, 149, 66]","[ 146    3 3142    7  296  880 3143  218    1   70  149   66    0    0
    0    0]"
buy it,0,2,6,"[150, 7]",[150   7   0   0   0   0   0   0   0   0   0   0   0   0   0   0]
excellent phone,1,2,15,"[34, 4]",[34  4  0  0  0  0  0  0  0  0  0  0  0  0  0  0]
purchase phone,0,2,14,"[210, 4]",[210   4   0   0   0   0   0   0   0   0   0   0   0   0   0   0]
voice recognition thru handset excellent,1,5,40,"[326, 1642, 1673, 3144, 34]","[ 326 1642 1673 3144   34    0    0    0    0    0    0    0    0    0
    0    0]"
hand best phone ever had,1,5,24,"[288, 18, 4, 20, 390]",[288  18   4  20 390   0   0   0   0   0   0   0   0   0   0   0]
work great cat attacked phone scratched protective strip instead destroying screen,1,11,82,"[14, 3, 1612, 3145, 4, 1154, 3146, 881, 553, 3147, 112]","[  14    3 1612 3145    4 1154 3146  881  553 3147  112    0    0    0
    0    0]"
one work priced right,1,4,21,"[6, 14, 392, 64]",[  6  14 392  64   0   0   0   0   0   0   0   0   0   0   0   0]
customer service terrible,0,3,25,"[185, 12, 72]",[185  12  72   0   0   0   0   0   0   0   0   0   0   0   0   0]
battery life still long enough motorola razor vi,0,8,48,"[41, 92, 56, 89, 61, 255, 3148, 1674]","[  41   92   56   89   61  255 3148 1674    0    0    0    0    0    0
    0    0]"
know made wise decision,1,4,23,"[76, 28, 999, 678]",[ 76  28 999 678   0   0   0   0   0   0   0   0   0   0   0   0]
someone shouldve invented sooner,1,4,32,"[581, 3149, 3150, 3151]","[ 581 3149 3150 3151    0    0    0    0    0    0    0    0    0    0
    0    0]"
good price,1,2,10,"[1, 47]",[ 1 47  0  0  0  0  0  0  0  0  0  0  0  0  0  0]
everything worked first try the device certainly engineered clever way construction feel good,1,13,93,"[60, 133, 42, 194, 245, 228, 294, 3152, 805, 43, 1131, 118, 1]","[  60  133   42  194  245  228  294 3152  805   43 1131  118    1    0
    0    0]"
received quickly work great,1,4,27,"[334, 515, 14, 3]",[334 515  14   3   0   0   0   0   0   0   0   0   0   0   0   0]
working great,1,2,13,"[218, 3]",[218   3   0   0   0   0   0   0   0   0   0   0   0   0   0   0]
many people complained found headset microphone weak,0,7,52,"[117, 68, 3153, 113, 27, 1155, 506]","[ 117   68 3153  113   27 1155  506    0    0    0    0    0    0    0
    0    0]"
year old nokia tracfone hold charge lot better this,0,9,51,"[58, 247, 524, 3154, 309, 195, 79, 36, 111]","[  58  247  524 3154  309  195   79   36  111    0    0    0    0    0
    0    0]"
care consumer one bit,0,4,21,"[380, 1658, 6, 199]","[ 380 1658    6  199    0    0    0    0    0    0    0    0    0    0
    0    0]"
good battery got really fast,1,5,28,"[1, 41, 53, 13, 253]",[  1  41  53  13 253   0   0   0   0   0   0   0   0   0   0   0]
instruction manual lacking,0,3,26,"[687, 3155, 599]","[ 687 3155  599    0    0    0    0    0    0    0    0    0    0    0
    0    0]"
also slim enough fit alarm clock docking station without removing case,1,11,70,"[23, 1634, 61, 105, 3156, 3157, 1627, 865, 244, 1486, 52]","[  23 1634   61  105 3156 3157 1627  865  244 1486   52    0    0    0
    0    0]"
phone hold charge like new,1,5,26,"[4, 309, 195, 11, 86]",[  4 309 195  11  86   0   0   0   0   0   0   0   0   0   0   0]
battery unreliable well service use antena,0,6,42,"[41, 876, 16, 12, 44, 3158]","[  41  876   16   12   44 3158    0    0    0    0    0    0    0    0
    0    0]"
uncomfortable sound quality quite poor compared phone razr previous wired headset that plugged lg,0,14,97,"[1156, 35, 24, 97, 101, 3159, 4, 683, 850, 1646, 27, 82, 1157, 882]","[1156   35   24   97  101 3159    4  683  850 1646   27   82 1157  882
    0    0]"
gotten lot compliment it,1,4,24,"[782, 79, 1675, 7]","[ 782   79 1675    7    0    0    0    0    0    0    0    0    0    0
    0    0]"
definitely must state allow cell phone usage driving,1,8,52,"[65, 155, 1343, 1499, 229, 4, 3160, 1158]","[  65  155 1343 1499  229    4 3160 1158    0    0    0    0    0    0
    0    0]"
want money back,0,3,15,"[94, 85, 22]",[94 85 22  0  0  0  0  0  0  0  0  0  0  0  0  0]
love device,1,2,11,"[26, 228]",[ 26 228   0   0   0   0   0   0   0   0   0   0   0   0   0   0]
also happy price,1,3,16,"[23, 120, 47]",[ 23 120  47   0   0   0   0   0   0   0   0   0   0   0   0   0]
ordered product first unhappy immediately,0,5,41,"[184, 30, 42, 1638, 883]","[ 184   30   42 1638  883    0    0    0    0    0    0    0    0    0
    0    0]"
ngage still lacking earbuds,0,4,27,"[3161, 56, 599, 3162]","[3161   56  599 3162    0    0    0    0    0    0    0    0    0    0
    0    0]"
able voice dialing car problem,1,5,30,"[872, 326, 1676, 153, 66]","[ 872  326 1676  153   66    0    0    0    0    0    0    0    0    0
    0    0]"
bar cell phone home cant hear anything,0,7,38,"[227, 229, 4, 388, 884, 224, 234]",[227 229   4 388 884 224 234   0   0   0   0   0   0   0   0   0]
good item low price,1,4,19,"[1, 146, 201, 47]",[  1 146 201  47   0   0   0   0   0   0   0   0   0   0   0   0]
however the riingtones best neither game,0,6,40,"[161, 245, 3163, 18, 1159, 260]","[ 161  245 3163   18 1159  260    0    0    0    0    0    0    0    0
    0    0]"
plug work well,0,3,14,"[281, 14, 16]",[281  14  16   0   0   0   0   0   0   0   0   0   0   0   0   0]
amazon suck,0,2,11,"[396, 168]",[396 168   0   0   0   0   0   0   0   0   0   0   0   0   0   0]
rip off charge shipping,0,4,23,"[3164, 312, 195, 693]","[3164  312  195  693    0    0    0    0    0    0    0    0    0    0
    0    0]"
comfortable,1,1,11,[142],[142   0   0   0   0   0   0   0   0   0   0   0   0   0   0   0]
battery working well replacement original came phone year ago,1,9,61,"[41, 218, 16, 1149, 383, 73, 4, 58, 381]","[  41  218   16 1149  383   73    4   58  381    0    0    0    0    0
    0    0]"
reception excellent,1,2,19,"[183, 34]",[183  34   0   0   0   0   0   0   0   0   0   0   0   0   0   0]
fit comfortably either ear sound clear loud charge last couple day,1,11,66,"[105, 869, 220, 49, 35, 254, 593, 195, 122, 338, 87]",[105 869 220  49  35 254 593 195 122 338  87   0   0   0   0   0]
clear quality sound mess sound ipod since sound button headset,1,10,62,"[254, 24, 35, 342, 35, 1127, 149, 35, 348, 27]","[ 254   24   35  342   35 1127  149   35  348   27    0    0    0    0
    0    0]"
long lasting battery you recharge frequentyly flip phone,0,8,56,"[89, 1095, 41, 217, 1677, 3165, 1160, 4]","[  89 1095   41  217 1677 3165 1160    4    0    0    0    0    0    0
    0    0]"
obviously problem adhesive,0,3,26,"[460, 66, 3166]","[ 460   66 3166    0    0    0    0    0    0    0    0    0    0    0
    0    0]"
inexpensive piece would still expected better quality,0,7,53,"[1161, 80, 17, 56, 435, 36, 24]","[1161   80   17   56  435   36   24    0    0    0    0    0    0    0
    0    0]"
practically useless add kind boost reception bought it,0,8,54,"[1250, 522, 1462, 204, 1573, 183, 140, 7]","[1250  522 1462  204 1573  183  140    7    0    0    0    0    0    0
    0    0]"
excellent sound quality,1,3,23,"[34, 35, 24]",[34 35 24  0  0  0  0  0  0  0  0  0  0  0  0  0]
happy,0,1,5,[120],[120   0   0   0   0   0   0   0   0   0   0   0   0   0   0   0]
piece junk broke phone day,0,5,26,"[80, 374, 439, 4, 87]",[ 80 374 439   4  87   0   0   0   0   0   0   0   0   0   0   0]
new battery work great phone,1,5,28,"[86, 41, 14, 3, 4]",[86 41 14  3  4  0  0  0  0  0  0  0  0  0  0  0]
worst customer service,0,3,22,"[51, 185, 12]",[ 51 185  12   0   0   0   0   0   0   0   0   0   0   0   0   0]
dropped phone time say even concrete phone still great knock wood,1,11,65,"[386, 4, 8, 55, 19, 3167, 4, 56, 3, 3168, 3169]","[ 386    4    8   55   19 3167    4   56    3 3168 3169    0    0    0
    0    0]"
reception terrible full static,0,4,30,"[183, 72, 310, 1120]","[ 183   72  310 1120    0    0    0    0    0    0    0    0    0    0
    0    0]"
good audio quality,1,3,18,"[1, 509, 24]",[  1 509  24   0   0   0   0   0   0   0   0   0   0   0   0   0]
little device transformed organizational capability made life whole lot easier,1,10,78,"[63, 228, 3170, 3171, 3172, 28, 92, 308, 79, 885]","[  63  228 3170 3171 3172   28   92  308   79  885    0    0    0    0
    0    0]"
sitting vehicle cradle belt headset lost signal,0,7,47,"[1162, 3173, 3174, 699, 27, 402, 518]","[1162 3173 3174  699   27  402  518    0    0    0    0    0    0    0
    0    0]"
jerk phone,0,2,10,"[1678, 4]","[1678    4    0    0    0    0    0    0    0    0    0    0    0    0
    0    0]"
work like charm work advertised,1,5,31,"[14, 11, 456, 14, 1628]","[  14   11  456   14 1628    0    0    0    0    0    0    0    0    0
    0    0]"
comfortable nice range good battery life,1,6,40,"[142, 32, 592, 1, 41, 92]",[142  32 592   1  41  92   0   0   0   0   0   0   0   0   0   0]
network coverage los angeles horrible,0,5,37,"[759, 1141, 1067, 1068, 163]","[ 759 1141 1067 1068  163    0    0    0    0    0    0    0    0    0
    0    0]"
excellent starter wireless headset,0,4,34,"[34, 3175, 1163, 27]","[  34 3175 1163   27    0    0    0    0    0    0    0    0    0    0
    0    0]"
loudspeaker option great bumper light appealing,0,6,47,"[3176, 597, 3, 3177, 277, 733]","[3176  597    3 3177  277  733    0    0    0    0    0    0    0    0
    0    0]"
thing think could improve sound leak headset,0,7,44,"[31, 45, 37, 3178, 35, 3179, 27]","[  31   45   37 3178   35 3179   27    0    0    0    0    0    0    0
    0    0]"
first reception suck never bar ever,0,6,35,"[42, 183, 168, 38, 227, 20]",[ 42 183 168  38 227  20   0   0   0   0   0   0   0   0   0   0]
phone get extremely hot,0,4,23,"[4, 25, 328, 443]",[  4  25 328 443   0   0   0   0   0   0   0   0   0   0   0   0]
microphone also work well according people called applifies everything,1,9,70,"[1155, 23, 14, 16, 3180, 68, 783, 3181, 60]","[1155   23   14   16 3180   68  783 3181   60    0    0    0    0    0
    0    0]"
nice design quality,1,3,19,"[32, 285, 24]",[ 32 285  24   0   0   0   0   0   0   0   0   0   0   0   0   0]
also phone dropped case going save it specially dropped face down,0,11,65,"[23, 4, 386, 52, 67, 931, 7, 3182, 386, 404, 478]","[  23    4  386   52   67  931    7 3182  386  404  478    0    0    0
    0    0]"
light easy use clear reception transmission,1,6,43,"[277, 143, 44, 254, 183, 3183]","[ 277  143   44  254  183 3183    0    0    0    0    0    0    0    0
    0    0]"
bad fit way big,0,4,15,"[15, 105, 43, 151]",[ 15 105  43 151   0   0   0   0   0   0   0   0   0   0   0   0]
definitely good,1,2,15,"[65, 1]",[65  1  0  0  0  0  0  0  0  0  0  0  0  0  0  0]
awesome device,1,2,14,"[139, 228]",[139 228   0   0   0   0   0   0   0   0   0   0   0   0   0   0]
ordered motorola data cable got well finished working product,1,9,61,"[184, 255, 700, 431, 53, 16, 1446, 218, 30]","[ 184  255  700  431   53   16 1446  218   30    0    0    0    0    0
    0    0]"
love phone,1,2,10,"[26, 4]",[26  4  0  0  0  0  0  0  0  0  0  0  0  0  0  0]
looking headset long time got happier,1,6,37,"[346, 27, 89, 8, 53, 886]",[346  27  89   8  53 886   0   0   0   0   0   0   0   0   0   0]
drivng along headset start ringing reason,0,6,41,"[3184, 951, 27, 584, 1679, 504]","[3184  951   27  584 1679  504    0    0    0    0    0    0    0    0
    0    0]"
display excellent camera good year,1,5,34,"[1136, 34, 164, 1, 58]","[1136   34  164    1   58    0    0    0    0    0    0    0    0    0
    0    0]"
battery life also great,1,4,23,"[41, 92, 23, 3]",[41 92 23  3  0  0  0  0  0  0  0  0  0  0  0  0]
worst phone ever had month,0,5,26,"[51, 4, 20, 390, 286]",[ 51   4  20 390 286   0   0   0   0   0   0   0   0   0   0   0]
good item worked started problem auto reverse tape player,0,9,57,"[1, 146, 133, 313, 66, 1680, 1311, 3185, 430]","[   1  146  133  313   66 1680 1311 3185  430    0    0    0    0    0
    0    0]"
embarassing also ear hurt try push ear plug ear,0,9,47,"[3186, 23, 49, 1453, 194, 1681, 49, 281, 49]","[3186   23   49 1453  194 1681   49  281   49    0    0    0    0    0
    0    0]"
protects phone side,1,3,19,"[3187, 4, 196]","[3187    4  196    0    0    0    0    0    0    0    0    0    0    0
    0    0]"
average phone bad battery life operates weak network,0,8,52,"[405, 4, 15, 41, 92, 3188, 506, 759]","[ 405    4   15   41   92 3188  506  759    0    0    0    0    0    0
    0    0]"
clear skype call long battery life long range,1,8,45,"[254, 1682, 88, 89, 41, 92, 89, 592]","[ 254 1682   88   89   41   92   89  592    0    0    0    0    0    0
    0    0]"
soyo technology suck,0,3,20,"[3189, 1645, 168]","[3189 1645  168    0    0    0    0    0    0    0    0    0    0    0
    0    0]"
great hand free device,1,4,22,"[3, 288, 373, 228]",[  3 288 373 228   0   0   0   0   0   0   0   0   0   0   0   0]
even take self portrait outside exterior display cool,1,8,53,"[19, 124, 479, 3190, 507, 1458, 1136, 200]","[  19  124  479 3190  507 1458 1136  200    0    0    0    0    0    0
    0    0]"
problem others mentioned,0,3,24,"[66, 475, 3191]","[  66  475 3191    0    0    0    0    0    0    0    0    0    0    0
    0    0]"
trying many many handsfree gadget one finally work well,1,9,55,"[403, 117, 117, 1147, 1114, 6, 432, 14, 16]","[ 403  117  117 1147 1114    6  432   14   16    0    0    0    0    0
    0    0]"
magical help,1,2,12,"[3192, 750]","[3192  750    0    0    0    0    0    0    0    0    0    0    0    0
    0    0]"
worst piece crap ever along verizon customer service,0,8,52,"[51, 80, 324, 20, 951, 393, 185, 12]",[ 51  80 324  20 951 393 185  12   0   0   0   0   0   0   0   0]
poor sound quality,0,3,18,"[101, 35, 24]",[101  35  24   0   0   0   0   0   0   0   0   0   0   0   0   0]
best phone market,1,3,17,"[18, 4, 874]",[ 18   4 874   0   0   0   0   0   0   0   0   0   0   0   0   0]
worked well,1,2,11,"[133, 16]",[133  16   0   0   0   0   0   0   0   0   0   0   0   0   0   0]
company shipped product promptly work well,1,6,42,"[340, 1683, 30, 1684, 14, 16]","[ 340 1683   30 1684   14   16    0    0    0    0    0    0    0    0
    0    0]"
exactly wanted,1,2,14,"[574, 429]",[574 429   0   0   0   0   0   0   0   0   0   0   0   0   0   0]
picture resolution far comparably priced phone offering today,0,8,61,"[176, 1633, 90, 3193, 392, 4, 3194, 360]","[ 176 1633   90 3193  392    4 3194  360    0    0    0    0    0    0
    0    0]"
great deal,1,2,10,"[3, 349]",[  3 349   0   0   0   0   0   0   0   0   0   0   0   0   0   0]
excellent product satisfied purchase,1,4,36,"[34, 30, 701, 210]",[ 34  30 701 210   0   0   0   0   0   0   0   0   0   0   0   0]
highly recommend encourage people give try,1,6,42,"[116, 40, 3195, 68, 107, 194]","[ 116   40 3195   68  107  194    0    0    0    0    0    0    0    0
    0    0]"
better expect,1,2,13,"[36, 252]",[ 36 252   0   0   0   0   0   0   0   0   0   0   0   0   0   0]
using earpiece left right thing stay ear,0,7,40,"[251, 517, 271, 64, 31, 282, 49]",[251 517 271  64  31 282  49   0   0   0   0   0   0   0   0   0]
great product price,1,3,19,"[3, 30, 47]",[ 3 30 47  0  0  0  0  0  0  0  0  0  0  0  0  0]
sound good reasonably priced effective simple,1,6,45,"[35, 1, 698, 392, 1025, 513]","[  35    1  698  392 1025  513    0    0    0    0    0    0    0    0
    0    0]"
still waiting sure item would work well ever recieve it,0,10,55,"[56, 413, 188, 146, 17, 14, 16, 20, 3196, 7]","[  56  413  188  146   17   14   16   20 3196    7    0    0    0    0
    0    0]"
disappointment,0,1,14,[330],[330   0   0   0   0   0   0   0   0   0   0   0   0   0   0   0]
prompt service,1,2,14,"[1685, 12]","[1685   12    0    0    0    0    0    0    0    0    0    0    0    0
    0    0]"
excellent product price,1,3,23,"[34, 30, 47]",[34 30 47  0  0  0  0  0  0  0  0  0  0  0  0  0]
pleased headset,1,2,15,"[337, 27]",[337  27   0   0   0   0   0   0   0   0   0   0   0   0   0   0]
especially love long battery life,1,5,33,"[216, 26, 89, 41, 92]",[216  26  89  41  92   0   0   0   0   0   0   0   0   0   0   0]
plantronics bluetooth excelent buy,1,4,34,"[878, 169, 3197, 150]","[ 878  169 3197  150    0    0    0    0    0    0    0    0    0    0
    0    0]"
came verizon cingulair nicer cell phone first thing noticed really bad service,0,12,78,"[73, 393, 3198, 3199, 229, 4, 42, 31, 1686, 13, 15, 12]","[  73  393 3198 3199  229    4   42   31 1686   13   15   12    0    0
    0    0]"
looking new earpiece,0,3,20,"[346, 86, 517]",[346  86 517   0   0   0   0   0   0   0   0   0   0   0   0   0]
highly recommend device everyone,1,4,32,"[116, 40, 228, 275]",[116  40 228 275   0   0   0   0   0   0   0   0   0   0   0   0]
jawbone era awesome too,1,4,23,"[1117, 3200, 139, 179]","[1117 3200  139  179    0    0    0    0    0    0    0    0    0    0
    0    0]"
received white colored battery go dead couple hoursthe original used last week still last longer thereplacement,0,16,111,"[334, 382, 3201, 41, 21, 677, 338, 3202, 383, 109, 122, 287, 56, 122, 586, 3203]","[ 334  382 3201   41   21  677  338 3202  383  109  122  287   56  122
  586 3203]"
year battery went completely dead headset,0,6,41,"[58, 41, 145, 246, 677, 27]",[ 58  41 145 246 677  27   0   0   0   0   0   0   0   0   0   0]
used several phone two year one best,1,7,36,"[109, 267, 4, 59, 58, 6, 18]",[109 267   4  59  58   6  18   0   0   0   0   0   0   0   0   0]
awesome new look fall,1,4,21,"[139, 86, 48, 548]",[139  86  48 548   0   0   0   0   0   0   0   0   0   0   0   0]
first phone cheaply made,0,4,24,"[42, 4, 1496, 28]","[  42    4 1496   28    0    0    0    0    0    0    0    0    0    0
    0    0]"
att clear sound distorted yell talk,0,6,35,"[1687, 254, 35, 1590, 3204, 207]","[1687  254   35 1590 3204  207    0    0    0    0    0    0    0    0
    0    0]"
plastic break really easy clip,0,5,30,"[600, 444, 13, 143, 684]",[600 444  13 143 684   0   0   0   0   0   0   0   0   0   0   0]
price good too,1,3,14,"[47, 1, 179]",[ 47   1 179   0   0   0   0   0   0   0   0   0   0   0   0   0]
make mistake did,0,3,16,"[29, 505, 596]",[ 29 505 596   0   0   0   0   0   0   0   0   0   0   0   0   0]
oh forgot also mention weird color effect phone,0,8,47,"[371, 1438, 23, 824, 813, 442, 263, 4]","[ 371 1438   23  824  813  442  263    4    0    0    0    0    0    0
    0    0]"
using iriver spinn with case fit fine,1,7,37,"[251, 3205, 3206, 512, 52, 105, 141]","[ 251 3205 3206  512   52  105  141    0    0    0    0    0    0    0
    0    0]"
also area unit broke fond magnetic strap,0,7,40,"[23, 441, 397, 439, 3207, 3208, 3209]","[  23  441  397  439 3207 3208 3209    0    0    0    0    0    0    0
    0    0]"
overall psyched phone appointment contact get great reception,1,8,61,"[159, 3210, 4, 3211, 856, 25, 3, 183]","[ 159 3210    4 3211  856   25    3  183    0    0    0    0    0    0
    0    0]"
every thing phone work perfectly like it,1,7,40,"[70, 31, 4, 14, 279, 11, 7]",[ 70  31   4  14 279  11   7   0   0   0   0   0   0   0   0   0]
another note phone appearance really look rather bland especially black model,0,11,77,"[136, 655, 4, 822, 13, 48, 237, 250, 216, 222, 1688]","[ 136  655    4  822   13   48  237  250  216  222 1688    0    0    0
    0    0]"
really easy,1,2,11,"[13, 143]",[ 13 143   0   0   0   0   0   0   0   0   0   0   0   0   0   0]
sanyo survived dozen drop blacktop without ill effect,1,8,53,"[3212, 3213, 925, 595, 3214, 244, 3215, 263]","[3212 3213  925  595 3214  244 3215  263    0    0    0    0    0    0
    0    0]"
fantastic earphone,1,2,18,"[167, 1618]","[ 167 1618    0    0    0    0    0    0    0    0    0    0    0    0
    0    0]"
find cell phone right away enter car,1,7,36,"[148, 229, 4, 64, 242, 1403, 153]","[ 148  229    4   64  242 1403  153    0    0    0    0    0    0    0
    0    0]"
low quality,0,2,11,"[201, 24]",[201  24   0   0   0   0   0   0   0   0   0   0   0   0   0   0]
highly recommend modest priced cellular phone,1,6,45,"[116, 40, 1582, 392, 3216, 4]","[ 116   40 1582  392 3216    4    0    0    0    0    0    0    0    0
    0    0]"
get better reception clarity phone before,1,6,41,"[25, 36, 183, 702, 4, 555]",[ 25  36 183 702   4 555   0   0   0   0   0   0   0   0   0   0]
warning stay away,0,3,17,"[819, 282, 242]",[819 282 242   0   0   0   0   0   0   0   0   0   0   0   0   0]
wish could return unit get back money,0,7,37,"[753, 37, 317, 397, 25, 22, 85]",[753  37 317 397  25  22  85   0   0   0   0   0   0   0   0   0]
awsome device work great,1,4,24,"[3217, 228, 14, 3]","[3217  228   14    3    0    0    0    0    0    0    0    0    0    0
    0    0]"
used talk hour battery would literally drained dying,0,8,52,"[109, 207, 104, 41, 17, 486, 3218, 1689]","[ 109  207  104   41   17  486 3218 1689    0    0    0    0    0    0
    0    0]"
find it bad unit come one earpad only i would recommend anyone,0,12,62,"[148, 7, 15, 397, 119, 6, 3219, 1164, 243, 17, 40, 129]","[ 148    7   15  397  119    6 3219 1164  243   17   40  129    0    0
    0    0]"
displeased,0,1,10,[3220],"[3220    0    0    0    0    0    0    0    0    0    0    0    0    0
    0    0]"
might gotten defect would risk buying built quality alone,0,9,57,"[562, 782, 3221, 17, 3222, 879, 1602, 24, 1165]","[ 562  782 3221   17 3222  879 1602   24 1165    0    0    0    0    0
    0    0]"
made case small difficult install,0,5,33,"[28, 52, 182, 601, 1690]","[  28   52  182  601 1690    0    0    0    0    0    0    0    0    0
    0    0]"
restored phone like new performance,1,5,35,"[3223, 4, 11, 86, 178]","[3223    4   11   86  178    0    0    0    0    0    0    0    0    0
    0    0]"
would recommend purchasing jabra jx series work flawlessly moto q go figure,1,12,75,"[17, 40, 1691, 395, 3224, 323, 14, 1671, 1692, 758, 21, 1693]","[  17   40 1691  395 3224  323   14 1671 1692  758   21 1693    0    0
    0    0]"
searched internet found one best value,1,6,38,"[3225, 520, 113, 6, 18, 339]","[3225  520  113    6   18  339    0    0    0    0    0    0    0    0
    0    0]"
fit,0,1,3,[105],[105   0   0   0   0   0   0   0   0   0   0   0   0   0   0   0]
happy product,1,2,13,"[120, 30]",[120  30   0   0   0   0   0   0   0   0   0   0   0   0   0   0]
screen size big key pad lit well enough camera quality excellent camera phone,1,13,77,"[112, 703, 151, 1166, 1694, 3226, 16, 61, 164, 24, 34, 164, 4]","[ 112  703  151 1166 1694 3226   16   61  164   24   34  164    4    0
    0    0]"
there really nothing bad say headset,0,6,36,"[115, 13, 95, 15, 55, 27]",[115  13  95  15  55  27   0   0   0   0   0   0   0   0   0   0]
glad found product amazon hard find high priced,1,8,47,"[325, 113, 30, 396, 213, 148, 302, 392]",[325 113  30 396 213 148 302 392   0   0   0   0   0   0   0   0]
portable work,1,2,13,"[3227, 14]","[3227   14    0    0    0    0    0    0    0    0    0    0    0    0
    0    0]"
colleague get great reception a little expensive performance great,1,9,66,"[3228, 25, 3, 183, 657, 63, 887, 178, 3]","[3228   25    3  183  657   63  887  178    3    0    0    0    0    0
    0    0]"
even fully charged went bed turned blue tooth wi fi noticed left morning,0,13,72,"[19, 1314, 880, 145, 3229, 632, 545, 1617, 1145, 1076, 1686, 271, 3230]","[  19 1314  880  145 3229  632  545 1617 1145 1076 1686  271 3230    0
    0    0]"
also problem phone reading memory card always turn again,0,9,56,"[23, 66, 4, 627, 656, 1465, 125, 274, 69]","[  23   66    4  627  656 1465  125  274   69    0    0    0    0    0
    0    0]"
good wearing hat sunglass,0,4,25,"[1, 1167, 3231, 1168]","[   1 1167 3231 1168    0    0    0    0    0    0    0    0    0    0
    0    0]"
timely shipment quality product,1,4,31,"[1589, 3232, 24, 30]","[1589 3232   24   30    0    0    0    0    0    0    0    0    0    0
    0    0]"
nice solid keyboard,1,3,19,"[32, 566, 863]",[ 32 566 863   0   0   0   0   0   0   0   0   0   0   0   0   0]
well made fit surefire gx perfectly,1,6,35,"[16, 28, 105, 3233, 3234, 279]","[  16   28  105 3233 3234  279    0    0    0    0    0    0    0    0
    0    0]"
horrible phone,0,2,14,"[163, 4]",[163   4   0   0   0   0   0   0   0   0   0   0   0   0   0   0]
bt battery junk,0,3,15,"[1139, 41, 374]","[1139   41  374    0    0    0    0    0    0    0    0    0    0    0
    0    0]"
would recommend others,1,3,22,"[17, 40, 475]",[ 17  40 475   0   0   0   0   0   0   0   0   0   0   0   0   0]
cant get software work computer,0,5,31,"[884, 25, 519, 14, 670]",[884  25 519  14 670   0   0   0   0   0   0   0   0   0   0   0]
poor voice clarity,0,3,18,"[101, 326, 702]",[101 326 702   0   0   0   0   0   0   0   0   0   0   0   0   0]
battery work great,1,3,18,"[41, 14, 3]",[41 14  3  0  0  0  0  0  0  0  0  0  0  0  0  0]
buyer remorse one,0,3,17,"[1134, 3235, 6]","[1134 3235    6    0    0    0    0    0    0    0    0    0    0    0
    0    0]"
disappointed accessoryone,0,2,25,"[71, 3236]","[  71 3236    0    0    0    0    0    0    0    0    0    0    0    0
    0    0]"
find inexcusable probably returning phone perhaps changing carrier,0,8,66,"[148, 3237, 132, 1169, 4, 547, 1695, 3238]","[ 148 3237  132 1169    4  547 1695 3238    0    0    0    0    0    0
    0    0]"
look great strong,1,3,17,"[48, 3, 363]",[ 48   3 363   0   0   0   0   0   0   0   0   0   0   0   0   0]
tmobile service year now pretty happy it,1,7,40,"[3239, 12, 58, 489, 46, 120, 7]","[3239   12   58  489   46  120    7    0    0    0    0    0    0    0
    0    0]"
update procedure difficult cumbersome,0,4,37,"[1696, 1697, 601, 1698]","[1696 1697  601 1698    0    0    0    0    0    0    0    0    0    0
    0    0]"
disappointment hate anything go ear,0,5,35,"[330, 477, 234, 21, 49]",[330 477 234  21  49   0   0   0   0   0   0   0   0   0   0   0]
great software motorolas,1,3,24,"[3, 519, 3240]","[   3  519 3240    0    0    0    0    0    0    0    0    0    0    0
    0    0]"
delivery time,1,2,13,"[1699, 8]","[1699    8    0    0    0    0    0    0    0    0    0    0    0    0
    0    0]"
easy use,1,2,8,"[143, 44]",[143  44   0   0   0   0   0   0   0   0   0   0   0   0   0   0]
uncomfortable ear use lg vx env,0,6,31,"[1156, 49, 44, 882, 1700, 3241]","[1156   49   44  882 1700 3241    0    0    0    0    0    0    0    0
    0    0]"
volume switch rocketed unit destination unknown,0,6,47,"[284, 1701, 3242, 397, 3243, 3244]","[ 284 1701 3242  397 3243 3244    0    0    0    0    0    0    0    0
    0    0]"
hold charge long time reasonably comfortable long wearing condition quality sound tremendous,1,12,92,"[309, 195, 89, 8, 698, 142, 89, 1167, 3245, 24, 35, 1003]","[ 309  195   89    8  698  142   89 1167 3245   24   35 1003    0    0
    0    0]"
like return it,0,3,14,"[11, 317, 7]",[ 11 317   7   0   0   0   0   0   0   0   0   0   0   0   0   0]
keyboard really worthwhile usefulness sturdy enough expect problem,1,8,66,"[863, 13, 1112, 3246, 688, 61, 252, 66]","[ 863   13 1112 3246  688   61  252   66    0    0    0    0    0    0
    0    0]"
verizon bill however difficult understand even though pricing plan simple,0,10,73,"[393, 888, 161, 601, 303, 19, 215, 1170, 868, 513]","[ 393  888  161  601  303   19  215 1170  868  513    0    0    0    0
    0    0]"
charging overnight battery work great,1,5,37,"[685, 3247, 41, 14, 3]","[ 685 3247   41   14    3    0    0    0    0    0    0    0    0    0
    0    0]"
regret it,1,2,9,"[936, 7]",[936   7   0   0   0   0   0   0   0   0   0   0   0   0   0   0]
user friendly,0,2,13,"[1702, 77]","[1702   77    0    0    0    0    0    0    0    0    0    0    0    0
    0    0]"
unfortunately ability actually know receiving call rather important feature phone pitiful respect,0,12,97,"[269, 675, 205, 76, 1703, 88, 237, 408, 306, 4, 3248, 3249]","[ 269  675  205   76 1703   88  237  408  306    4 3248 3249    0    0
    0    0]"
exchanged phone even problem,0,4,28,"[1704, 4, 19, 66]","[1704    4   19   66    0    0    0    0    0    0    0    0    0    0
    0    0]"
result phone either stuck max volume mute,0,7,41,"[588, 4, 220, 3250, 3251, 284, 3252]","[ 588    4  220 3250 3251  284 3252    0    0    0    0    0    0    0
    0    0]"
pda rock,1,2,8,"[1622, 623]","[1622  623    0    0    0    0    0    0    0    0    0    0    0    0
    0    0]"
super charged use small hybrid palmtop camera cellphone excels role,1,10,67,"[276, 880, 44, 182, 3253, 3254, 164, 1171, 3255, 577]","[ 276  880   44  182 3253 3254  164 1171 3255  577    0    0    0    0
    0    0]"
would definitely recommend jabra btv looking comfort clarity great price,1,10,72,"[17, 65, 40, 395, 3256, 346, 1153, 702, 3, 47]","[  17   65   40  395 3256  346 1153  702    3   47    0    0    0    0
    0    0]"
verizon year ago really liked service,1,6,37,"[393, 58, 381, 13, 239, 12]",[393  58 381  13 239  12   0   0   0   0   0   0   0   0   0   0]
pretty piece junk,0,3,17,"[46, 80, 374]",[ 46  80 374   0   0   0   0   0   0   0   0   0   0   0   0   0]
plug wrong size,0,3,15,"[281, 318, 703]",[281 318 703   0   0   0   0   0   0   0   0   0   0   0   0   0]
work described,1,2,14,"[14, 1705]","[  14 1705    0    0    0    0    0    0    0    0    0    0    0    0
    0    0]"
save money item month now,0,5,25,"[931, 85, 146, 286, 489]",[931  85 146 286 489   0   0   0   0   0   0   0   0   0   0   0]
bad purchase,0,2,12,"[15, 210]",[ 15 210   0   0   0   0   0   0   0   0   0   0   0   0   0   0]
well im satisfied,1,3,17,"[16, 840, 701]",[ 16 840 701   0   0   0   0   0   0   0   0   0   0   0   0   0]
bose noise cancelling amazing important nyc commuter,1,7,52,"[3257, 871, 3258, 62, 408, 1706, 3259]","[3257  871 3258   62  408 1706 3259    0    0    0    0    0    0    0
    0    0]"
battery excellent bargain,1,3,25,"[41, 34, 692]",[ 41  34 692   0   0   0   0   0   0   0   0   0   0   0   0   0]
defective crap,0,2,14,"[1707, 324]","[1707  324    0    0    0    0    0    0    0    0    0    0    0    0
    0    0]"
would given star able,0,4,21,"[17, 416, 81, 872]",[ 17 416  81 872   0   0   0   0   0   0   0   0   0   0   0   0]
wear glass fit fine them,1,5,24,"[394, 1126, 105, 141, 332]","[ 394 1126  105  141  332    0    0    0    0    0    0    0    0    0
    0    0]"
sound quality device unacceptable unless really quiet area almost hear nothing,0,11,78,"[35, 24, 228, 1708, 508, 13, 1104, 441, 293, 224, 95]","[  35   24  228 1708  508   13 1104  441  293  224   95    0    0    0
    0    0]"
would recommend item anyone,0,4,27,"[17, 40, 146, 129]",[ 17  40 146 129   0   0   0   0   0   0   0   0   0   0   0   0]
holster arrived match photo ad,0,5,30,"[1172, 514, 1135, 3260, 3261]","[1172  514 1135 3260 3261    0    0    0    0    0    0    0    0    0
    0    0]"
great no problem all,1,4,20,"[3, 1173, 66, 100]","[   3 1173   66  100    0    0    0    0    0    0    0    0    0    0
    0    0]"
earlier review noted plug charger nothing happens,0,7,49,"[791, 258, 3262, 281, 144, 95, 3263]","[ 791  258 3262  281  144   95 3263    0    0    0    0    0    0    0
    0    0]"
frog phone charm adorable eye catching,1,6,38,"[3264, 4, 456, 732, 567, 1709]","[3264    4  456  732  567 1709    0    0    0    0    0    0    0    0
    0    0]"
never know pushed hard enough right number time function want not,0,11,65,"[38, 76, 3265, 213, 61, 64, 543, 8, 1710, 94, 1174]","[  38   76 3265  213   61   64  543    8 1710   94 1174    0    0    0
    0    0]"
sound clear people talk amazed quality too,1,7,42,"[35, 254, 68, 207, 1058, 24, 179]","[  35  254   68  207 1058   24  179    0    0    0    0    0    0    0
    0    0]"
got aluminum case new palm vx worked really well it protected handheld perfectly far,1,14,84,"[53, 3266, 52, 86, 704, 1700, 133, 13, 16, 7, 3267, 3268, 279, 90]","[  53 3266   52   86  704 1700  133   13   16    7 3267 3268  279   90
    0    0]"
good product well made,1,4,22,"[1, 30, 16, 28]",[ 1 30 16 28  0  0  0  0  0  0  0  0  0  0  0  0]
mobile phone tool must have,1,5,27,"[686, 4, 696, 155, 625]",[686   4 696 155 625   0   0   0   0   0   0   0   0   0   0   0]
impressed job motorola sturdiness phone,1,5,39,"[156, 138, 255, 3269, 4]","[ 156  138  255 3269    4    0    0    0    0    0    0    0    0    0
    0    0]"
received order well within shipping timeframe everything good working order overall excited source,1,13,98,"[334, 170, 16, 511, 693, 1711, 60, 1, 218, 170, 159, 1662, 1712]","[ 334  170   16  511  693 1711   60    1  218  170  159 1662 1712    0
    0    0]"
phone sturdy waterproof,1,3,23,"[4, 688, 3270]","[   4  688 3270    0    0    0    0    0    0    0    0    0    0    0
    0    0]"
impressed would recommend item anyone,0,5,37,"[156, 17, 40, 146, 129]",[156  17  40 146 129   0   0   0   0   0   0   0   0   0   0   0]
complaint standard sound volume little low even turned of,0,9,57,"[690, 1713, 35, 284, 63, 201, 19, 632, 453]","[ 690 1713   35  284   63  201   19  632  453    0    0    0    0    0
    0    0]"
thanks amazon thing need good price,1,6,35,"[1000, 396, 31, 192, 1, 47]","[1000  396   31  192    1   47    0    0    0    0    0    0    0    0
    0    0]"
ended sliding edge pant back pocket instead,1,7,43,"[664, 3271, 954, 3272, 22, 858, 553]","[ 664 3271  954 3272   22  858  553    0    0    0    0    0    0    0
    0    0]"
go store bought new nokia phone working great,1,8,45,"[21, 499, 140, 86, 524, 4, 218, 3]",[ 21 499 140  86 524   4 218   3   0   0   0   0   0   0   0   0]
really ugly,0,2,11,"[13, 3273]","[  13 3273    0    0    0    0    0    0    0    0    0    0    0    0
    0    0]"
horrible switch time,0,3,20,"[163, 1701, 8]","[ 163 1701    8    0    0    0    0    0    0    0    0    0    0    0
    0    0]"
noise shield incrediable,1,3,24,"[871, 3274, 3275]","[ 871 3274 3275    0    0    0    0    0    0    0    0    0    0    0
    0    0]"
real improvement,0,2,16,"[91, 1501]","[  91 1501    0    0    0    0    0    0    0    0    0    0    0    0
    0    0]"
razr battery good buy,1,4,21,"[683, 41, 1, 150]",[683  41   1 150   0   0   0   0   0   0   0   0   0   0   0   0]
keep good work amazon,1,4,21,"[291, 1, 14, 396]",[291   1  14 396   0   0   0   0   0   0   0   0   0   0   0   0]
refuse refund replace,0,3,21,"[3276, 1175, 705]","[3276 1175  705    0    0    0    0    0    0    0    0    0    0    0
    0    0]"
unfortunately easy accidentally activate gentle touch button accidentally touch phone face listening,0,12,100,"[269, 143, 1714, 3277, 3278, 510, 348, 1714, 510, 4, 404, 1715]","[ 269  143 1714 3277 3278  510  348 1714  510    4  404 1715    0    0
    0    0]"
basically threw money window nothing,0,5,36,"[680, 3279, 85, 1716, 95]","[ 680 3279   85 1716   95    0    0    0    0    0    0    0    0    0
    0    0]"
great case price,1,3,16,"[3, 52, 47]",[ 3 52 47  0  0  0  0  0  0  0  0  0  0  0  0  0]
took one drop inch kitchen counter cracked i impressed laughing,0,10,63,"[272, 6, 595, 1717, 1718, 3280, 3281, 243, 156, 3282]","[ 272    6  595 1717 1718 3280 3281  243  156 3282    0    0    0    0
    0    0]"
bluetooth range good day ago left phone trunk got call carried conversation without hitch,1,14,89,"[169, 592, 1, 87, 381, 271, 4, 3283, 53, 88, 3284, 854, 244, 3285]","[ 169  592    1   87  381  271    4 3283   53   88 3284  854  244 3285
    0    0]"
small sleek impressive looking practical setup ample storage place,1,9,66,"[182, 1637, 846, 346, 3286, 1138, 1719, 1653, 10]","[ 182 1637  846  346 3286 1138 1719 1653   10    0    0    0    0    0
    0    0]"
eargels channel sound directly ear seem increase sound volume clarity,1,10,69,"[1720, 1413, 35, 3287, 49, 1074, 3288, 35, 284, 702]","[1720 1413   35 3287   49 1074 3288   35  284  702    0    0    0    0
    0    0]"
none new one ever quite worked properly,0,7,39,"[385, 86, 6, 20, 97, 133, 926]",[385  86   6  20  97 133 926   0   0   0   0   0   0   0   0   0]
glad purchased it,1,3,17,"[325, 866, 7]",[325 866   7   0   0   0   0   0   0   0   0   0   0   0   0   0]
missed numerous call reason,0,4,27,"[774, 1721, 88, 504]","[ 774 1721   88  504    0    0    0    0    0    0    0    0    0    0
    0    0]"
perhaps phone defective people cannot hear use this,0,8,51,"[547, 4, 1707, 68, 372, 224, 44, 111]","[ 547    4 1707   68  372  224   44  111    0    0    0    0    0    0
    0    0]"
sucked stuff work phone,0,4,23,"[270, 674, 14, 4]",[270 674  14   4   0   0   0   0   0   0   0   0   0   0   0   0]
shifting bubbling peeling even scratch nothing i happier new one droid,1,11,70,"[3289, 3290, 3291, 19, 3292, 95, 243, 886, 86, 6, 3293]","[3289 3290 3291   19 3292   95  243  886   86    6 3293    0    0    0
    0    0]"
worst software ever used could give zero star would,0,9,51,"[51, 519, 20, 109, 37, 107, 602, 81, 17]",[ 51 519  20 109  37 107 602  81  17   0   0   0   0   0   0   0]
trying make call exercise frustration,0,5,37,"[403, 29, 88, 3294, 1283]","[ 403   29   88 3294 1283    0    0    0    0    0    0    0    0    0
    0    0]"
case flimsy piece plastic front side protection whatsoever,0,8,58,"[52, 1670, 80, 600, 463, 196, 1124, 640]","[  52 1670   80  600  463  196 1124  640    0    0    0    0    0    0
    0    0]"
jabra earset happy it sound quality especially outgoing better,1,9,62,"[395, 3295, 120, 7, 35, 24, 216, 3296, 36]","[ 395 3295  120    7   35   24  216 3296   36    0    0    0    0    0
    0    0]"
love camera really pretty good quality,1,6,38,"[26, 164, 13, 46, 1, 24]",[ 26 164  13  46   1  24   0   0   0   0   0   0   0   0   0   0]
thank great service,1,3,19,"[1649, 3, 12]","[1649    3   12    0    0    0    0    0    0    0    0    0    0    0
    0    0]"
total package,1,2,13,"[648, 3297]","[ 648 3297    0    0    0    0    0    0    0    0    0    0    0    0
    0    0]"
seller understanding patient would definitely buy again,1,7,55,"[877, 1574, 3298, 17, 65, 150, 69]","[ 877 1574 3298   17   65  150   69    0    0    0    0    0    0    0
    0    0]"
give wirefly star i contact cingular at t inform practice,0,10,57,"[107, 3299, 81, 243, 856, 889, 1106, 74, 3300, 3301]","[ 107 3299   81  243  856  889 1106   74 3300 3301    0    0    0    0
    0    0]"
aggravating,0,1,11,[3302],"[3302    0    0    0    0    0    0    0    0    0    0    0    0    0
    0    0]"
purchased family friend enjoy clarity ease use,1,7,46,"[866, 193, 268, 261, 702, 1133, 44]","[ 866  193  268  261  702 1133   44    0    0    0    0    0    0    0
    0    0]"
virgin wireless rock cheap little phone,1,6,39,"[3303, 1163, 623, 180, 63, 4]","[3303 1163  623  180   63    4    0    0    0    0    0    0    0    0
    0    0]"
none work buy it,0,4,16,"[385, 14, 150, 7]",[385  14 150   7   0   0   0   0   0   0   0   0   0   0   0   0]
muddy low quality sound casing around wire insert poorly super glued slid off,0,13,77,"[3304, 201, 24, 35, 3305, 166, 1722, 3306, 667, 276, 3307, 3308, 312]","[3304  201   24   35 3305  166 1722 3306  667  276 3307 3308  312    0
    0    0]"
please dont waste money,0,4,23,"[706, 583, 84, 85]",[706 583  84  85   0   0   0   0   0   0   0   0   0   0   0   0]
all quite satisfied purchase,1,4,28,"[100, 97, 701, 210]",[100  97 701 210   0   0   0   0   0   0   0   0   0   0   0   0]
looking good quality motorola headset keep looking it,0,8,53,"[346, 1, 24, 255, 27, 291, 346, 7]",[346   1  24 255  27 291 346   7   0   0   0   0   0   0   0   0]
yet plantronincs continues use flawed charger design,0,7,52,"[377, 3309, 3310, 44, 965, 144, 285]","[ 377 3309 3310   44  965  144  285    0    0    0    0    0    0    0
    0    0]"
disapointing result,0,2,19,"[3311, 588]","[3311  588    0    0    0    0    0    0    0    0    0    0    0    0
    0    0]"
cumbersome design,0,2,17,"[1698, 285]","[1698  285    0    0    0    0    0    0    0    0    0    0    0    0
    0    0]"
great new packaged nice work good problem came le time expected,1,11,63,"[3, 86, 1130, 32, 14, 1, 66, 73, 311, 8, 435]","[   3   86 1130   32   14    1   66   73  311    8  435    0    0    0
    0    0]"
great product,1,2,13,"[3, 30]",[ 3 30  0  0  0  0  0  0  0  0  0  0  0  0  0  0]
piece crap,0,2,10,"[80, 324]",[ 80 324   0   0   0   0   0   0   0   0   0   0   0   0   0   0]
experience terrible fourth bluetooth headset much comfortable last jabra which hated,0,11,84,"[75, 72, 3312, 169, 27, 33, 142, 122, 395, 1723, 814]","[  75   72 3312  169   27   33  142  122  395 1723  814    0    0    0
    0    0]"
fix problem,1,2,11,"[3313, 66]","[3313   66    0    0    0    0    0    0    0    0    0    0    0    0
    0    0]"
worst ever,0,2,10,"[51, 20]",[51 20  0  0  0  0  0  0  0  0  0  0  0  0  0  0]
happy,1,1,5,[120],[120   0   0   0   0   0   0   0   0   0   0   0   0   0   0   0]
trouble accessing internet downloading ringtones performing function,1,7,68,"[847, 3314, 520, 3315, 890, 3316, 1710]","[ 847 3314  520 3315  890 3316 1710    0    0    0    0    0    0    0
    0    0]"
barely ever hear constantly saying what,0,6,39,"[333, 20, 224, 3317, 1128, 1724]","[ 333   20  224 3317 1128 1724    0    0    0    0    0    0    0    0
    0    0]"
battery life highly unacceptable,0,4,32,"[41, 92, 116, 1708]","[  41   92  116 1708    0    0    0    0    0    0    0    0    0    0
    0    0]"
company joke,0,2,12,"[340, 582]",[340 582   0   0   0   0   0   0   0   0   0   0   0   0   0   0]
everything description said would,1,4,33,"[60, 1143, 219, 17]","[  60 1143  219   17    0    0    0    0    0    0    0    0    0    0
    0    0]"
due happening every call forced stop using headset,0,8,50,"[830, 3318, 70, 88, 1006, 707, 251, 27]","[ 830 3318   70   88 1006  707  251   27    0    0    0    0    0    0
    0    0]"
work great car charger especially cannot plug two adapter time,1,10,62,"[14, 3, 153, 144, 216, 372, 281, 59, 1725, 8]","[  14    3  153  144  216  372  281   59 1725    8    0    0    0    0
    0    0]"
verizon tech support walked procedure none worked ended hard re set wiping data,0,13,79,"[393, 1625, 864, 537, 1697, 385, 133, 664, 213, 3319, 248, 3320, 700]","[ 393 1625  864  537 1697  385  133  664  213 3319  248 3320  700    0
    0    0]"
voice quality signal strength dropped call,0,6,42,"[326, 24, 518, 3321, 386, 88]","[ 326   24  518 3321  386   88    0    0    0    0    0    0    0    0
    0    0]"
play louder speaker size price low would think quality lacking however not,1,12,74,"[295, 3322, 1176, 703, 47, 201, 17, 45, 24, 599, 161, 1174]","[ 295 3322 1176  703   47  201   17   45   24  599  161 1174    0    0
    0    0]"
better expected,1,2,15,"[36, 435]",[ 36 435   0   0   0   0   0   0   0   0   0   0   0   0   0   0]
feel poorly constructed menu difficult navigate button recessed difficult push them,0,11,83,"[118, 667, 924, 197, 601, 3323, 348, 3324, 601, 1681, 332]","[ 118  667  924  197  601 3323  348 3324  601 1681  332    0    0    0
    0    0]"
battery holding well,1,3,20,"[41, 1103, 16]","[  41 1103   16    0    0    0    0    0    0    0    0    0    0    0
    0    0]"
also difficult put on i d recommend avoiding product,0,9,52,"[23, 601, 259, 301, 243, 1129, 40, 3325, 30]","[  23  601  259  301  243 1129   40 3325   30    0    0    0    0    0
    0    0]"
used two day always easy hear with,0,7,34,"[109, 59, 87, 125, 143, 224, 512]",[109  59  87 125 143 224 512   0   0   0   0   0   0   0   0   0]
got car charger even week charger broken i went plug started smoking,0,12,68,"[53, 153, 144, 19, 287, 144, 1726, 243, 145, 281, 313, 3326]","[  53  153  144   19  287  144 1726  243  145  281  313 3326    0    0
    0    0]"
sprint terrible customer service,0,4,32,"[1177, 72, 185, 12]","[1177   72  185   12    0    0    0    0    0    0    0    0    0    0
    0    0]"
linked phone without effort,1,4,27,"[3327, 4, 244, 731]","[3327    4  244  731    0    0    0    0    0    0    0    0    0    0
    0    0]"
better new,1,2,10,"[36, 86]",[36 86  0  0  0  0  0  0  0  0  0  0  0  0  0  0]
possesed get junk idea,0,4,22,"[3328, 25, 374, 661]","[3328   25  374  661    0    0    0    0    0    0    0    0    0    0
    0    0]"
piece trash,0,2,11,"[80, 654]",[ 80 654   0   0   0   0   0   0   0   0   0   0   0   0   0   0]
pretty good product,1,3,19,"[46, 1, 30]",[46  1 30  0  0  0  0  0  0  0  0  0  0  0  0  0]
price amazon excellent product would highly recommend,1,7,53,"[47, 396, 34, 30, 17, 116, 40]",[ 47 396  34  30  17 116  40   0   0   0   0   0   0   0   0   0]
research development division obviously know doing,1,6,50,"[3329, 1337, 3330, 460, 76, 3331]","[3329 1337 3330  460   76 3331    0    0    0    0    0    0    0    0
    0    0]"
real killer volume course breaking,0,5,34,"[91, 828, 284, 498, 1057]","[  91  828  284  498 1057    0    0    0    0    0    0    0    0    0
    0    0]"
phone working fine now,1,4,22,"[4, 218, 141, 489]",[  4 218 141 489   0   0   0   0   0   0   0   0   0   0   0   0]
poor construction,0,2,17,"[101, 1131]","[ 101 1131    0    0    0    0    0    0    0    0    0    0    0    0
    0    0]"
infuriating,0,1,11,[3332],"[3332    0    0    0    0    0    0    0    0    0    0    0    0    0
    0    0]"
overall would recommend phone new walkman,1,6,41,"[159, 17, 40, 4, 86, 3333]","[ 159   17   40    4   86 3333    0    0    0    0    0    0    0    0
    0    0]"
sprint charge service,0,3,21,"[1177, 195, 12]","[1177  195   12    0    0    0    0    0    0    0    0    0    0    0
    0    0]"
cheap feel look cheap,0,4,21,"[180, 118, 48, 180]",[180 118  48 180   0   0   0   0   0   0   0   0   0   0   0   0]
fit ear well comfortable on,1,5,27,"[105, 49, 16, 142, 301]",[105  49  16 142 301   0   0   0   0   0   0   0   0   0   0   0]
work europe asia,0,3,16,"[14, 3334, 3335]","[  14 3334 3335    0    0    0    0    0    0    0    0    0    0    0
    0    0]"
clipping belt deffinitely make feel like cent up and coming,1,10,59,"[3336, 699, 3337, 29, 118, 11, 3338, 181, 298, 249]","[3336  699 3337   29  118   11 3338  181  298  249    0    0    0    0
    0    0]"
like design look jabra behing ear headset pretty comfortible wear hour day without pain ear,1,15,91,"[11, 285, 48, 395, 3339, 49, 27, 46, 3340, 394, 104, 87, 244, 3341, 49]","[  11  285   48  395 3339   49   27   46 3340  394  104   87  244 3341
   49    0]"
amazed quick arrival two original lg cell phone battery fraction price,1,11,70,"[1058, 438, 3342, 59, 383, 882, 229, 4, 41, 3343, 47]","[1058  438 3342   59  383  882  229    4   41 3343   47    0    0    0
    0    0]"
worst phone samsung crap crappy samsung e worst ever seeen,0,10,58,"[51, 4, 708, 324, 3344, 708, 771, 51, 20, 3345]","[  51    4  708  324 3344  708  771   51   20 3345    0    0    0    0
    0    0]"
charger worked week completely stopped charging phone,0,7,53,"[144, 133, 287, 246, 1178, 685, 4]","[ 144  133  287  246 1178  685    4    0    0    0    0    0    0    0
    0    0]"
poor product,0,2,12,"[101, 30]",[101  30   0   0   0   0   0   0   0   0   0   0   0   0   0   0]
however needed better instruction,0,4,33,"[161, 469, 36, 687]",[161 469  36 687   0   0   0   0   0   0   0   0   0   0   0   0]
need two hand operate screen this software interface decade old cannot compete new software design,0,15,98,"[192, 59, 288, 1727, 112, 111, 519, 3346, 3347, 247, 372, 3348, 86, 519, 285]","[ 192   59  288 1727  112  111  519 3346 3347  247  372 3348   86  519
  285    0]"
worked well paired treo w skype headset pc using usb bluetooth transceiver,1,12,74,"[133, 16, 1728, 891, 3349, 1682, 27, 1121, 251, 892, 169, 3350]","[ 133   16 1728  891 3349 1682   27 1121  251  892  169 3350    0    0
    0    0]"
steer clear product go genuine palm replacementr pen come three pack,0,11,68,"[3351, 254, 30, 21, 796, 704, 3352, 3353, 119, 314, 1729]","[3351  254   30   21  796  704 3352 3353  119  314 1729    0    0    0
    0    0]"
buy buyit suck,0,3,14,"[150, 3354, 168]","[ 150 3354  168    0    0    0    0    0    0    0    0    0    0    0
    0    0]"
great product sure beat using finger,1,6,36,"[3, 30, 188, 603, 251, 1730]","[   3   30  188  603  251 1730    0    0    0    0    0    0    0    0
    0    0]"
plus seriously believe worth steep price point,0,7,46,"[417, 278, 300, 93, 3355, 47, 496]","[ 417  278  300   93 3355   47  496    0    0    0    0    0    0    0
    0    0]"
case tried normally fall apart month one seems long haul,1,10,56,"[52, 211, 1451, 548, 1731, 286, 6, 421, 89, 3356]","[  52  211 1451  548 1731  286    6  421   89 3356    0    0    0    0
    0    0]"
dissapointing performance,0,2,25,"[3357, 178]","[3357  178    0    0    0    0    0    0    0    0    0    0    0    0
    0    0]"
make mistake please buy phone,0,5,29,"[29, 505, 706, 150, 4]",[ 29 505 706 150   4   0   0   0   0   0   0   0   0   0   0   0]
phone might well worst ever brand,0,6,33,"[4, 562, 16, 51, 20, 1732]","[   4  562   16   51   20 1732    0    0    0    0    0    0    0    0
    0    0]"
case le extra originally put later discarded scratched ear,0,9,58,"[52, 311, 604, 3358, 259, 501, 3359, 1154, 49]","[  52  311  604 3358  259  501 3359 1154   49    0    0    0    0    0
    0    0]"
recommend igo anyone different brand cell phone mp player family,1,10,64,"[40, 1650, 129, 315, 1732, 229, 4, 862, 430, 193]","[  40 1650  129  315 1732  229    4  862  430  193    0    0    0    0
    0    0]"
bother go store,0,3,15,"[585, 21, 499]",[585  21 499   0   0   0   0   0   0   0   0   0   0   0   0   0]
posted detailed comment grey black phone fire red great color,1,10,61,"[3360, 3361, 1050, 3362, 222, 4, 987, 893, 3, 442]","[3360 3361 1050 3362  222    4  987  893    3  442    0    0    0    0
    0    0]"
problem item would order needed,1,5,31,"[66, 146, 17, 170, 469]",[ 66 146  17 170 469   0   0   0   0   0   0   0   0   0   0   0]
get pay guess,0,3,13,"[25, 428, 358]",[ 25 428 358   0   0   0   0   0   0   0   0   0   0   0   0   0]
software great job this could also make ringtones form existing cd without internet connection,1,14,94,"[519, 3, 138, 111, 37, 23, 29, 890, 618, 3363, 3364, 244, 520, 569]","[ 519    3  138  111   37   23   29  890  618 3363 3364  244  520  569
    0    0]"
im surprised good quality car charger there much review it,1,10,58,"[840, 1070, 1, 24, 153, 144, 115, 33, 258, 7]","[ 840 1070    1   24  153  144  115   33  258    7    0    0    0    0
    0    0]"
fabulous,1,1,8,[1733],"[1733    0    0    0    0    0    0    0    0    0    0    0    0    0
    0    0]"
used bitpim a free program find internet to transfer data phone the price cable excellent,1,15,89,"[109, 3365, 657, 373, 3366, 148, 520, 375, 1542, 700, 4, 245, 47, 431, 34]","[ 109 3365  657  373 3366  148  520  375 1542  700    4  245   47  431
   34    0]"
disappointing accessory good manufacturer,0,4,41,"[369, 3367, 1, 3368]","[ 369 3367    1 3368    0    0    0    0    0    0    0    0    0    0
    0    0]"
performed awful muffled tinny incoming sound severe echo end call,0,10,65,"[1734, 137, 3369, 1179, 3370, 35, 3371, 1735, 154, 88]","[1734  137 3369 1179 3370   35 3371 1735  154   88    0    0    0    0
    0    0]"
wind resistant,1,2,14,"[751, 3372]","[ 751 3372    0    0    0    0    0    0    0    0    0    0    0    0
    0    0]"
obviously terrible customer service get pay for,0,7,47,"[460, 72, 185, 12, 25, 428, 495]",[460  72 185  12  25 428 495   0   0   0   0   0   0   0   0   0]
last forever overly expensive replace easy operate sound much better others tried,1,12,81,"[122, 671, 1553, 887, 705, 143, 1727, 35, 33, 36, 475, 211]","[ 122  671 1553  887  705  143 1727   35   33   36  475  211    0    0
    0    0]"
contacted company told that although unit still warranty produce receipt luck,0,11,77,"[3373, 340, 570, 82, 494, 397, 56, 1736, 1448, 3374, 1737]","[3373  340  570   82  494  397   56 1736 1448 3374 1737    0    0    0
    0    0]"
linksys way exchange bad phone refurb unit something,0,8,52,"[3375, 43, 3376, 15, 4, 3377, 397, 362]","[3375   43 3376   15    4 3377  397  362    0    0    0    0    0    0
    0    0]"
phone sturdy nokia bar phone are,1,6,32,"[4, 688, 524, 227, 4, 1738]","[   4  688  524  227    4 1738    0    0    0    0    0    0    0    0
    0    0]"
placed treo case snug lot extra room side,0,8,41,"[1180, 891, 52, 3378, 79, 604, 571, 196]","[1180  891   52 3378   79  604  571  196    0    0    0    0    0    0
    0    0]"
pleased,1,1,7,[337],[337   0   0   0   0   0   0   0   0   0   0   0   0   0   0   0]
battery terrible,0,2,16,"[41, 72]",[41 72  0  0  0  0  0  0  0  0  0  0  0  0  0  0]
found product easy set use,1,5,26,"[113, 30, 143, 248, 44]",[113  30 143 248  44   0   0   0   0   0   0   0   0   0   0   0]
earpiece large heavy it keep falling ear,0,7,40,"[517, 689, 3379, 7, 291, 1096, 49]","[ 517  689 3379    7  291 1096   49    0    0    0    0    0    0    0
    0    0]"
utter crap sound quality terrible,0,5,33,"[1381, 324, 35, 24, 72]","[1381  324   35   24   72    0    0    0    0    0    0    0    0    0
    0    0]"
charger arrived within promised timeframe work,0,6,46,"[144, 514, 511, 3380, 1711, 14]","[ 144  514  511 3380 1711   14    0    0    0    0    0    0    0    0
    0    0]"
ear loop needed tiny sound great,1,6,32,"[49, 1739, 469, 1064, 35, 3]","[  49 1739  469 1064   35    3    0    0    0    0    0    0    0    0
    0    0]"
finally three four time spring latch broke could use longer visor,0,11,65,"[432, 314, 1020, 8, 1181, 3381, 439, 37, 44, 586, 3382]","[ 432  314 1020    8 1181 3381  439   37   44  586 3382    0    0    0
    0    0]"
handsfree part work fine car try download address book treo reboots overall still rate device high,1,16,98,"[1147, 135, 14, 141, 153, 194, 1740, 3383, 465, 891, 3384, 159, 56, 662, 228, 302]","[1147  135   14  141  153  194 1740 3383  465  891 3384  159   56  662
  228  302]"
talk useless customer service,0,4,29,"[207, 522, 185, 12]",[207 522 185  12   0   0   0   0   0   0   0   0   0   0   0   0]
felt light tinny,0,3,16,"[221, 277, 1179]","[ 221  277 1179    0    0    0    0    0    0    0    0    0    0    0
    0    0]"
fit palm tungsten e broke first time tried plug in,0,10,50,"[105, 704, 3385, 771, 439, 42, 8, 211, 281, 605]","[ 105  704 3385  771  439   42    8  211  281  605    0    0    0    0
    0    0]"
happy purchase good quality low price,1,6,37,"[120, 210, 1, 24, 201, 47]",[120 210   1  24 201  47   0   0   0   0   0   0   0   0   0   0]
love look feel samsung flipphones,1,5,33,"[26, 48, 118, 708, 3386]","[  26   48  118  708 3386    0    0    0    0    0    0    0    0    0
    0    0]"
well designed sharp blue nice color,1,6,35,"[16, 1385, 1146, 545, 32, 442]","[  16 1385 1146  545   32  442    0    0    0    0    0    0    0    0
    0    0]"
everything more,1,2,15,"[60, 516]",[ 60 516   0   0   0   0   0   0   0   0   0   0   0   0   0   0]
could recommend more,0,3,20,"[37, 40, 516]",[ 37  40 516   0   0   0   0   0   0   0   0   0   0   0   0   0]
nice sound,1,2,10,"[32, 35]",[32 35  0  0  0  0  0  0  0  0  0  0  0  0  0  0]
look good picture case huge disappointment,0,6,42,"[48, 1, 176, 52, 343, 330]",[ 48   1 176  52 343 330   0   0   0   0   0   0   0   0   0   0]
much le jawbone going replace with,1,6,34,"[33, 311, 1117, 67, 705, 512]","[  33  311 1117   67  705  512    0    0    0    0    0    0    0    0
    0    0]"
setup went smoothly,1,3,19,"[1138, 145, 1611]","[1138  145 1611    0    0    0    0    0    0    0    0    0    0    0
    0    0]"
extremely slow take forever anything it,0,6,39,"[328, 147, 124, 671, 234, 7]",[328 147 124 671 234   7   0   0   0   0   0   0   0   0   0   0]
must study anyone interested worst sin industrial design,0,8,56,"[155, 3387, 129, 929, 51, 3388, 3389, 285]","[ 155 3387  129  929   51 3388 3389  285    0    0    0    0    0    0
    0    0]"
first thing happened tracking off,0,5,33,"[42, 31, 554, 3390, 312]","[  42   31  554 3390  312    0    0    0    0    0    0    0    0    0
    0    0]"
well made easy access phone handy detachable belt clip,1,9,54,"[16, 28, 143, 1741, 4, 1629, 3391, 699, 684]","[  16   28  143 1741    4 1629 3391  699  684    0    0    0    0    0
    0    0]"
continue pairing periodically since somehow kept dropping,0,7,57,"[1049, 1182, 3392, 149, 1742, 345, 1655]","[1049 1182 3392  149 1742  345 1655    0    0    0    0    0    0    0
    0    0]"
can t upload ringtones third party,0,6,34,"[106, 74, 3393, 890, 894, 594]","[ 106   74 3393  890  894  594    0    0    0    0    0    0    0    0
    0    0]"
bluetooth work phone lock up screen flash make call randomly pocket locked,0,12,74,"[169, 14, 4, 1125, 181, 112, 1743, 29, 88, 3394, 858, 3395]","[ 169   14    4 1125  181  112 1743   29   88 3394  858 3395    0    0
    0    0]"
truly awful,0,2,11,"[304, 137]",[304 137   0   0   0   0   0   0   0   0   0   0   0   0   0   0]
work fine motorola cellphone lot better worn out battery did,1,10,60,"[14, 141, 255, 1171, 79, 36, 3396, 290, 41, 596]","[  14  141  255 1171   79   36 3396  290   41  596    0    0    0    0
    0    0]"
volume ringer real good you choice loud,1,7,39,"[284, 3397, 91, 1, 217, 461, 593]","[ 284 3397   91    1  217  461  593    0    0    0    0    0    0    0
    0    0]"
none tone acceptable,0,3,20,"[385, 1151, 3398]","[ 385 1151 3398    0    0    0    0    0    0    0    0    0    0    0
    0    0]"
camera color balance awful,0,4,26,"[164, 442, 1061, 137]","[ 164  442 1061  137    0    0    0    0    0    0    0    0    0    0
    0    0]"
product clearly ready prime time care cool look can t tell call coming worthless,0,14,80,"[30, 736, 1030, 1744, 8, 380, 200, 48, 106, 74, 335, 88, 249, 852]","[  30  736 1030 1744    8  380  200   48  106   74  335   88  249  852
    0    0]"
love ringtones upbeat,1,3,21,"[26, 890, 3399]","[  26  890 3399    0    0    0    0    0    0    0    0    0    0    0
    0    0]"
chinese forgery abound,0,3,22,"[895, 3400, 3401]","[ 895 3400 3401    0    0    0    0    0    0    0    0    0    0    0
    0    0]"
easy pair samsung cell,1,4,22,"[143, 842, 708, 229]",[143 842 708 229   0   0   0   0   0   0   0   0   0   0   0   0]
instruction explain microphone jack could used,0,6,46,"[687, 3402, 1155, 3403, 37, 109]","[ 687 3402 1155 3403   37  109    0    0    0    0    0    0    0    0
    0    0]"
would advise purchase item never worked well,0,7,44,"[17, 756, 210, 146, 38, 133, 16]",[ 17 756 210 146  38 133  16   0   0   0   0   0   0   0   0   0]
bad pay month service,0,4,21,"[15, 428, 286, 12]",[ 15 428 286  12   0   0   0   0   0   0   0   0   0   0   0   0]
work well,1,2,9,"[14, 16]",[14 16  0  0  0  0  0  0  0  0  0  0  0  0  0  0]
nokia ca usb cable work phone,0,6,29,"[524, 3404, 892, 431, 14, 4]","[ 524 3404  892  431   14    4    0    0    0    0    0    0    0    0
    0    0]"
clear crisp sound,1,3,17,"[254, 1183, 35]","[ 254 1183   35    0    0    0    0    0    0    0    0    0    0    0
    0    0]"
use smallest earpiece provided stay pretty well,1,7,47,"[44, 3405, 517, 647, 282, 46, 16]","[  44 3405  517  647  282   46   16    0    0    0    0    0    0    0
    0    0]"
biggest complaint is battery drain superfast,0,6,44,"[1745, 690, 165, 41, 875, 3406]","[1745  690  165   41  875 3406    0    0    0    0    0    0    0    0
    0    0]"
design might ergonomic theory could stand ear,0,7,45,"[285, 562, 3407, 3408, 37, 1295, 49]","[ 285  562 3407 3408   37 1295   49    0    0    0    0    0    0    0
    0    0]"
buy want use holster,0,4,20,"[150, 94, 44, 1172]","[ 150   94   44 1172    0    0    0    0    0    0    0    0    0    0
    0    0]"
phone also take great picture even video clip,1,8,45,"[4, 23, 124, 3, 176, 19, 676, 684]",[  4  23 124   3 176  19 676 684   0   0   0   0   0   0   0   0]
make look cool,0,3,14,"[29, 48, 200]",[ 29  48 200   0   0   0   0   0   0   0   0   0   0   0   0   0]
ear occupied background distracting all,1,5,39,"[49, 952, 1659, 3409, 100]","[  49  952 1659 3409  100    0    0    0    0    0    0    0    0    0
    0    0]"
comfortable fit need headset comfortable least hour time entire day,1,10,67,"[142, 105, 192, 27, 142, 262, 104, 8, 502, 87]",[142 105 192  27 142 262 104   8 502  87   0   0   0   0   0   0]
also phone seem accept anything except cbr mp preferably ripped window medium player,0,13,84,"[23, 4, 1074, 1746, 234, 1537, 3410, 862, 3411, 1184, 1716, 1747, 430]","[  23    4 1074 1746  234 1537 3410  862 3411 1184 1716 1747  430    0
    0    0]"
can t beat price these,1,5,22,"[106, 74, 603, 47, 760]",[106  74 603  47 760   0   0   0   0   0   0   0   0   0   0   0]
come strong light use light camera shot even flash so signal seriously,1,12,70,"[119, 363, 277, 44, 277, 164, 327, 19, 1743, 556, 518, 278]","[ 119  363  277   44  277  164  327   19 1743  556  518  278    0    0
    0    0]"
lightweight work well,1,3,21,"[873, 14, 16]",[873  14  16   0   0   0   0   0   0   0   0   0   0   0   0   0]
beware,0,1,6,[1062],"[1062    0    0    0    0    0    0    0    0    0    0    0    0    0
    0    0]"
love cable allows connect mini usb device pc,1,8,44,"[26, 431, 1748, 3412, 1079, 892, 228, 1121]","[  26  431 1748 3412 1079  892  228 1121    0    0    0    0    0    0
    0    0]"
anyone near hear part conversation,0,5,34,"[129, 3413, 224, 135, 854]","[ 129 3413  224  135  854    0    0    0    0    0    0    0    0    0
    0    0]"
cool case open allowing screen get scratched up,1,8,47,"[200, 52, 1097, 1526, 112, 25, 1154, 181]","[ 200   52 1097 1526  112   25 1154  181    0    0    0    0    0    0
    0    0]"
bought phone replacement startac regretted since,0,6,48,"[140, 4, 1149, 3414, 3415, 149]","[ 140    4 1149 3414 3415  149    0    0    0    0    0    0    0    0
    0    0]"
appears actually outperform original battery china came vi,1,8,58,"[1667, 205, 3416, 383, 41, 3417, 73, 1674]","[1667  205 3416  383   41 3417   73 1674    0    0    0    0    0    0
    0    0]"
can t store anything phone number sim,0,7,37,"[106, 74, 499, 234, 4, 543, 3418]","[ 106   74  499  234    4  543 3418    0    0    0    0    0    0    0
    0    0]"
last le o minute actually try use phone my wife phone problem,0,12,61,"[122, 311, 1073, 54, 205, 194, 44, 4, 637, 440, 4, 66]","[ 122  311 1073   54  205  194   44    4  637  440    4   66    0    0
    0    0]"
poor quality,0,2,12,"[101, 24]",[101  24   0   0   0   0   0   0   0   0   0   0   0   0   0   0]
jabra ear gel r best,1,5,20,"[395, 49, 1664, 1452, 18]","[ 395   49 1664 1452   18    0    0    0    0    0    0    0    0    0
    0    0]"
worth it,0,2,8,"[93, 7]",[93  7  0  0  0  0  0  0  0  0  0  0  0  0  0  0]
phone crashed completely get replaced,0,5,37,"[4, 3419, 246, 25, 3420]","[   4 3419  246   25 3420    0    0    0    0    0    0    0    0    0
    0    0]"
quit working used month purchased another one best headset ever owned,1,11,69,"[1749, 218, 109, 286, 866, 136, 6, 18, 27, 20, 646]","[1749  218  109  286  866  136    6   18   27   20  646    0    0    0
    0    0]"
unfortunately recharge iphone despite connecting multiple power source imac external battery wall outlet etc,0,14,108,"[269, 1677, 1185, 546, 3421, 1186, 820, 1712, 3422, 3423, 41, 437, 757, 561]","[ 269 1677 1185  546 3421 1186  820 1712 3422 3423   41  437  757  561
    0    0]"
simply want small flip phone look elsewhere extra bell whistle mediocre,0,11,71,"[203, 94, 182, 1160, 4, 48, 578, 604, 1383, 3424, 387]","[ 203   94  182 1160    4   48  578  604 1383 3424  387    0    0    0
    0    0]"
good value work fine power via usb car wall outlet,1,10,50,"[1, 339, 14, 141, 820, 1750, 892, 153, 437, 757]","[   1  339   14  141  820 1750  892  153  437  757    0    0    0    0
    0    0]"
phone slide around car grip prevents phone slipping hand,1,9,56,"[4, 3425, 166, 153, 3426, 3427, 4, 3428, 288]","[   4 3425  166  153 3426 3427    4 3428  288    0    0    0    0    0
    0    0]"
simply best bluetooth headset sound quality,1,6,43,"[203, 18, 169, 27, 35, 24]",[203  18 169  27  35  24   0   0   0   0   0   0   0   0   0   0]
think plan one this sure last moto phone me,0,9,43,"[45, 868, 6, 111, 188, 122, 1692, 4, 103]","[  45  868    6  111  188  122 1692    4  103    0    0    0    0    0
    0    0]"
span hour two people exclaim whoa new phone tv,1,9,46,"[3429, 104, 59, 68, 3430, 3431, 86, 4, 366]","[3429  104   59   68 3430 3431   86    4  366    0    0    0    0    0
    0    0]"
always used corded headset freedom wireless helpful,1,7,51,"[125, 109, 3432, 27, 983, 1163, 391]","[ 125  109 3432   27  983 1163  391    0    0    0    0    0    0    0
    0    0]"
case passed one year mark show sign wear functional,1,9,51,"[52, 761, 6, 58, 1090, 123, 833, 394, 3433]","[  52  761    6   58 1090  123  833  394 3433    0    0    0    0    0
    0    0]"
that leather nice soft fit tight cut face good shape,1,10,52,"[82, 694, 32, 3434, 105, 3435, 589, 404, 1, 3436]","[  82  694   32 3434  105 3435  589  404    1 3436    0    0    0    0
    0    0]"
everything need ask more,1,4,24,"[60, 192, 410, 516]",[ 60 192 410 516   0   0   0   0   0   0   0   0   0   0   0   0]
receiving using product day broke,0,5,33,"[1703, 251, 30, 87, 439]","[1703  251   30   87  439    0    0    0    0    0    0    0    0    0
    0    0]"
product great make working lot easier go copier waiting hold something,1,11,70,"[30, 3, 29, 218, 79, 885, 21, 3437, 413, 309, 362]","[  30    3   29  218   79  885   21 3437  413  309  362    0    0    0
    0    0]"
none three size sent headset would stay ear,0,8,43,"[385, 314, 703, 3438, 27, 17, 282, 49]","[ 385  314  703 3438   27   17  282   49    0    0    0    0    0    0
    0    0]"
t mobile best customer service anywhere,1,6,39,"[74, 686, 18, 185, 12, 3439]","[  74  686   18  185   12 3439    0    0    0    0    0    0    0    0
    0    0]"
arrived quickly much le expensive others sold,1,7,45,"[514, 515, 33, 311, 887, 475, 3440]","[ 514  515   33  311  887  475 3440    0    0    0    0    0    0    0
    0    0]"
tried unit failed within month pro,0,6,34,"[211, 397, 832, 511, 286, 1632]","[ 211  397  832  511  286 1632    0    0    0    0    0    0    0    0
    0    0]"
provides good protection look classy too,1,6,40,"[1751, 1, 1124, 48, 1752, 179]","[1751    1 1124   48 1752  179    0    0    0    0    0    0    0    0
    0    0]"
krussel always good,1,3,19,"[3441, 125, 1]","[3441  125    1    0    0    0    0    0    0    0    0    0    0    0
    0    0]"
tracfonewebsite user friendly make easy toactivate etc,1,7,54,"[3442, 1702, 77, 29, 143, 3443, 561]","[3442 1702   77   29  143 3443  561    0    0    0    0    0    0    0
    0    0]"
design good,1,2,11,"[285, 1]",[285   1   0   0   0   0   0   0   0   0   0   0   0   0   0   0]
great reception time,1,3,20,"[3, 183, 8]",[  3 183   8   0   0   0   0   0   0   0   0   0   0   0   0   0]
would highly recommend product,1,4,30,"[17, 116, 40, 30]",[ 17 116  40  30   0   0   0   0   0   0   0   0   0   0   0   0]
use unit sunglass good texas,0,5,28,"[44, 397, 1168, 1, 3444]","[  44  397 1168    1 3444    0    0    0    0    0    0    0    0    0
    0    0]"
dit work time nokia,0,4,19,"[3445, 14, 8, 524]","[3445   14    8  524    0    0    0    0    0    0    0    0    0    0
    0    0]"
bought mainly charger broke soon purchasing,0,6,43,"[140, 1594, 144, 439, 307, 1691]","[ 140 1594  144  439  307 1691    0    0    0    0    0    0    0    0
    0    0]"
fantastic buy get whatever next phone,1,6,37,"[167, 150, 25, 459, 209, 4]",[167 150  25 459 209   4   0   0   0   0   0   0   0   0   0   0]
stay away store careful,0,4,23,"[282, 242, 499, 1640]","[ 282  242  499 1640    0    0    0    0    0    0    0    0    0    0
    0    0]"
blueant supertooth hand free phone speaker awesome,1,7,50,"[3446, 3447, 288, 373, 4, 1176, 139]","[3446 3447  288  373    4 1176  139    0    0    0    0    0    0    0
    0    0]"
light plenty battery capacity confortable wear somewhat extended period time,1,10,76,"[277, 1029, 41, 3448, 3449, 394, 956, 1615, 579, 8]","[ 277 1029   41 3448 3449  394  956 1615  579    8    0    0    0    0
    0    0]"
blue ant easy use,1,4,17,"[545, 3450, 143, 44]","[ 545 3450  143   44    0    0    0    0    0    0    0    0    0    0
    0    0]"
cheap hey work pleasantly suprised given low cost item,1,9,54,"[180, 3451, 14, 3452, 3453, 416, 201, 412, 146]","[ 180 3451   14 3452 3453  416  201  412  146    0    0    0    0    0
    0    0]"
camera phone may used dustpan indoors rather using disposable this,0,10,66,"[164, 4, 344, 109, 3454, 3455, 237, 251, 3456, 111]","[ 164    4  344  109 3454 3455  237  251 3456  111    0    0    0    0
    0    0]"
day later puff smoke came phone use,0,7,35,"[87, 501, 3457, 1753, 73, 4, 44]","[  87  501 3457 1753   73    4   44    0    0    0    0    0    0    0
    0    0]"
convenient simple use get job done make car ride much smoother,1,11,62,"[1187, 513, 44, 25, 138, 208, 29, 153, 3458, 33, 3459]","[1187  513   44   25  138  208   29  153 3458   33 3459    0    0    0
    0    0]"
nano stated it my son dissapointed,0,6,34,"[3460, 1643, 7, 637, 1089, 3461]","[3460 1643    7  637 1089 3461    0    0    0    0    0    0    0    0
    0    0]"
sound quality excellent well,1,4,28,"[35, 24, 34, 16]",[35 24 34 16  0  0  0  0  0  0  0  0  0  0  0  0]
best headset used,1,3,17,"[18, 27, 109]",[ 18  27 109   0   0   0   0   0   0   0   0   0   0   0   0   0]
would reccommend,0,2,16,"[17, 3462]","[  17 3462    0    0    0    0    0    0    0    0    0    0    0    0
    0    0]"
around year carry highest quality anti glare screen protector found date,1,11,72,"[166, 58, 1092, 1254, 24, 3463, 3464, 112, 1754, 113, 896]","[ 166   58 1092 1254   24 3463 3464  112 1754  113  896    0    0    0
    0    0]"
wanted,1,1,6,[429],[429   0   0   0   0   0   0   0   0   0   0   0   0   0   0   0]
particular model would work motorola q smartphone,0,7,49,"[573, 1688, 17, 14, 255, 758, 3465]","[ 573 1688   17   14  255  758 3465    0    0    0    0    0    0    0
    0    0]"
wont work right atleast me,0,5,26,"[1531, 14, 64, 3466, 103]","[1531   14   64 3466  103    0    0    0    0    0    0    0    0    0
    0    0]"
addition feel amp look phone lightweight cheap plastic,0,8,54,"[991, 118, 3467, 48, 4, 873, 180, 600]","[ 991  118 3467   48    4  873  180  600    0    0    0    0    0    0
    0    0]"
out warranty problem reoccure bottom line put money somewhere else cingular support it,0,13,86,"[290, 1736, 66, 3468, 1188, 130, 259, 85, 3469, 484, 889, 864, 7]","[ 290 1736   66 3468 1188  130  259   85 3469  484  889  864    7    0
    0    0]"
really wanted plantronics right one many issue me the good,0,10,58,"[13, 429, 878, 64, 6, 117, 672, 103, 245, 1]",[ 13 429 878  64   6 117 672 103 245   1   0   0   0   0   0   0]
crisp clear,1,2,11,"[1183, 254]","[1183  254    0    0    0    0    0    0    0    0    0    0    0    0
    0    0]"
first charge kept going dead minute,0,6,35,"[42, 195, 345, 67, 677, 54]",[ 42 195 345  67 677  54   0   0   0   0   0   0   0   0   0   0]
cheap plastic creak like old wooden floor,0,7,41,"[180, 600, 3470, 11, 247, 1036, 3471]","[ 180  600 3470   11  247 1036 3471    0    0    0    0    0    0    0
    0    0]"
get absolutely horrible reception apartment phone problem,0,7,57,"[25, 131, 163, 183, 3472, 4, 66]","[  25  131  163  183 3472    4   66    0    0    0    0    0    0    0
    0    0]"
reception generally good,1,3,24,"[183, 629, 1]",[183 629   1   0   0   0   0   0   0   0   0   0   0   0   0   0]
excellent sound battery life inconspicuous boot,1,6,47,"[34, 35, 41, 92, 3473, 1189]","[  34   35   41   92 3473 1189    0    0    0    0    0    0    0    0
    0    0]"
great bluetooth,1,2,15,"[3, 169]",[  3 169   0   0   0   0   0   0   0   0   0   0   0   0   0   0]
highly recommend case,1,3,21,"[116, 40, 52]",[116  40  52   0   0   0   0   0   0   0   0   0   0   0   0   0]
worthwhile,1,1,10,[1112],"[1112    0    0    0    0    0    0    0    0    0    0    0    0    0
    0    0]"
phone got year old slowly breaking despite much care part,0,10,57,"[4, 53, 58, 247, 3474, 1057, 546, 33, 380, 135]","[   4   53   58  247 3474 1057  546   33  380  135    0    0    0    0
    0    0]"
sorry made purchase,0,3,19,"[1107, 28, 210]","[1107   28  210    0    0    0    0    0    0    0    0    0    0    0
    0    0]"
bought hoping could make bluetooth headset fit better thing made impossible wear,0,12,80,"[140, 1144, 37, 29, 169, 27, 105, 36, 31, 28, 1587, 394]","[ 140 1144   37   29  169   27  105   36   31   28 1587  394    0    0
    0    0]"
treo t mobile refused replace forced buy another phone without kind upgrade discount,0,13,84,"[891, 74, 686, 1755, 705, 1006, 150, 136, 4, 244, 204, 3475, 1756]","[ 891   74  686 1755  705 1006  150  136    4  244  204 3475 1756    0
    0    0]"
think would hold securly belt,0,5,29,"[45, 17, 309, 3476, 699]","[  45   17  309 3476  699    0    0    0    0    0    0    0    0    0
    0    0]"
allows possibility double booking date time first,0,7,49,"[1748, 3477, 1190, 3478, 896, 8, 42]","[1748 3477 1190 3478  896    8   42    0    0    0    0    0    0    0
    0    0]"
work week break,0,3,15,"[14, 287, 444]",[ 14 287 444   0   0   0   0   0   0   0   0   0   0   0   0   0]
simple use like it,1,4,18,"[513, 44, 11, 7]",[513  44  11   7   0   0   0   0   0   0   0   0   0   0   0   0]
great tool entertainment communication data management oh sure use activesync optimal data synchronization result,1,14,113,"[3, 696, 3479, 1647, 700, 525, 371, 188, 44, 3480, 3481, 700, 3482, 588]","[   3  696 3479 1647  700  525  371  188   44 3480 3481  700 3482  588
    0    0]"
can t use case smell disgusting,0,6,31,"[106, 74, 44, 52, 845, 812]",[106  74  44  52 845 812   0   0   0   0   0   0   0   0   0   0]
wanted,0,1,6,[429],[429   0   0   0   0   0   0   0   0   0   0   0   0   0   0   0]
case would order another,1,4,24,"[52, 17, 170, 136]",[ 52  17 170 136   0   0   0   0   0   0   0   0   0   0   0   0]
bought battery coupon amazon happy purchase,1,6,43,"[140, 41, 1757, 396, 120, 210]","[ 140   41 1757  396  120  210    0    0    0    0    0    0    0    0
    0    0]"
internet access fine rare instance worked,0,6,41,"[520, 1741, 141, 591, 3483, 133]","[ 520 1741  141  591 3483  133    0    0    0    0    0    0    0    0
    0    0]"
perfect p,1,2,9,"[202, 1561]","[ 202 1561    0    0    0    0    0    0    0    0    0    0    0    0
    0    0]"
five star plus plus,1,4,19,"[768, 81, 417, 417]",[768  81 417 417   0   0   0   0   0   0   0   0   0   0   0   0]
good quality bargain bought bought cheapy big lot sounded awful people end hear me,1,14,82,"[1, 24, 692, 140, 140, 3484, 151, 79, 1037, 137, 68, 154, 224, 103]","[   1   24  692  140  140 3484  151   79 1037  137   68  154  224  103
    0    0]"
drain,0,1,5,[875],[875   0   0   0   0   0   0   0   0   0   0   0   0   0   0   0]
tried talking real loud shouting telephone get old still told great,0,11,67,"[211, 1758, 91, 593, 3485, 1365, 25, 247, 56, 570, 3]","[ 211 1758   91  593 3485 1365   25  247   56  570    3    0    0    0
    0    0]"
good work fine,1,3,14,"[1, 14, 141]",[  1  14 141   0   0   0   0   0   0   0   0   0   0   0   0   0]
price great deal,1,3,16,"[47, 3, 349]",[ 47   3 349   0   0   0   0   0   0   0   0   0   0   0   0   0]
great price too,1,3,15,"[3, 47, 179]",[  3  47 179   0   0   0   0   0   0   0   0   0   0   0   0   0]
wind completely useless,0,3,23,"[751, 246, 522]",[751 246 522   0   0   0   0   0   0   0   0   0   0   0   0   0]
yes shiny front side love it,1,6,28,"[743, 3486, 463, 196, 26, 7]","[ 743 3486  463  196   26    7    0    0    0    0    0    0    0    0
    0    0]"
work,0,1,4,[14],[14  0  0  0  0  0  0  0  0  0  0  0  0  0  0  0]
first thought grtting good deal plugged phone vc razr,0,9,53,"[42, 128, 3487, 1, 349, 1157, 4, 3488, 683]","[  42  128 3487    1  349 1157    4 3488  683    0    0    0    0    0
    0    0]"
reception headset excellent,1,3,27,"[183, 27, 34]",[183  27  34   0   0   0   0   0   0   0   0   0   0   0   0   0]
thumb seller,1,2,12,"[709, 877]",[709 877   0   0   0   0   0   0   0   0   0   0   0   0   0   0]
verizon lg phone work well together good reception range exceeds foot line sight,1,13,80,"[393, 882, 4, 14, 16, 411, 1, 183, 592, 3489, 798, 130, 3490]","[ 393  882    4   14   16  411    1  183  592 3489  798  130 3490    0
    0    0]"
improper description return it,0,4,30,"[3491, 1143, 317, 7]","[3491 1143  317    7    0    0    0    0    0    0    0    0    0    0
    0    0]"
work comfortable,1,2,16,"[14, 142]",[ 14 142   0   0   0   0   0   0   0   0   0   0   0   0   0   0]
battery charge life quite long,1,5,30,"[41, 195, 92, 97, 89]",[ 41 195  92  97  89   0   0   0   0   0   0   0   0   0   0   0]
jabra eargels fit ear well,1,5,26,"[395, 1720, 105, 49, 16]","[ 395 1720  105   49   16    0    0    0    0    0    0    0    0    0
    0    0]"
battery life,0,2,12,"[41, 92]",[41 92  0  0  0  0  0  0  0  0  0  0  0  0  0  0]
checked everywhere feature really disappointing,0,5,47,"[897, 1115, 306, 13, 369]","[ 897 1115  306   13  369    0    0    0    0    0    0    0    0    0
    0    0]"
product exactly described,1,3,25,"[30, 574, 1705]","[  30  574 1705    0    0    0    0    0    0    0    0    0    0    0
    0    0]"
get signal verizon phone won t,1,6,30,"[25, 518, 393, 4, 3492, 74]","[  25  518  393    4 3492   74    0    0    0    0    0    0    0    0
    0    0]"
job,0,1,3,[138],[138   0   0   0   0   0   0   0   0   0   0   0   0   0   0   0]
would recommend it,1,3,18,"[17, 40, 7]",[17 40  7  0  0  0  0  0  0  0  0  0  0  0  0  0]
plan ordering again,1,3,19,"[868, 1759, 69]","[ 868 1759   69    0    0    0    0    0    0    0    0    0    0    0
    0    0]"
said phone camera nice many cool effect play with video decent well,1,12,67,"[219, 4, 164, 32, 117, 200, 263, 295, 512, 676, 419, 16]",[219   4 164  32 117 200 263 295 512 676 419  16   0   0   0   0]
satisfied cell phone day one,1,5,28,"[701, 229, 4, 87, 6]",[701 229   4  87   6   0   0   0   0   0   0   0   0   0   0   0]
keep getting better better this third one numerous palm too,1,10,59,"[291, 280, 36, 36, 111, 894, 6, 1721, 704, 179]","[ 291  280   36   36  111  894    6 1721  704  179    0    0    0    0
    0    0]"
awkward use unreliable,0,3,22,"[1760, 44, 876]","[1760   44  876    0    0    0    0    0    0    0    0    0    0    0
    0    0]"
shipping time also quick,1,4,24,"[693, 8, 23, 438]",[693   8  23 438   0   0   0   0   0   0   0   0   0   0   0   0]
good hoped,0,2,10,"[1, 3493]","[   1 3493    0    0    0    0    0    0    0    0    0    0    0    0
    0    0]"
good case,1,2,9,"[1, 52]",[ 1 52  0  0  0  0  0  0  0  0  0  0  0  0  0  0]
really good product,1,3,19,"[13, 1, 30]",[13  1 30  0  0  0  0  0  0  0  0  0  0  0  0  0]
unfortunately work,0,2,18,"[269, 14]",[269  14   0   0   0   0   0   0   0   0   0   0   0   0   0   0]
three broke within two month use,0,6,32,"[314, 439, 511, 59, 286, 44]",[314 439 511  59 286  44   0   0   0   0   0   0   0   0   0   0]
dont buy it,0,3,11,"[583, 150, 7]",[583 150   7   0   0   0   0   0   0   0   0   0   0   0   0   0]
father v battery dying,0,4,22,"[3494, 1093, 41, 1689]","[3494 1093   41 1689    0    0    0    0    0    0    0    0    0    0
    0    0]"
however ear pad come easily one week lost one,0,9,45,"[161, 49, 1694, 119, 321, 6, 287, 402, 6]","[ 161   49 1694  119  321    6  287  402    6    0    0    0    0    0
    0    0]"
call drop phone come will screen go black worst stop ringing intermittently,0,12,75,"[88, 595, 4, 119, 3495, 112, 21, 222, 51, 707, 1679, 3496]","[  88  595    4  119 3495  112   21  222   51  707 1679 3496    0    0
    0    0]"
horrible horrible protector,0,3,27,"[163, 163, 1754]","[ 163  163 1754    0    0    0    0    0    0    0    0    0    0    0
    0    0]"
like nokia either,0,3,17,"[11, 524, 220]",[ 11 524 220   0   0   0   0   0   0   0   0   0   0   0   0   0]
reaching bottom row uncomfortable send end key expect be,0,9,56,"[3497, 1188, 1417, 1156, 1191, 154, 1166, 252, 695]","[3497 1188 1417 1156 1191  154 1166  252  695    0    0    0    0    0
    0    0]"
bought nokia cell phone week ago nightmare,0,7,42,"[140, 524, 229, 4, 287, 381, 3498]","[ 140  524  229    4  287  381 3498    0    0    0    0    0    0    0
    0    0]"
would take long describe bad customer service experience amazon,0,9,63,"[17, 124, 89, 1082, 15, 185, 12, 75, 396]","[  17  124   89 1082   15  185   12   75  396    0    0    0    0    0
    0    0]"
disappointing thing speakerphone,0,3,32,"[369, 31, 3499]","[ 369   31 3499    0    0    0    0    0    0    0    0    0    0    0
    0    0]"
terrible car accept cassette,0,4,28,"[72, 153, 1746, 3500]","[  72  153 1746 3500    0    0    0    0    0    0    0    0    0    0
    0    0]"
product useless since enough charging current charge cellphone planning use with,0,11,80,"[30, 522, 149, 61, 685, 1761, 195, 1171, 3501, 44, 512]","[  30  522  149   61  685 1761  195 1171 3501   44  512    0    0    0
    0    0]"
say is,0,2,6,"[55, 165]",[ 55 165   0   0   0   0   0   0   0   0   0   0   0   0   0   0]
stay away q,0,3,11,"[282, 242, 758]",[282 242 758   0   0   0   0   0   0   0   0   0   0   0   0   0]
used dirty,0,2,10,"[109, 710]",[109 710   0   0   0   0   0   0   0   0   0   0   0   0   0   0]
unreliable service t mobile,0,4,27,"[876, 12, 74, 686]",[876  12  74 686   0   0   0   0   0   0   0   0   0   0   0   0]
good enough price,0,3,17,"[1, 61, 47]",[ 1 61 47  0  0  0  0  0  0  0  0  0  0  0  0  0]
bought two neither charge,0,4,25,"[140, 59, 1159, 195]","[ 140   59 1159  195    0    0    0    0    0    0    0    0    0    0
    0    0]"
look nice,1,2,9,"[48, 32]",[48 32  0  0  0  0  0  0  0  0  0  0  0  0  0  0]
excellent tool especially paired phone auto answer,1,7,50,"[34, 696, 216, 1728, 4, 1680, 1762]","[  34  696  216 1728    4 1680 1762    0    0    0    0    0    0    0
    0    0]"
read other review problem it,1,5,28,"[1763, 803, 258, 66, 7]","[1763  803  258   66    7    0    0    0    0    0    0    0    0    0
    0    0]"
product cover important light sensor ear outlet,0,7,47,"[30, 492, 408, 277, 3502, 49, 757]","[  30  492  408  277 3502   49  757    0    0    0    0    0    0    0
    0    0]"
comfortable hand,1,2,16,"[142, 288]",[142 288   0   0   0   0   0   0   0   0   0   0   0   0   0   0]
poor reliability,0,2,16,"[101, 3503]","[ 101 3503    0    0    0    0    0    0    0    0    0    0    0    0
    0    0]"
it work,1,2,7,"[7, 14]",[ 7 14  0  0  0  0  0  0  0  0  0  0  0  0  0  0]
take picture battery drop bar start beeping letting know dieing,0,10,63,"[124, 176, 41, 595, 227, 584, 3504, 1022, 76, 3505]","[ 124  176   41  595  227  584 3504 1022   76 3505    0    0    0    0
    0    0]"
terrible product waste money,0,4,28,"[72, 30, 84, 85]",[72 30 84 85  0  0  0  0  0  0  0  0  0  0  0  0]
last time buying you,0,4,20,"[122, 8, 879, 217]",[122   8 879 217   0   0   0   0   0   0   0   0   0   0   0   0]
far worked like charm,1,4,21,"[90, 133, 11, 456]",[ 90 133  11 456   0   0   0   0   0   0   0   0   0   0   0   0]
week far good,1,3,13,"[287, 90, 1]",[287  90   1   0   0   0   0   0   0   0   0   0   0   0   0   0]
but case best part is download picture laptop using ir even send picture laptop phone,1,15,85,"[807, 52, 18, 135, 165, 1740, 176, 1764, 251, 3506, 19, 1191, 176, 1764, 4]","[ 807   52   18  135  165 1740  176 1764  251 3506   19 1191  176 1764
    4    0]"
would recommend item,1,3,20,"[17, 40, 146]",[ 17  40 146   0   0   0   0   0   0   0   0   0   0   0   0   0]
choice headset year great sound good volume good noise cancellation,1,10,67,"[461, 27, 58, 3, 35, 1, 284, 1, 871, 3507]","[ 461   27   58    3   35    1  284    1  871 3507    0    0    0    0
    0    0]"
nice case feel good hand,1,5,24,"[32, 52, 118, 1, 288]",[ 32  52 118   1 288   0   0   0   0   0   0   0   0   0   0   0]
item received counterfeit,0,3,25,"[146, 334, 3508]","[ 146  334 3508    0    0    0    0    0    0    0    0    0    0    0
    0    0]"
really good far probably best bt headset ever had,1,9,49,"[13, 1, 90, 132, 18, 1139, 27, 20, 390]","[  13    1   90  132   18 1139   27   20  390    0    0    0    0    0
    0    0]"
work fine,1,2,9,"[14, 141]",[ 14 141   0   0   0   0   0   0   0   0   0   0   0   0   0   0]
received headset good time happy it,1,6,35,"[334, 27, 1, 8, 120, 7]",[334  27   1   8 120   7   0   0   0   0   0   0   0   0   0   0]
pleased see could replace well travled swivel holster blackberry flip,1,10,69,"[337, 50, 37, 705, 16, 3509, 3510, 1172, 1644, 1160]","[ 337   50   37  705   16 3509 3510 1172 1644 1160    0    0    0    0
    0    0]"
sister one also love it,1,5,23,"[739, 6, 23, 26, 7]",[739   6  23  26   7   0   0   0   0   0   0   0   0   0   0   0]
good quality,1,2,12,"[1, 24]",[ 1 24  0  0  0  0  0  0  0  0  0  0  0  0  0  0]
far worst purchase made amazon,0,5,30,"[90, 51, 210, 28, 396]",[ 90  51 210  28 396   0   0   0   0   0   0   0   0   0   0   0]
excellent dual purpose headset,1,4,30,"[34, 3511, 1665, 27]","[  34 3511 1665   27    0    0    0    0    0    0    0    0    0    0
    0    0]"
excellent,1,1,9,[34],[34  0  0  0  0  0  0  0  0  0  0  0  0  0  0  0]
work listening music cingular,0,4,29,"[14, 1715, 175, 889]","[  14 1715  175  889    0    0    0    0    0    0    0    0    0    0
    0    0]"
seems completely secure holding belt keeping iphone inside,1,8,58,"[421, 246, 1666, 1103, 699, 3512, 1185, 347]","[ 421  246 1666 1103  699 3512 1185  347    0    0    0    0    0    0
    0    0]"
bottowm line another worthless cheap gimmick sprint,0,7,51,"[3513, 130, 136, 852, 180, 3514, 1177]","[3513  130  136  852  180 3514 1177    0    0    0    0    0    0    0
    0    0]"
trouble volume,0,2,14,"[847, 284]",[847 284   0   0   0   0   0   0   0   0   0   0   0   0   0   0]
good thing fit comfortably small ear,1,6,36,"[1, 31, 105, 869, 182, 49]",[  1  31 105 869 182  49   0   0   0   0   0   0   0   0   0   0]
warning buy,0,2,11,"[819, 150]",[819 150   0   0   0   0   0   0   0   0   0   0   0   0   0   0]
pairing iphone could happier far,1,5,32,"[1182, 1185, 37, 886, 90]","[1182 1185   37  886   90    0    0    0    0    0    0    0    0    0
    0    0]"
open battery connection broken device turned off,0,7,48,"[1097, 41, 569, 1726, 228, 632, 312]","[1097   41  569 1726  228  632  312    0    0    0    0    0    0    0
    0    0]"
want clip going top ear causing discomfort,0,7,42,"[94, 684, 67, 316, 49, 3515, 1583]","[  94  684   67  316   49 3515 1583    0    0    0    0    0    0    0
    0    0]"
best headset ever,1,3,17,"[18, 27, 20]",[18 27 20  0  0  0  0  0  0  0  0  0  0  0  0  0]
trust website expect helpful support,0,5,36,"[3516, 857, 252, 391, 864]","[3516  857  252  391  864    0    0    0    0    0    0    0    0    0
    0    0]"
loud glad say plantronics maintains flawless connection cell static normal use,1,11,78,"[593, 325, 55, 878, 3517, 3518, 569, 229, 1120, 1765, 44]","[ 593  325   55  878 3517 3518  569  229 1120 1765   44    0    0    0
    0    0]"
speaker low quality making ring tone sound cheap,0,8,48,"[1176, 201, 24, 458, 1150, 1151, 35, 180]","[1176  201   24  458 1150 1151   35  180    0    0    0    0    0    0
    0    0]"
fit comfortably came three size earbud tip,1,7,42,"[105, 869, 73, 314, 703, 1140, 697]","[ 105  869   73  314  703 1140  697    0    0    0    0    0    0    0
    0    0]"
bad reception,0,2,13,"[15, 183]",[ 15 183   0   0   0   0   0   0   0   0   0   0   0   0   0   0]
product high quality chinese crap,0,5,33,"[30, 302, 24, 895, 324]",[ 30 302  24 895 324   0   0   0   0   0   0   0   0   0   0   0]
quite comfortable ear,1,3,21,"[97, 142, 49]",[ 97 142  49   0   0   0   0   0   0   0   0   0   0   0   0   0]
buy product fails,0,3,17,"[150, 30, 425]",[150  30 425   0   0   0   0   0   0   0   0   0   0   0   0   0]
everything product wrong first,0,4,30,"[60, 30, 318, 42]",[ 60  30 318  42   0   0   0   0   0   0   0   0   0   0   0   0]
pairing two device easy barely took couple minute started making call voice dialing feature,1,14,91,"[1182, 59, 228, 143, 333, 272, 338, 54, 313, 458, 88, 326, 1676, 306]","[1182   59  228  143  333  272  338   54  313  458   88  326 1676  306
    0    0]"
utterly confusing first caused lose couple very important contact,0,9,65,"[626, 3519, 42, 1669, 1766, 338, 355, 408, 856]","[ 626 3519   42 1669 1766  338  355  408  856    0    0    0    0    0
    0    0]"
terrible phone holder,0,3,21,"[72, 4, 3520]","[  72    4 3520    0    0    0    0    0    0    0    0    0    0    0
    0    0]"
cutout button placed perfectly,1,4,30,"[1309, 348, 1180, 279]","[1309  348 1180  279    0    0    0    0    0    0    0    0    0    0
    0    0]"
love able use one headset land line cell,1,8,40,"[26, 872, 44, 6, 27, 3521, 130, 229]","[  26  872   44    6   27 3521  130  229    0    0    0    0    0    0
    0    0]"
problem ear loop made weak material break easily,0,8,48,"[66, 49, 1739, 28, 506, 988, 444, 321]","[  66   49 1739   28  506  988  444  321    0    0    0    0    0    0
    0    0]"
nearly good looking amazon picture make look,0,7,44,"[729, 1, 346, 396, 176, 29, 48]",[729   1 346 396 176  29  48   0   0   0   0   0   0   0   0   0]
despite flaw case exceptional quality well worth additional cost owning official oem product,1,13,92,"[546, 559, 52, 1767, 24, 16, 93, 1663, 412, 3522, 3523, 3524, 30]","[ 546  559   52 1767   24   16   93 1663  412 3522 3523 3524   30    0
    0    0]"
stupid that,0,2,11,"[206, 82]",[206  82   0   0   0   0   0   0   0   0   0   0   0   0   0   0]
hear driving car usually even put loudest setting,1,8,49,"[224, 1158, 153, 1660, 19, 259, 3525, 480]","[ 224 1158  153 1660   19  259 3525  480    0    0    0    0    0    0
    0    0]"
seller shipped quickly much cheaper competitor,1,6,46,"[877, 1683, 515, 33, 1630, 3526]","[ 877 1683  515   33 1630 3526    0    0    0    0    0    0    0    0
    0    0]"
good show samsung,1,3,17,"[1, 123, 708]",[  1 123 708   0   0   0   0   0   0   0   0   0   0   0   0   0]
bought saved alot money,1,4,23,"[140, 3527, 3528, 85]","[ 140 3527 3528   85    0    0    0    0    0    0    0    0    0    0
    0    0]"
always cut make beep beep beep sound say signal failed,0,10,54,"[125, 589, 29, 1192, 1192, 1192, 35, 55, 518, 832]","[ 125  589   29 1192 1192 1192   35   55  518  832    0    0    0    0
    0    0]"
figure,0,1,6,[1693],"[1693    0    0    0    0    0    0    0    0    0    0    0    0    0
    0    0]"
phone sounded ok great ok wife phone almost totally unintelligible understand word said it,0,14,90,"[4, 1037, 711, 3, 711, 440, 4, 293, 158, 3529, 303, 322, 219, 7]","[   4 1037  711    3  711  440    4  293  158 3529  303  322  219    7
    0    0]"
take battery phone put back together restart it,0,8,47,"[124, 41, 4, 259, 22, 411, 3530, 7]","[ 124   41    4  259   22  411 3530    7    0    0    0    0    0    0
    0    0]"
managed bend leaf spring back place metal enough stress break next drop,0,12,71,"[1768, 3531, 792, 1181, 22, 10, 3532, 61, 3533, 444, 209, 595]","[1768 3531  792 1181   22   10 3532   61 3533  444  209  595    0    0
    0    0]"
leopard print wonderfully wild,1,4,30,"[3534, 3535, 1019, 1556]","[3534 3535 1019 1556    0    0    0    0    0    0    0    0    0    0
    0    0]"
work me,1,2,7,"[14, 103]",[ 14 103   0   0   0   0   0   0   0   0   0   0   0   0   0   0]
saggy floppy piece junk,0,4,23,"[3536, 3537, 80, 374]","[3536 3537   80  374    0    0    0    0    0    0    0    0    0    0
    0    0]"
much better hard plastic case,1,5,29,"[33, 36, 213, 600, 52]",[ 33  36 213 600  52   0   0   0   0   0   0   0   0   0   0   0]
also new problem,0,3,16,"[23, 86, 66]",[23 86 66  0  0  0  0  0  0  0  0  0  0  0  0  0]
happy far,1,2,9,"[120, 90]",[120  90   0   0   0   0   0   0   0   0   0   0   0   0   0   0]
cool phone,1,2,10,"[200, 4]",[200   4   0   0   0   0   0   0   0   0   0   0   0   0   0   0]
work good,1,2,9,"[14, 1]",[14  1  0  0  0  0  0  0  0  0  0  0  0  0  0  0]
motorola finally got voice quality bluetooth headset right,1,8,58,"[255, 432, 53, 326, 24, 169, 27, 64]",[255 432  53 326  24 169  27  64   0   0   0   0   0   0   0   0]
loos connection phone even within couple foot two,0,8,49,"[3538, 569, 4, 19, 511, 338, 798, 59]","[3538  569    4   19  511  338  798   59    0    0    0    0    0    0
    0    0]"
great would really recommend,1,4,28,"[3, 17, 13, 40]",[ 3 17 13 40  0  0  0  0  0  0  0  0  0  0  0  0]
make easier keep bluetooth wearing it,0,6,37,"[29, 885, 291, 169, 1167, 7]","[  29  885  291  169 1167    7    0    0    0    0    0    0    0    0
    0    0]"
said above pretty useless,0,4,25,"[219, 3539, 46, 522]","[ 219 3539   46  522    0    0    0    0    0    0    0    0    0    0
    0    0]"
never got it,0,3,12,"[38, 53, 7]",[38 53  7  0  0  0  0  0  0  0  0  0  0  0  0  0]
pair headphone worst ever sound wise,0,6,36,"[842, 691, 51, 20, 35, 999]",[842 691  51  20  35 999   0   0   0   0   0   0   0   0   0   0]
drain weak snap,0,3,15,"[875, 506, 3540]","[ 875  506 3540    0    0    0    0    0    0    0    0    0    0    0
    0    0]"
charge cingular att phone,0,4,25,"[195, 889, 1687, 4]","[ 195  889 1687    4    0    0    0    0    0    0    0    0    0    0
    0    0]"
get extra minute carry call get cut off,1,8,39,"[25, 604, 54, 1092, 88, 25, 589, 312]","[  25  604   54 1092   88   25  589  312    0    0    0    0    0    0
    0    0]"
however year fliptop started get loose wobbly eventually screen went black receive place call,0,14,93,"[161, 58, 3541, 313, 25, 1408, 3542, 3543, 112, 145, 222, 1477, 10, 88]","[ 161   58 3541  313   25 1408 3542 3543  112  145  222 1477   10   88
    0    0]"
kept catching cable seat pull phone turn off,0,8,44,"[345, 1709, 431, 955, 620, 4, 274, 312]","[ 345 1709  431  955  620    4  274  312    0    0    0    0    0    0
    0    0]"
headset fulfills requirement happy purchase,1,5,43,"[27, 3544, 3545, 120, 210]","[  27 3544 3545  120  210    0    0    0    0    0    0    0    0    0
    0    0]"
logitech bluetooth headset,1,3,26,"[1641, 169, 27]","[1641  169   27    0    0    0    0    0    0    0    0    0    0    0
    0    0]"
like fact rest lightly ear rather inside,1,7,40,"[11, 266, 455, 1769, 49, 237, 347]","[  11  266  455 1769   49  237  347    0    0    0    0    0    0    0
    0    0]"
lot website rating good phone i,1,6,31,"[79, 857, 474, 1, 4, 243]",[ 79 857 474   1   4 243   0   0   0   0   0   0   0   0   0   0]
tried cable computer ipod work fine,1,6,35,"[211, 431, 670, 1127, 14, 141]","[ 211  431  670 1127   14  141    0    0    0    0    0    0    0    0
    0    0]"
mic joke volume quite low,0,5,25,"[855, 582, 284, 97, 201]",[855 582 284  97 201   0   0   0   0   0   0   0   0   0   0   0]
returning them,0,2,14,"[1169, 332]","[1169  332    0    0    0    0    0    0    0    0    0    0    0    0
    0    0]"
maintain connection computer lap,0,4,32,"[1648, 569, 670, 3546]","[1648  569  670 3546    0    0    0    0    0    0    0    0    0    0
    0    0]"
easy turn car volume control quite accessable,1,7,45,"[143, 274, 153, 284, 788, 97, 3547]","[ 143  274  153  284  788   97 3547    0    0    0    0    0    0    0
    0    0]"
mine year christmas bought rest family,1,6,38,"[3548, 58, 837, 140, 455, 193]","[3548   58  837  140  455  193    0    0    0    0    0    0    0    0
    0    0]"
otherwise easy install use clear sound,1,6,38,"[1105, 143, 1690, 44, 254, 35]","[1105  143 1690   44  254   35    0    0    0    0    0    0    0    0
    0    0]"
nice leather,1,2,12,"[32, 694]",[ 32 694   0   0   0   0   0   0   0   0   0   0   0   0   0   0]
purchase different case,0,3,23,"[210, 315, 52]",[210 315  52   0   0   0   0   0   0   0   0   0   0   0   0   0]
joy use,1,2,7,"[635, 44]",[635  44   0   0   0   0   0   0   0   0   0   0   0   0   0   0]
much disappointed company,0,3,25,"[33, 71, 340]",[ 33  71 340   0   0   0   0   0   0   0   0   0   0   0   0   0]
satisifed that,1,2,14,"[3549, 82]","[3549   82    0    0    0    0    0    0    0    0    0    0    0    0
    0    0]"
charge me,0,2,9,"[195, 103]",[195 103   0   0   0   0   0   0   0   0   0   0   0   0   0   0]
phone get bought sa say wow,1,6,27,"[4, 25, 140, 3550, 55, 580]","[   4   25  140 3550   55  580    0    0    0    0    0    0    0    0
    0    0]"
button small,0,2,12,"[348, 182]",[348 182   0   0   0   0   0   0   0   0   0   0   0   0   0   0]
reading spec alone make say wow,1,6,31,"[627, 3551, 1165, 29, 55, 580]","[ 627 3551 1165   29   55  580    0    0    0    0    0    0    0    0
    0    0]"
love it great armband,1,4,21,"[26, 7, 3, 3552]","[  26    7    3 3552    0    0    0    0    0    0    0    0    0    0
    0    0]"
really like product motorola allot clearer ear piece mic,1,9,56,"[13, 11, 30, 255, 3553, 3554, 49, 80, 855]","[  13   11   30  255 3553 3554   49   80  855    0    0    0    0    0
    0    0]"
however keypad tinny sometimes reach wrong button,0,7,49,"[161, 1137, 1179, 636, 3555, 318, 348]","[ 161 1137 1179  636 3555  318  348    0    0    0    0    0    0    0
    0    0]"
exchanged sony ericson za pretty happy decision,1,7,47,"[1704, 1661, 3556, 3557, 46, 120, 678]","[1704 1661 3556 3557   46  120  678    0    0    0    0    0    0    0
    0    0]"
impressed price case,1,3,20,"[156, 47, 52]",[156  47  52   0   0   0   0   0   0   0   0   0   0   0   0   0]
also make easier hold to,1,5,24,"[23, 29, 885, 309, 375]",[ 23  29 885 309 375   0   0   0   0   0   0   0   0   0   0   0]
use product motor control center lot high voltage humming equipment work great,1,12,78,"[44, 30, 3558, 788, 1595, 79, 302, 3559, 3560, 3561, 14, 3]","[  44   30 3558  788 1595   79  302 3559 3560 3561   14    3    0    0
    0    0]"
pretty easy,1,2,11,"[46, 143]",[ 46 143   0   0   0   0   0   0   0   0   0   0   0   0   0   0]
cannot make call certain place,0,5,30,"[372, 29, 88, 1329, 10]","[ 372   29   88 1329   10    0    0    0    0    0    0    0    0    0
    0    0]"
however girl complain time phone wake like normal phone doe,0,10,59,"[161, 365, 1193, 8, 4, 3562, 11, 1765, 4, 1132]","[ 161  365 1193    8    4 3562   11 1765    4 1132    0    0    0    0
    0    0]"
beautiful styling though,1,3,24,"[189, 3563, 215]","[ 189 3563  215    0    0    0    0    0    0    0    0    0    0    0
    0    0]"
company charge restocking fee still given refund back,0,8,53,"[340, 195, 3564, 3565, 56, 416, 1175, 22]","[ 340  195 3564 3565   56  416 1175   22    0    0    0    0    0    0
    0    0]"
trying return refund,0,3,20,"[403, 317, 1175]","[ 403  317 1175    0    0    0    0    0    0    0    0    0    0    0
    0    0]"
plugged find darn thing worked,0,5,30,"[1157, 148, 3566, 31, 133]","[1157  148 3566   31  133    0    0    0    0    0    0    0    0    0
    0    0]"
excellent product,1,2,17,"[34, 30]",[34 30  0  0  0  0  0  0  0  0  0  0  0  0  0  0]
earbud piece break easily,0,4,25,"[1140, 80, 444, 321]","[1140   80  444  321    0    0    0    0    0    0    0    0    0    0
    0    0]"
lousy product,0,2,13,"[950, 30]",[950  30   0   0   0   0   0   0   0   0   0   0   0   0   0   0]
phone try hard everything fails ability phone,0,7,45,"[4, 194, 213, 60, 425, 675, 4]",[  4 194 213  60 425 675   4   0   0   0   0   0   0   0   0   0]
best charger seen market yet,1,5,28,"[18, 144, 99, 874, 377]",[ 18 144  99 874 377   0   0   0   0   0   0   0   0   0   0   0]
sweetest phone,1,2,14,"[3567, 4]","[3567    4    0    0    0    0    0    0    0    0    0    0    0    0
    0    0]"
oh charger seems work fine,1,5,26,"[371, 144, 421, 14, 141]",[371 144 421  14 141   0   0   0   0   0   0   0   0   0   0   0]
fit securely ear hook even need used sound better directed ear canal,1,12,68,"[105, 3568, 49, 3569, 19, 192, 109, 35, 36, 1012, 49, 3570]","[ 105 3568   49 3569   19  192  109   35   36 1012   49 3570    0    0
    0    0]"
enough volume,0,2,13,"[61, 284]",[ 61 284   0   0   0   0   0   0   0   0   0   0   0   0   0   0]
echo problem very unsatisfactory,0,4,32,"[1735, 66, 355, 1297]","[1735   66  355 1297    0    0    0    0    0    0    0    0    0    0
    0    0]"
could take video time quality poor,0,6,34,"[37, 124, 676, 8, 24, 101]",[ 37 124 676   8  24 101   0   0   0   0   0   0   0   0   0   0]
going first negatively review product,0,5,37,"[67, 42, 3571, 258, 30]","[  67   42 3571  258   30    0    0    0    0    0    0    0    0    0
    0    0]"
adapter provide enough charging current,0,5,39,"[1725, 3572, 61, 685, 1761]","[1725 3572   61  685 1761    0    0    0    0    0    0    0    0    0
    0    0]"
much hype phone assumed best mistake,0,6,36,"[33, 1600, 4, 3573, 18, 505]","[  33 1600    4 3573   18  505    0    0    0    0    0    0    0    0
    0    0]"
also cannot take picture case lense covered,0,7,43,"[23, 372, 124, 176, 52, 3574, 1770]","[  23  372  124  176   52 3574 1770    0    0    0    0    0    0    0
    0    0]"
phone fall easily,0,3,17,"[4, 548, 321]",[  4 548 321   0   0   0   0   0   0   0   0   0   0   0   0   0]
work people hear talk,0,4,21,"[14, 68, 224, 207]",[ 14  68 224 207   0   0   0   0   0   0   0   0   0   0   0   0]
text messaging feature really tricky use,0,6,40,"[3575, 3576, 306, 13, 3577, 44]","[3575 3576  306   13 3577   44    0    0    0    0    0    0    0    0
    0    0]"
really disappointed charger work,0,4,32,"[13, 71, 144, 14]",[ 13  71 144  14   0   0   0   0   0   0   0   0   0   0   0   0]
painful ear,0,2,11,"[1066, 49]","[1066   49    0    0    0    0    0    0    0    0    0    0    0    0
    0    0]"
lasted one day blew up,0,5,22,"[3578, 6, 87, 1400, 181]","[3578    6   87 1400  181    0    0    0    0    0    0    0    0    0
    0    0]"
kind flop around,0,3,16,"[204, 1771, 166]","[ 204 1771  166    0    0    0    0    0    0    0    0    0    0    0
    0    0]"
screen get smudged easily touch ear face,0,7,40,"[112, 25, 3579, 321, 510, 49, 404]","[ 112   25 3579  321  510   49  404    0    0    0    0    0    0    0
    0    0]"
piece junk lose call phone,0,5,26,"[80, 374, 1766, 88, 4]","[  80  374 1766   88    4    0    0    0    0    0    0    0    0    0
    0    0]"
item match picture,0,3,18,"[146, 1135, 176]","[ 146 1135  176    0    0    0    0    0    0    0    0    0    0    0
    0    0]"
thing disappoint infra red port irda,0,6,36,"[31, 1194, 3580, 893, 3581, 3582]","[  31 1194 3580  893 3581 3582    0    0    0    0    0    0    0    0
    0    0]"
answer call unit never worked once,0,6,34,"[1762, 88, 397, 38, 133, 1018]","[1762   88  397   38  133 1018    0    0    0    0    0    0    0    0
    0    0]"
wow loved place,1,3,15,"[580, 134, 10]",[580 134  10   0   0   0   0   0   0   0   0   0   0   0   0   0]
crust good,0,2,10,"[1772, 1]","[1772    1    0    0    0    0    0    0    0    0    0    0    0    0
    0    0]"
tasty texture nasty,0,3,19,"[319, 1195, 1196]","[ 319 1195 1196    0    0    0    0    0    0    0    0    0    0    0
    0    0]"
stopped late may bank holiday rick steve recommendation loved it,1,10,64,"[1178, 1083, 344, 3583, 3584, 3585, 1459, 1197, 134, 7]","[1178 1083  344 3583 3584 3585 1459 1197  134    7    0    0    0    0
    0    0]"
selection menu great price,1,4,26,"[240, 197, 3, 47]",[240 197   3  47   0   0   0   0   0   0   0   0   0   0   0   0]
getting angry want damn pho,0,5,27,"[280, 1342, 94, 679, 606]","[ 280 1342   94  679  606    0    0    0    0    0    0    0    0    0
    0    0]"
honeslty taste fresh,0,3,20,"[3586, 226, 191]","[3586  226  191    0    0    0    0    0    0    0    0    0    0    0
    0    0]"
potato like rubber could tell made ahead time kept warmer,0,10,57,"[398, 11, 1668, 37, 335, 28, 3587, 8, 345, 3588]","[ 398   11 1668   37  335   28 3587    8  345 3588    0    0    0    0
    0    0]"
fry great too,1,3,13,"[289, 3, 179]",[289   3 179   0   0   0   0   0   0   0   0   0   0   0   0   0]
great touch,1,2,11,"[3, 510]",[  3 510   0   0   0   0   0   0   0   0   0   0   0   0   0   0]
service prompt,1,2,14,"[12, 1685]","[  12 1685    0    0    0    0    0    0    0    0    0    0    0    0
    0    0]"
would go back,0,3,13,"[17, 21, 22]",[17 21 22  0  0  0  0  0  0  0  0  0  0  0  0  0]
cashier care ever say still ended wayyy overpriced,0,8,50,"[1773, 380, 20, 55, 56, 664, 3589, 526]","[1773  380   20   55   56  664 3589  526    0    0    0    0    0    0
    0    0]"
tried cape cod ravoli chicken with cranberry mmmm,1,8,49,"[211, 3590, 3591, 3592, 171, 512, 3593, 1774]","[ 211 3590 3591 3592  171  512 3593 1774    0    0    0    0    0    0
    0    0]"
disgusted pretty sure human hair,0,5,32,"[3594, 46, 188, 503, 1152]","[3594   46  188  503 1152    0    0    0    0    0    0    0    0    0
    0    0]"
shocked sign indicate cash only,0,5,31,"[3595, 833, 3596, 3597, 1164]","[3595  833 3596 3597 1164    0    0    0    0    0    0    0    0    0
    0    0]"
highly recommended,1,2,18,"[116, 384]",[116 384   0   0   0   0   0   0   0   0   0   0   0   0   0   0]
waitress little slow service,0,4,28,"[336, 63, 147, 12]",[336  63 147  12   0   0   0   0   0   0   0   0   0   0   0   0]
place worth time let alone vega,0,6,31,"[10, 93, 8, 296, 1165, 126]","[  10   93    8  296 1165  126    0    0    0    0    0    0    0    0
    0    0]"
like all,0,2,8,"[11, 100]",[ 11 100   0   0   0   0   0   0   0   0   0   0   0   0   0   0]
burrittos blah,0,2,14,"[3598, 1428]","[3598 1428    0    0    0    0    0    0    0    0    0    0    0    0
    0    0]"
food amazing,1,2,12,"[9, 62]",[ 9 62  0  0  0  0  0  0  0  0  0  0  0  0  0  0]
service also cute,1,3,17,"[12, 23, 659]",[ 12  23 659   0   0   0   0   0   0   0   0   0   0   0   0   0]
could care le interior beautiful,1,5,32,"[37, 380, 311, 3599, 189]","[  37  380  311 3599  189    0    0    0    0    0    0    0    0    0
    0    0]"
performed,1,1,9,[1734],"[1734    0    0    0    0    0    0    0    0    0    0    0    0    0
    0    0]"
that right the red velvet cake ohhh stuff good,1,9,46,"[82, 64, 245, 893, 3600, 1775, 3601, 674, 1]","[  82   64  245  893 3600 1775 3601  674    1    0    0    0    0    0
    0    0]"
never brought salad asked for,0,5,29,"[38, 1198, 186, 712, 495]","[  38 1198  186  712  495    0    0    0    0    0    0    0    0    0
    0    0]"
hole wall great mexican street taco friendly staff,1,8,50,"[590, 437, 3, 785, 1603, 607, 77, 172]","[ 590  437    3  785 1603  607   77  172    0    0    0    0    0    0
    0    0]"
took hour get food table restaurant food luke warm sever running around like totally overwhelmed,0,15,96,"[272, 104, 25, 9, 230, 83, 9, 3602, 527, 3603, 538, 166, 11, 158, 1776]","[ 272  104   25    9  230   83    9 3602  527 3603  538  166   11  158
 1776    0]"
worst salmon sashimi,0,3,20,"[51, 898, 1199]","[  51  898 1199    0    0    0    0    0    0    0    0    0    0    0
    0    0]"
also combo like burger fry beer decent deal,1,8,43,"[23, 1777, 11, 198, 289, 399, 419, 349]","[  23 1777   11  198  289  399  419  349    0    0    0    0    0    0
    0    0]"
like final blow,0,3,15,"[11, 1053, 1778]","[  11 1053 1778    0    0    0    0    0    0    0    0    0    0    0
    0    0]"
found place accident could happier,1,5,34,"[113, 10, 3604, 37, 886]","[ 113   10 3604   37  886    0    0    0    0    0    0    0    0    0
    0    0]"
seems like good quick place grab bite familiar pub food favor look elsewhere,0,13,76,"[421, 11, 1, 438, 10, 3605, 899, 1779, 3606, 9, 1780, 48, 578]","[ 421   11    1  438   10 3605  899 1779 3606    9 1780   48  578    0
    0    0]"
overall like place lot,1,4,22,"[159, 11, 10, 79]",[159  11  10  79   0   0   0   0   0   0   0   0   0   0   0   0]
redeeming quality restaurant inexpensive,1,4,40,"[976, 24, 83, 1161]","[ 976   24   83 1161    0    0    0    0    0    0    0    0    0    0
    0    0]"
ample portion good price,1,4,24,"[1719, 528, 1, 47]","[1719  528    1   47    0    0    0    0    0    0    0    0    0    0
    0    0]"
poor service waiter made feel like stupid every time came table,0,11,63,"[101, 12, 529, 28, 118, 11, 206, 70, 8, 73, 230]",[101  12 529  28 118  11 206  70   8  73 230   0   0   0   0   0]
first visit hiro delight,1,4,24,"[42, 900, 3607, 587]","[  42  900 3607  587    0    0    0    0    0    0    0    0    0    0
    0    0]"
service suck,0,2,12,"[12, 168]",[ 12 168   0   0   0   0   0   0   0   0   0   0   0   0   0   0]
shrimp tender moist,1,3,19,"[608, 436, 1200]","[ 608  436 1200    0    0    0    0    0    0    0    0    0    0    0
    0    0]"
deal good enough would drag establishment again,0,7,47,"[349, 1, 61, 17, 1319, 901, 69]","[ 349    1   61   17 1319  901   69    0    0    0    0    0    0    0
    0    0]"
hard judge whether side good grossed melted styrofoam want eat fear getting sick,0,13,80,"[213, 1781, 628, 196, 1, 1782, 3608, 3609, 94, 157, 959, 280, 485]","[ 213 1781  628  196    1 1782 3608 3609   94  157  959  280  485    0
    0    0]"
positive note server attentive provided great service,1,7,53,"[1395, 655, 173, 530, 647, 3, 12]","[1395  655  173  530  647    3   12    0    0    0    0    0    0    0
    0    0]"
frozen puck disgust worst people behind register,0,7,48,"[1201, 3610, 3611, 51, 68, 1048, 3612]","[1201 3610 3611   51   68 1048 3612    0    0    0    0    0    0    0
    0    0]"
thing like prime rib dessert section,1,6,36,"[31, 11, 1744, 3613, 445, 3614]","[  31   11 1744 3613  445 3614    0    0    0    0    0    0    0    0
    0    0]"
bad food damn generic,0,4,21,"[15, 9, 679, 3615]","[  15    9  679 3615    0    0    0    0    0    0    0    0    0    0
    0    0]"
burger good beef cooked right,1,5,29,"[198, 1, 713, 531, 64]",[198   1 713 531  64   0   0   0   0   0   0   0   0   0   0   0]
want sandwich go firehouse,1,4,26,"[94, 350, 21, 3616]","[  94  350   21 3616    0    0    0    0    0    0    0    0    0    0
    0    0]"
side greek salad greek dressing tasty pita hummus refreshing,1,9,60,"[196, 1202, 186, 1202, 1203, 319, 1204, 1205, 3617]","[ 196 1202  186 1202 1203  319 1204 1205 3617    0    0    0    0    0
    0    0]"
ordered duck rare pink tender inside nice char outside,1,9,54,"[184, 1206, 591, 3618, 436, 347, 32, 1783, 507]","[ 184 1206  591 3618  436  347   32 1783  507    0    0    0    0    0
    0    0]"
came running u realized husband left sunglass table,1,8,51,"[73, 538, 102, 1113, 902, 271, 1168, 230]","[  73  538  102 1113  902  271 1168  230    0    0    0    0    0    0
    0    0]"
chow mein good,1,3,14,"[3619, 3620, 1]","[3619 3620    1    0    0    0    0    0    0    0    0    0    0    0
    0    0]"
horrible attitude towards customer talk one customer enjoy food,0,9,63,"[163, 1784, 804, 185, 207, 6, 185, 261, 9]","[ 163 1784  804  185  207    6  185  261    9    0    0    0    0    0
    0    0]"
portion huge,1,2,12,"[528, 343]",[528 343   0   0   0   0   0   0   0   0   0   0   0   0   0   0]
loved it friendly server great food wonderful imaginative menu,1,9,62,"[134, 7, 77, 173, 3, 9, 110, 1473, 197]","[ 134    7   77  173    3    9  110 1473  197    0    0    0    0    0
    0    0]"
heart attack grill downtown vega absolutely flat lined excuse restaurant,0,10,72,"[434, 1785, 1786, 1787, 126, 131, 612, 3621, 809, 83]","[ 434 1785 1786 1787  126  131  612 3621  809   83    0    0    0    0
    0    0]"
much seafood like string pasta bottom,0,6,37,"[33, 714, 11, 1411, 609, 1188]","[  33  714   11 1411  609 1188    0    0    0    0    0    0    0    0
    0    0]"
salad right amount sauce power scallop perfectly cooked,1,8,55,"[186, 64, 619, 446, 820, 1788, 279, 531]","[ 186   64  619  446  820 1788  279  531    0    0    0    0    0    0
    0    0]"
ripped banana ripped petrified tasteless,0,5,40,"[1184, 3622, 1184, 3623, 715]","[1184 3622 1184 3623  715    0    0    0    0    0    0    0    0    0
    0    0]"
least think refill water struggle wave minute,0,7,45,"[262, 45, 1789, 786, 1581, 1608, 54]","[ 262   45 1789  786 1581 1608   54    0    0    0    0    0    0    0
    0    0]"
place receives star appetizer,1,4,29,"[10, 3624, 81, 1207]","[  10 3624   81 1207    0    0    0    0    0    0    0    0    0    0
    0    0]"
cocktail handmade delicious,1,3,27,"[1790, 3625, 127]","[1790 3625  127    0    0    0    0    0    0    0    0    0    0    0
    0    0]"
definitely go back again,1,4,24,"[65, 21, 22, 69]",[65 21 22 69  0  0  0  0  0  0  0  0  0  0  0  0]
glad found place,1,3,16,"[325, 113, 10]",[325 113  10   0   0   0   0   0   0   0   0   0   0   0   0   0]
great food service huge portion give military discount,1,8,54,"[3, 9, 12, 343, 528, 107, 3626, 1756]","[   3    9   12  343  528  107 3626 1756    0    0    0    0    0    0
    0    0]"
always great time do gringo,1,5,27,"[125, 3, 8, 1110, 3627]","[ 125    3    8 1110 3627    0    0    0    0    0    0    0    0    0
    0    0]"
update went back second time still amazing,1,7,42,"[1696, 145, 22, 341, 8, 56, 62]","[1696  145   22  341    8   56   62    0    0    0    0    0    0    0
    0    0]"
got food apparently never heard salt batter fish chewy,0,9,54,"[53, 9, 1631, 38, 839, 1208, 1791, 558, 1209]","[  53    9 1631   38  839 1208 1791  558 1209    0    0    0    0    0
    0    0]"
great way finish great,1,4,22,"[3, 43, 1792, 3]","[   3   43 1792    3    0    0    0    0    0    0    0    0    0    0
    0    0]"
deal included tasting drink jeff went beyond expected,1,8,53,"[349, 859, 3628, 532, 3629, 145, 481, 435]","[ 349  859 3628  532 3629  145  481  435    0    0    0    0    0    0
    0    0]"
really really good rice time,1,5,28,"[13, 13, 1, 673, 8]",[ 13  13   1 673   8   0   0   0   0   0   0   0   0   0   0   0]
service meh,0,2,11,"[12, 1793]","[  12 1793    0    0    0    0    0    0    0    0    0    0    0    0
    0    0]"
took min get milkshake nothing chocolate milk,0,7,45,"[272, 860, 25, 3630, 95, 3631, 3632]","[ 272  860   25 3630   95 3631 3632    0    0    0    0    0    0    0
    0    0]"
guess known place would suck inside excalibur use common sense,0,10,62,"[358, 1072, 10, 17, 168, 347, 3633, 44, 3634, 1426]","[ 358 1072   10   17  168  347 3633   44 3634 1426    0    0    0    0
    0    0]"
scallop dish quite appalling value well,0,6,39,"[1788, 212, 97, 977, 339, 16]","[1788  212   97  977  339   16    0    0    0    0    0    0    0    0
    0    0]"
time bad customer service,0,4,25,"[8, 15, 185, 12]",[  8  15 185  12   0   0   0   0   0   0   0   0   0   0   0   0]
sweet potato fry good seasoned well,1,6,35,"[572, 398, 289, 1, 1794, 16]","[ 572  398  289    1 1794   16    0    0    0    0    0    0    0    0
    0    0]"
today second time lunch buffet pretty good,1,7,42,"[360, 341, 8, 351, 236, 46, 1]",[360 341   8 351 236  46   1   0   0   0   0   0   0   0   0   0]
much good food vega feel cheated wasting eating opportunity going rice company,0,12,78,"[33, 1, 9, 126, 118, 3635, 841, 447, 1795, 67, 673, 340]","[  33    1    9  126  118 3635  841  447 1795   67  673  340    0    0
    0    0]"
coming like experiencing underwhelming relationship party can t wait person ask break up,0,13,88,"[249, 11, 3636, 1796, 800, 594, 106, 74, 231, 735, 410, 444, 181]","[ 249   11 3636 1796  800  594  106   74  231  735  410  444  181    0
    0    0]"
walked place smelled like old grease trap others eating,0,9,55,"[537, 10, 3637, 11, 247, 1797, 1552, 475, 447]","[ 537   10 3637   11  247 1797 1552  475  447    0    0    0    0    0
    0    0]"
turkey roast beef bland,0,4,23,"[1472, 1798, 713, 250]","[1472 1798  713  250    0    0    0    0    0    0    0    0    0    0
    0    0]"
place it,1,2,8,"[10, 7]",[10  7  0  0  0  0  0  0  0  0  0  0  0  0  0  0]
pan cake everyone raving taste like sugary disaster tailored palate six year old,0,13,80,"[1548, 1775, 275, 3638, 226, 11, 1799, 1304, 3639, 3640, 1800, 58, 247]","[1548 1775  275 3638  226   11 1799 1304 3639 3640 1800   58  247    0
    0    0]"
love pho spring roll oh yummy try,1,7,33,"[26, 606, 1181, 1210, 371, 903, 194]","[  26  606 1181 1210  371  903  194    0    0    0    0    0    0    0
    0    0]"
poor batter meat ratio made chicken tender unsatisfying,0,8,55,"[101, 1791, 352, 3641, 28, 171, 436, 3642]","[ 101 1791  352 3641   28  171  436 3642    0    0    0    0    0    0
    0    0]"
say food amazing,1,3,16,"[55, 9, 62]",[55  9 62  0  0  0  0  0  0  0  0  0  0  0  0  0]
omelet die for,1,3,14,"[3643, 1801, 495]","[3643 1801  495    0    0    0    0    0    0    0    0    0    0    0
    0    0]"
everything fresh delicious,1,3,26,"[60, 191, 127]",[ 60 191 127   0   0   0   0   0   0   0   0   0   0   0   0   0]
summary largely disappointing dining experience,0,5,47,"[1007, 3644, 369, 448, 75]","[1007 3644  369  448   75    0    0    0    0    0    0    0    0    0
    0    0]"
like really sexy party mouth outrageously flirting hottest person party,1,10,71,"[11, 13, 3645, 594, 551, 3646, 3647, 3648, 735, 594]","[  11   13 3645  594  551 3646 3647 3648  735  594    0    0    0    0
    0    0]"
never hard rock casino before never ever step forward again,0,10,59,"[38, 213, 623, 3649, 555, 38, 20, 982, 3650, 69]","[  38  213  623 3649  555   38   20  982 3650   69    0    0    0    0
    0    0]"
best breakfast buffet,1,3,21,"[18, 353, 236]",[ 18 353 236   0   0   0   0   0   0   0   0   0   0   0   0   0]
say bye bye tip lady,0,5,20,"[55, 1802, 1802, 697, 669]","[  55 1802 1802  697  669    0    0    0    0    0    0    0    0    0
    0    0]"
never go again,0,3,14,"[38, 21, 69]",[38 21 69  0  0  0  0  0  0  0  0  0  0  0  0  0]
back again,1,2,10,"[22, 69]",[22 69  0  0  0  0  0  0  0  0  0  0  0  0  0  0]
food arrived quickly,1,3,20,"[9, 514, 515]",[  9 514 515   0   0   0   0   0   0   0   0   0   0   0   0   0]
side cafe serf really good food,1,6,31,"[196, 904, 1803, 13, 1, 9]","[ 196  904 1803   13    1    9    0    0    0    0    0    0    0    0
    0    0]"
server fantastic found wife love roasted garlic bone marrow added extra meal another marrow go,1,15,94,"[173, 167, 113, 440, 26, 1804, 1805, 3651, 1806, 1116, 604, 232, 136, 1806, 21]","[ 173  167  113  440   26 1804 1805 3651 1806 1116  604  232  136 1806
   21    0]"
good thing waiter helpful kept bloddy mary coming,1,8,49,"[1, 31, 529, 391, 345, 3652, 1807, 249]","[   1   31  529  391  345 3652 1807  249    0    0    0    0    0    0
    0    0]"
best buffet town price cannot beat it,1,7,37,"[18, 236, 533, 47, 372, 603, 7]",[ 18 236 533  47 372 603   7   0   0   0   0   0   0   0   0   0]
loved mussel cooked wine reduction duck tender potato dish delicious,1,10,68,"[134, 3653, 531, 716, 3654, 1206, 436, 398, 212, 127]","[ 134 3653  531  716 3654 1206  436  398  212  127    0    0    0    0
    0    0]"
one better buffet to,1,4,20,"[6, 36, 236, 375]",[  6  36 236 375   0   0   0   0   0   0   0   0   0   0   0   0]
went tigerlilly fantastic afternoon,1,4,35,"[145, 3655, 167, 1435]","[ 145 3655  167 1435    0    0    0    0    0    0    0    0    0    0
    0    0]"
food delicious bartender attentive personable got great deal,1,8,60,"[9, 127, 1211, 530, 3656, 53, 3, 349]","[   9  127 1211  530 3656   53    3  349    0    0    0    0    0    0
    0    0]"
ambience wonderful music playing,1,4,32,"[1212, 110, 175, 473]","[1212  110  175  473    0    0    0    0    0    0    0    0    0    0
    0    0]"
go back next trip out,1,5,21,"[21, 22, 209, 552, 290]",[ 21  22 209 552 290   0   0   0   0   0   0   0   0   0   0   0]
sooooo good,1,2,11,"[3657, 1]","[3657    1    0    0    0    0    0    0    0    0    0    0    0    0
    0    0]"
real sushi lover let honest yama good,0,7,37,"[91, 256, 1213, 296, 836, 3658, 1]","[  91  256 1213  296  836 3658    1    0    0    0    0    0    0    0
    0    0]"
least min passed u ordering food arriving busy,0,8,46,"[262, 860, 761, 102, 1759, 9, 3659, 1214]","[ 262  860  761  102 1759    9 3659 1214    0    0    0    0    0    0
    0    0]"
really fantastic thai restaurant definitely worth visit,1,7,55,"[13, 167, 717, 83, 65, 93, 900]",[ 13 167 717  83  65  93 900   0   0   0   0   0   0   0   0   0]
nice spicy tender,1,3,17,"[32, 534, 436]",[ 32 534 436   0   0   0   0   0   0   0   0   0   0   0   0   0]
good price,1,2,10,"[1, 47]",[ 1 47  0  0  0  0  0  0  0  0  0  0  0  0  0  0]
check out,1,2,9,"[376, 290]",[376 290   0   0   0   0   0   0   0   0   0   0   0   0   0   0]
pretty gross,0,2,12,"[46, 943]",[ 46 943   0   0   0   0   0   0   0   0   0   0   0   0   0   0]
better atmosphere,0,2,17,"[36, 283]",[ 36 283   0   0   0   0   0   0   0   0   0   0   0   0   0   0]
kind hard mess steak did,0,5,24,"[204, 213, 342, 174, 596]",[204 213 342 174 596   0   0   0   0   0   0   0   0   0   0   0]
although much liked look sound place actual experience bit disappointing,0,10,72,"[494, 33, 239, 48, 35, 10, 3660, 75, 199, 369]","[ 494   33  239   48   35   10 3660   75  199  369    0    0    0    0
    0    0]"
know place managed served blandest food ever eaten preparing indian cuisine,0,11,75,"[76, 10, 1768, 610, 3661, 9, 20, 718, 1808, 1809, 3662]","[  76   10 1768  610 3661    9   20  718 1808 1809 3662    0    0    0
    0    0]"
worst service boot least worry,0,5,30,"[51, 12, 1189, 262, 1265]","[  51   12 1189  262 1265    0    0    0    0    0    0    0    0    0
    0    0]"
service fine waitress friendly,1,4,30,"[12, 141, 336, 77]",[ 12 141 336  77   0   0   0   0   0   0   0   0   0   0   0   0]
guy steak steak loving son steak best worst place said best steak ever eaten,1,14,76,"[490, 174, 174, 3663, 1089, 174, 18, 51, 10, 219, 18, 174, 20, 718]","[ 490  174  174 3663 1089  174   18   51   10  219   18  174   20  718
    0    0]"
thought venture away get good sushi place really hit spot night,1,11,63,"[128, 3664, 242, 25, 1, 256, 10, 13, 521, 400, 162]","[ 128 3664  242   25    1  256   10   13  521  400  162    0    0    0
    0    0]"
host staff were lack better word bitch,0,7,38,"[3665, 172, 947, 540, 36, 322, 3666]","[3665  172  947  540   36  322 3666    0    0    0    0    0    0    0
    0    0]"
bland liking place number reason want waste time bad reviewing leave that,0,12,73,"[250, 3667, 10, 543, 504, 94, 84, 8, 15, 3668, 576, 82]","[ 250 3667   10  543  504   94   84    8   15 3668  576   82    0    0
    0    0]"
phenomenal food service ambiance,1,4,32,"[1576, 9, 12, 535]","[1576    9   12  535    0    0    0    0    0    0    0    0    0    0
    0    0]"
return,0,1,6,[317],[317   0   0   0   0   0   0   0   0   0   0   0   0   0   0   0]
definitely worth venturing strip pork belly return next time vega,1,10,65,"[65, 93, 3669, 881, 905, 1215, 317, 209, 8, 126]","[  65   93 3669  881  905 1215  317  209    8  126    0    0    0    0
    0    0]"
place way overpriced mediocre food,0,5,34,"[10, 43, 526, 387, 9]",[ 10  43 526 387   9   0   0   0   0   0   0   0   0   0   0   0]
penne vodka excellent,1,3,21,"[3670, 3671, 34]","[3670 3671   34    0    0    0    0    0    0    0    0    0    0    0
    0    0]"
good selection food including massive meatloaf sandwich crispy chicken wrap delish tuna melt tasty burger,1,15,105,"[1, 240, 9, 1442, 745, 3672, 350, 1810, 171, 1011, 1216, 1811, 1217, 319, 198]","[   1  240    9 1442  745 3672  350 1810  171 1011 1216 1811 1217  319
  198    0]"
management rude,0,2,15,"[525, 449]",[525 449   0   0   0   0   0   0   0   0   0   0   0   0   0   0]
delicious nyc bagel good selection cream cheese real lox caper even,1,11,67,"[127, 1706, 1812, 1, 240, 906, 1218, 91, 3673, 3674, 19]","[ 127 1706 1812    1  240  906 1218   91 3673 3674   19    0    0    0
    0    0]"
great subway fact good come every subway meet expectation,1,9,57,"[3, 1219, 266, 1, 119, 70, 1219, 3675, 1005]","[   3 1219  266    1  119   70 1219 3675 1005    0    0    0    0    0
    0    0]"
seriously solid breakfast here,1,4,30,"[278, 566, 353, 96]",[278 566 353  96   0   0   0   0   0   0   0   0   0   0   0   0]
one best bar food vega,1,5,22,"[6, 18, 227, 9, 126]",[  6  18 227   9 126   0   0   0   0   0   0   0   0   0   0   0]
extremely rude really many restaurant would love dine weekend vega,0,10,66,"[328, 449, 13, 117, 83, 17, 26, 1813, 3676, 126]","[ 328  449   13  117   83   17   26 1813 3676  126    0    0    0    0
    0    0]"
drink never empty made really great menu suggestion,1,8,51,"[532, 38, 613, 28, 13, 3, 197, 3677]","[ 532   38  613   28   13    3  197 3677    0    0    0    0    0    0
    0    0]"
it,0,1,2,[7],[7 0 0 0 0 0 0 0 0 0 0 0 0 0 0 0]
waiter helpful friendly rarely checked u,0,6,40,"[529, 391, 77, 1814, 897, 102]","[ 529  391   77 1814  897  102    0    0    0    0    0    0    0    0
    0    0]"
husband ate lunch disappointed food service,0,6,43,"[902, 1220, 351, 71, 9, 12]","[ 902 1220  351   71    9   12    0    0    0    0    0    0    0    0
    0    0]"
red curry much bamboo shoot tasty me,0,7,36,"[893, 1815, 33, 3678, 3679, 319, 103]","[ 893 1815   33 3678 3679  319  103    0    0    0    0    0    0    0
    0    0]"
nice blanket moz top feel like done cover subpar food,1,10,53,"[32, 3680, 3681, 316, 118, 11, 208, 492, 3682, 9]","[  32 3680 3681  316  118   11  208  492 3682    9    0    0    0    0
    0    0]"
bathroom clean place well decorated,1,5,35,"[719, 401, 10, 16, 1816]","[ 719  401   10   16 1816    0    0    0    0    0    0    0    0    0
    0    0]"
menu always changing food quality going service extremely slow,0,9,62,"[197, 125, 1695, 9, 24, 67, 12, 328, 147]","[ 197  125 1695    9   24   67   12  328  147    0    0    0    0    0
    0    0]"
service little slow considering served people server food coming slow pace,0,11,74,"[12, 63, 147, 564, 610, 68, 173, 9, 249, 147, 1059]","[  12   63  147  564  610   68  173    9  249  147 1059    0    0    0
    0    0]"
give thumb,0,2,10,"[107, 709]",[107 709   0   0   0   0   0   0   0   0   0   0   0   0   0   0]
watched waiter pay lot attention table ignore u,0,8,47,"[331, 529, 428, 79, 781, 230, 3683, 102]","[ 331  529  428   79  781  230 3683  102    0    0    0    0    0    0
    0    0]"
fiance came middle day greeted seated right away,1,8,48,"[3684, 73, 1460, 87, 1817, 720, 64, 242]","[3684   73 1460   87 1817  720   64  242    0    0    0    0    0    0
    0    0]"
great restaurant mandalay bay,1,4,29,"[3, 83, 3685, 907]","[   3   83 3685  907    0    0    0    0    0    0    0    0    0    0
    0    0]"
waited forty five minute vain,0,5,29,"[354, 3686, 768, 54, 3687]","[ 354 3686  768   54 3687    0    0    0    0    0    0    0    0    0
    0    0]"
crostini came salad stale,0,4,25,"[3688, 73, 186, 1221]","[3688   73  186 1221    0    0    0    0    0    0    0    0    0    0
    0    0]"
highlight great quality nigiri here,1,5,35,"[1091, 3, 24, 3689, 96]","[1091    3   24 3689   96    0    0    0    0    0    0    0    0    0
    0    0]"
staff friendly joint always clean,1,5,33,"[172, 77, 1818, 125, 401]","[ 172   77 1818  125  401    0    0    0    0    0    0    0    0    0
    0    0]"
different cut piece day still wonderful tender well well flavored,1,10,65,"[315, 589, 80, 87, 56, 110, 436, 16, 16, 3690]","[ 315  589   80   87   56  110  436   16   16 3690    0    0    0    0
    0    0]"
ordered voodoo pasta first time really excellent pasta since going gluten free several year ago,1,15,95,"[184, 3691, 609, 42, 8, 13, 34, 609, 149, 67, 3692, 373, 267, 58, 381]","[ 184 3691  609   42    8   13   34  609  149   67 3692  373  267   58
  381    0]"
place good,1,2,10,"[10, 1]",[10  1  0  0  0  0  0  0  0  0  0  0  0  0  0  0]
unfortunately must hit bakery leftover day everything ordered stale,0,9,67,"[269, 155, 521, 1016, 3693, 87, 60, 184, 1221]","[ 269  155  521 1016 3693   87   60  184 1221    0    0    0    0    0
    0    0]"
came back today since relocated still impressed,0,7,47,"[73, 22, 360, 149, 3694, 56, 156]","[  73   22  360  149 3694   56  156    0    0    0    0    0    0    0
    0    0]"
seated immediately,1,2,18,"[720, 883]",[720 883   0   0   0   0   0   0   0   0   0   0   0   0   0   0]
menu diverse reasonably priced,1,4,30,"[197, 3695, 698, 392]","[ 197 3695  698  392    0    0    0    0    0    0    0    0    0    0
    0    0]"
avoid cost,0,2,10,"[225, 412]",[225 412   0   0   0   0   0   0   0   0   0   0   0   0   0   0]
restaurant always full never wait,1,5,33,"[83, 125, 310, 38, 231]",[ 83 125 310  38 231   0   0   0   0   0   0   0   0   0   0   0]
delicious,1,1,9,[127],[127   0   0   0   0   0   0   0   0   0   0   0   0   0   0   0]
place hand down one best place eat phoenix metro area,1,10,53,"[10, 288, 478, 6, 18, 10, 157, 908, 3696, 441]","[  10  288  478    6   18   10  157  908 3696  441    0    0    0    0
    0    0]"
go looking good food,0,4,20,"[21, 346, 1, 9]",[ 21 346   1   9   0   0   0   0   0   0   0   0   0   0   0   0]
never treated bad,0,3,17,"[38, 1222, 15]","[  38 1222   15    0    0    0    0    0    0    0    0    0    0    0
    0    0]"
bacon hella salty,1,3,17,"[721, 3697, 3698]","[ 721 3697 3698    0    0    0    0    0    0    0    0    0    0    0
    0    0]"
also ordered spinach avocado salad ingredient sad dressing literally zero taste,0,11,79,"[23, 184, 3699, 3700, 186, 3701, 682, 1203, 486, 602, 226]","[  23  184 3699 3700  186 3701  682 1203  486  602  226    0    0    0
    0    0]"
really vega fine dining used be right menu handed lady price listed,1,12,67,"[13, 126, 141, 448, 109, 695, 64, 197, 3702, 669, 47, 3703]","[  13  126  141  448  109  695   64  197 3702  669   47 3703    0    0
    0    0]"
waitress friendly,1,2,17,"[336, 77]",[336  77   0   0   0   0   0   0   0   0   0   0   0   0   0   0]
lordy khao soi dish missed curry lover,1,7,38,"[3704, 3705, 3706, 212, 774, 1815, 1213]","[3704 3705 3706  212  774 1815 1213    0    0    0    0    0    0    0
    0    0]"
everything menu terrific also thrilled made amazing accommodation vegetarian daughter,1,10,85,"[60, 197, 948, 23, 1368, 28, 62, 3707, 1223, 778]","[  60  197  948   23 1368   28   62 3707 1223  778    0    0    0    0
    0    0]"
perhaps caught night judging review inspired go back,0,8,52,"[547, 3708, 162, 3709, 258, 3710, 21, 22]","[ 547 3708  162 3709  258 3710   21   22    0    0    0    0    0    0
    0    0]"
service leaf lot desired,0,4,24,"[12, 792, 79, 3711]","[  12  792   79 3711    0    0    0    0    0    0    0    0    0    0
    0    0]"
atmosphere modern hip maintaining touch coziness,1,6,48,"[283, 1021, 1111, 3712, 510, 3713]","[ 283 1021 1111 3712  510 3713    0    0    0    0    0    0    0    0
    0    0]"
weekly haunt definitely place come back every while,1,8,51,"[3714, 3715, 65, 10, 119, 22, 70, 870]","[3714 3715   65   10  119   22   70  870    0    0    0    0    0    0
    0    0]"
literally sat minute one asking take order,0,7,42,"[486, 550, 54, 6, 3716, 124, 170]","[ 486  550   54    6 3716  124  170    0    0    0    0    0    0    0
    0    0]"
burger absolutely flavor meat totally bland burger overcooked charcoal flavor,0,10,77,"[198, 131, 233, 352, 158, 250, 198, 1819, 1820, 233]","[ 198  131  233  352  158  250  198 1819 1820  233    0    0    0    0
    0    0]"
also decided send back waitress looked like verge heart attack,0,10,62,"[23, 1821, 1191, 22, 336, 660, 11, 3717, 434, 1785]","[  23 1821 1191   22  336  660   11 3717  434 1785    0    0    0    0
    0    0]"
dressed treated rudely,0,3,22,"[3718, 1222, 3719]","[3718 1222 3719    0    0    0    0    0    0    0    0    0    0    0
    0    0]"
probably dirt,0,2,13,"[132, 1822]","[ 132 1822    0    0    0    0    0    0    0    0    0    0    0    0
    0    0]"
love place hit spot want something healthy lacking quantity flavor,1,10,66,"[26, 10, 521, 400, 94, 362, 1224, 599, 3720, 233]","[  26   10  521  400   94  362 1224  599 3720  233    0    0    0    0
    0    0]"
ordered lemon raspberry ice cocktail also incredible,1,7,52,"[184, 3721, 3722, 722, 1790, 23, 273]","[ 184 3721 3722  722 1790   23  273    0    0    0    0    0    0    0
    0    0]"
food sucked expected sucked could imagined,0,6,42,"[9, 270, 435, 270, 37, 3723]","[   9  270  435  270   37 3723    0    0    0    0    0    0    0    0
    0    0]"
interesting decor,1,2,17,"[241, 1225]","[ 241 1225    0    0    0    0    0    0    0    0    0    0    0    0
    0    0]"
really like crepe station,1,4,25,"[13, 11, 1823, 865]","[  13   11 1823  865    0    0    0    0    0    0    0    0    0    0
    0    0]"
also served hot bread butter home made potato chip bacon bit top very original good,1,15,83,"[23, 610, 443, 723, 1226, 388, 28, 398, 450, 721, 199, 316, 355, 383, 1]","[  23  610  443  723 1226  388   28  398  450  721  199  316  355  383
    1    0]"
watch preparing delicious food,1,4,30,"[160, 1808, 127, 9]","[ 160 1808  127    9    0    0    0    0    0    0    0    0    0    0
    0    0]"
egg roll fantastic,1,3,18,"[724, 1210, 167]","[ 724 1210  167    0    0    0    0    0    0    0    0    0    0    0
    0    0]"
order arrived one gyro missing,0,5,30,"[170, 514, 6, 1227, 3724]","[ 170  514    6 1227 3724    0    0    0    0    0    0    0    0    0
    0    0]"
salad wing ice cream dessert left feeling quite satisfied,1,9,57,"[186, 909, 722, 906, 445, 271, 297, 97, 701]",[186 909 722 906 445 271 297  97 701   0   0   0   0   0   0   0]
really sure joey voted best hot dog valley reader phoenix magazine,0,11,66,"[13, 188, 3725, 3726, 18, 443, 838, 1824, 1604, 908, 3727]","[  13  188 3725 3726   18  443  838 1824 1604  908 3727    0    0    0
    0    0]"
best place go tasty bowl pho,1,6,28,"[18, 10, 21, 319, 1825, 606]","[  18   10   21  319 1825  606    0    0    0    0    0    0    0    0
    0    0]"
live music friday totally blow,0,5,30,"[910, 175, 3728, 158, 1778]","[ 910  175 3728  158 1778    0    0    0    0    0    0    0    0    0
    0    0]"
never insulted felt disrespected,0,4,32,"[38, 1228, 221, 1826]","[  38 1228  221 1826    0    0    0    0    0    0    0    0    0    0
    0    0]"
friendly staff,1,2,14,"[77, 172]",[ 77 172   0   0   0   0   0   0   0   0   0   0   0   0   0   0]
worth drive,1,2,11,"[93, 491]",[ 93 491   0   0   0   0   0   0   0   0   0   0   0   0   0   0]
heard good thing place exceeding every hope could dreamed of,1,10,60,"[839, 1, 31, 10, 3729, 70, 427, 37, 3730, 453]","[ 839    1   31   10 3729   70  427   37 3730  453    0    0    0    0
    0    0]"
food great serivce,1,3,18,"[9, 3, 3731]","[   9    3 3731    0    0    0    0    0    0    0    0    0    0    0
    0    0]"
warm beer help,0,3,14,"[527, 399, 750]",[527 399 750   0   0   0   0   0   0   0   0   0   0   0   0   0]
great brunch spot,1,3,17,"[3, 1229, 400]","[   3 1229  400    0    0    0    0    0    0    0    0    0    0    0
    0    0]"
service friendly inviting,1,3,25,"[12, 77, 3732]","[  12   77 3732    0    0    0    0    0    0    0    0    0    0    0
    0    0]"
good lunch spot,1,3,15,"[1, 351, 400]",[  1 351 400   0   0   0   0   0   0   0   0   0   0   0   0   0]
lived since first and last time stepped foot place,0,9,50,"[1274, 149, 42, 298, 122, 8, 1827, 798, 10]","[1274  149   42  298  122    8 1827  798   10    0    0    0    0    0
    0    0]"
worst experience ever,0,3,21,"[51, 75, 20]",[51 75 20  0  0  0  0  0  0  0  0  0  0  0  0  0]
must night place,0,3,16,"[155, 162, 10]",[155 162  10   0   0   0   0   0   0   0   0   0   0   0   0   0]
side delish mixed mushroom yukon gold puree white corn beateous,1,10,63,"[196, 1216, 3733, 1828, 3734, 1829, 1830, 382, 3735, 3736]","[ 196 1216 3733 1828 3734 1829 1830  382 3735 3736    0    0    0    0
    0    0]"
bug never showed would given sure side wall bug climbing kitchen,0,11,64,"[1831, 38, 920, 17, 416, 188, 196, 437, 1831, 3737, 1718]","[1831   38  920   17  416  188  196  437 1831 3737 1718    0    0    0
    0    0]"
minute waiting salad realized coming time soon,0,7,46,"[54, 413, 186, 1113, 249, 8, 307]","[  54  413  186 1113  249    8  307    0    0    0    0    0    0    0
    0    0]"
friend loved salmon tartar,1,4,26,"[268, 134, 898, 3738]","[ 268  134  898 3738    0    0    0    0    0    0    0    0    0    0
    0    0]"
go back,0,2,7,"[21, 22]",[21 22  0  0  0  0  0  0  0  0  0  0  0  0  0  0]
extremely tasty,1,2,15,"[328, 319]",[328 319   0   0   0   0   0   0   0   0   0   0   0   0   0   0]
waitress good though,1,3,20,"[336, 1, 215]",[336   1 215   0   0   0   0   0   0   0   0   0   0   0   0   0]
soggy good,0,2,10,"[1230, 1]","[1230    1    0    0    0    0    0    0    0    0    0    0    0    0
    0    0]"
jamaican mojitos delicious,1,3,26,"[3739, 3740, 127]","[3739 3740  127    0    0    0    0    0    0    0    0    0    0    0
    0    0]"
small worth price,0,3,17,"[182, 93, 47]",[182  93  47   0   0   0   0   0   0   0   0   0   0   0   0   0]
food rich order accordingly,1,4,27,"[9, 3741, 170, 3742]","[   9 3741  170 3742    0    0    0    0    0    0    0    0    0    0
    0    0]"
shower area outside rinse take full shower unless mind nude everyone see,0,12,72,"[1832, 441, 507, 3743, 124, 310, 1832, 508, 409, 3744, 275, 50]","[1832  441  507 3743  124  310 1832  508  409 3744  275   50    0    0
    0    0]"
service bit lacking,0,3,19,"[12, 199, 599]",[ 12 199 599   0   0   0   0   0   0   0   0   0   0   0   0   0]
lobster bisque bussell sprout risotto filet needed salt pepper and course none table,0,13,84,"[1231, 1833, 3745, 3746, 3747, 1834, 469, 1208, 1835, 298, 498, 385, 230]","[1231 1833 3745 3746 3747 1834  469 1208 1835  298  498  385  230    0
    0    0]"
hopefully bodes going business someone cook come in,0,8,51,"[1599, 3748, 67, 468, 581, 1836, 119, 605]","[1599 3748   67  468  581 1836  119  605    0    0    0    0    0    0
    0    0]"
either cold enough flavor bad,0,5,29,"[220, 451, 61, 233, 15]",[220 451  61 233  15   0   0   0   0   0   0   0   0   0   0   0]
loved bacon wrapped date,1,4,24,"[134, 721, 3749, 896]","[ 134  721 3749  896    0    0    0    0    0    0    0    0    0    0
    0    0]"
unbelievable bargain,1,2,20,"[668, 692]",[668 692   0   0   0   0   0   0   0   0   0   0   0   0   0   0]
folk otto always make u feel welcome special,1,8,44,"[911, 3750, 125, 29, 102, 118, 3751, 223]","[ 911 3750  125   29  102  118 3751  223    0    0    0    0    0    0
    0    0]"
main also uninspired,0,3,20,"[615, 23, 3752]","[ 615   23 3752    0    0    0    0    0    0    0    0    0    0    0
    0    0]"
place first pho amazing,1,4,23,"[10, 42, 606, 62]",[ 10  42 606  62   0   0   0   0   0   0   0   0   0   0   0   0]
wonderful experience made place must stop whenever town again,1,9,61,"[110, 75, 28, 10, 155, 707, 1544, 533, 69]","[ 110   75   28   10  155  707 1544  533   69    0    0    0    0    0
    0    0]"
food bad enough you enjoy dealing world worst annoying drunk people,0,11,67,"[9, 15, 61, 217, 261, 1837, 422, 51, 466, 3753, 68]","[   9   15   61  217  261 1837  422   51  466 3753   68    0    0    0
    0    0]"
fun chef,1,2,8,"[364, 725]",[364 725   0   0   0   0   0   0   0   0   0   0   0   0   0   0]
ordered double cheeseburger got single patty falling apart picture uploaded yeah still suck,0,13,91,"[184, 1190, 1838, 53, 457, 3754, 1096, 1731, 176, 3755, 969, 56, 168]","[ 184 1190 1838   53  457 3754 1096 1731  176 3755  969   56  168    0
    0    0]"
great place couple drink watch sporting event wall covered tv,1,10,61,"[3, 10, 338, 532, 160, 3756, 1839, 437, 1770, 366]","[   3   10  338  532  160 3756 1839  437 1770  366    0    0    0    0
    0    0]"
possible give zero star it,0,5,26,"[476, 107, 602, 81, 7]",[476 107 602  81   7   0   0   0   0   0   0   0   0   0   0   0]
say would hardest decision honestly m dish taste supposed taste amazing,1,11,71,"[55, 17, 3757, 678, 747, 1318, 212, 226, 1023, 226, 62]","[  55   17 3757  678  747 1318  212  226 1023  226   62    0    0    0
    0    0]"
rolled eye may stayed sure go back try again,0,9,44,"[3758, 567, 344, 1102, 188, 21, 22, 194, 69]","[3758  567  344 1102  188   21   22  194   69    0    0    0    0    0
    0    0]"
everyone attentive providing excellent customer service,1,6,55,"[275, 530, 3759, 34, 185, 12]","[ 275  530 3759   34  185   12    0    0    0    0    0    0    0    0
    0    0]"
horrible waste time money,0,4,25,"[163, 84, 8, 85]",[163  84   8  85   0   0   0   0   0   0   0   0   0   0   0   0]
dish quite flavourful,1,3,21,"[212, 97, 3760]","[ 212   97 3760    0    0    0    0    0    0    0    0    0    0    0
    0    0]"
time side restaurant almost empty excuse,0,6,40,"[8, 196, 83, 293, 613, 809]",[  8 196  83 293 613 809   0   0   0   0   0   0   0   0   0   0]
it busy either also building freezing cold,0,7,42,"[7, 1214, 220, 23, 1031, 3761, 451]","[   7 1214  220   23 1031 3761  451    0    0    0    0    0    0    0
    0    0]"
like reviewer said you pay eat place again,0,8,42,"[11, 1085, 219, 217, 428, 157, 10, 69]","[  11 1085  219  217  428  157   10   69    0    0    0    0    0    0
    0    0]"
drink took close minute come one point,0,7,38,"[532, 272, 642, 54, 119, 6, 496]",[532 272 642  54 119   6 496   0   0   0   0   0   0   0   0   0]
seriously flavorful delight folk,1,4,32,"[278, 1232, 587, 911]","[ 278 1232  587  911    0    0    0    0    0    0    0    0    0    0
    0    0]"
much better ayce sushi place went vega,1,7,38,"[33, 36, 3762, 256, 10, 145, 126]","[  33   36 3762  256   10  145  126    0    0    0    0    0    0    0
    0    0]"
lighting dark enough set mood,1,5,29,"[1489, 1065, 61, 248, 1840]","[1489 1065   61  248 1840    0    0    0    0    0    0    0    0    0
    0    0]"
based sub par service received effort show gratitude business going back,0,11,72,"[1572, 1088, 831, 12, 334, 731, 123, 3763, 468, 67, 22]","[1572 1088  831   12  334  731  123 3763  468   67   22    0    0    0
    0    0]"
owner really great people,1,4,25,"[389, 13, 3, 68]",[389  13   3  68   0   0   0   0   0   0   0   0   0   0   0   0]
nothing privileged working eating there,0,5,39,"[95, 3764, 218, 447, 115]","[  95 3764  218  447  115    0    0    0    0    0    0    0    0    0
    0    0]"
greek dressing creamy flavorful,1,4,31,"[1202, 1203, 1841, 1232]","[1202 1203 1841 1232    0    0    0    0    0    0    0    0    0    0
    0    0]"
overall think would take parent place made similar complaint silently felt too,0,12,78,"[159, 45, 17, 124, 941, 10, 28, 1842, 690, 3765, 221, 179]","[ 159   45   17  124  941   10   28 1842  690 3765  221  179    0    0
    0    0]"
pizza good peanut sauce tasty,1,5,29,"[187, 1, 1843, 446, 319]","[ 187    1 1843  446  319    0    0    0    0    0    0    0    0    0
    0    0]"
table service pretty fast,1,4,25,"[230, 12, 46, 253]",[230  12  46 253   0   0   0   0   0   0   0   0   0   0   0   0]
fantastic service here,1,3,22,"[167, 12, 96]",[167  12  96   0   0   0   0   0   0   0   0   0   0   0   0   0]
well would ve given godfather zero star possible,0,8,48,"[16, 17, 1430, 416, 3766, 602, 81, 476]","[  16   17 1430  416 3766  602   81  476    0    0    0    0    0    0
    0    0]"
know make here,1,3,14,"[76, 29, 96]",[76 29 96  0  0  0  0  0  0  0  0  0  0  0  0  0]
tough short flavor,0,3,18,"[1543, 238, 233]","[1543  238  233    0    0    0    0    0    0    0    0    0    0    0
    0    0]"
hope place stick around,1,4,23,"[427, 10, 1844, 166]","[ 427   10 1844  166    0    0    0    0    0    0    0    0    0    0
    0    0]"
bar vega ever recall charged tap water,0,7,38,"[227, 126, 20, 3767, 880, 1845, 786]","[ 227  126   20 3767  880 1845  786    0    0    0    0    0    0    0
    0    0]"
restaurant atmosphere exquisite,1,3,31,"[83, 283, 3768]","[  83  283 3768    0    0    0    0    0    0    0    0    0    0    0
    0    0]"
good service clean inexpensive boot,1,5,35,"[1, 12, 401, 1161, 1189]","[   1   12  401 1161 1189    0    0    0    0    0    0    0    0    0
    0    0]"
seafood fresh generous portion,1,4,30,"[714, 191, 1233, 528]","[ 714  191 1233  528    0    0    0    0    0    0    0    0    0    0
    0    0]"
plus buck,1,2,9,"[417, 1148]","[ 417 1148    0    0    0    0    0    0    0    0    0    0    0    0
    0    0]"
service par either,0,3,18,"[12, 831, 220]",[ 12 831 220   0   0   0   0   0   0   0   0   0   0   0   0   0]
thus far visited twice food absolutely delicious time,1,8,53,"[1392, 90, 3769, 415, 9, 131, 127, 8]","[1392   90 3769  415    9  131  127    8    0    0    0    0    0    0
    0    0]"
good year ago,1,3,13,"[1, 58, 381]",[  1  58 381   0   0   0   0   0   0   0   0   0   0   0   0   0]
self proclaimed coffee cafe wildly disappointed,0,6,47,"[479, 3770, 1846, 904, 3771, 71]","[ 479 3770 1846  904 3771   71    0    0    0    0    0    0    0    0
    0    0]"
veggitarian platter world,1,3,25,"[3772, 3773, 422]","[3772 3773  422    0    0    0    0    0    0    0    0    0    0    0
    0    0]"
cant go wrong food here,1,5,23,"[884, 21, 318, 9, 96]",[884  21 318   9  96   0   0   0   0   0   0   0   0   0   0   0]
can t beat that,1,4,15,"[106, 74, 603, 82]",[106  74 603  82   0   0   0   0   0   0   0   0   0   0   0   0]
stopped place madison ironman friendly kind staff,1,7,49,"[1178, 10, 3774, 3775, 77, 204, 172]","[1178   10 3774 3775   77  204  172    0    0    0    0    0    0    0
    0    0]"
chef friendly good job,1,4,22,"[725, 77, 1, 138]",[725  77   1 138   0   0   0   0   0   0   0   0   0   0   0   0]
better dedicated boba tea spot even jenni pho,0,8,45,"[36, 3776, 1847, 912, 400, 19, 3777, 606]","[  36 3776 1847  912  400   19 3777  606    0    0    0    0    0    0
    0    0]"
liked patio service outstanding,1,4,31,"[239, 1234, 12, 1235]","[ 239 1234   12 1235    0    0    0    0    0    0    0    0    0    0
    0    0]"
goat taco skimp meat wow flavor,1,6,31,"[3778, 607, 3779, 352, 580, 233]","[3778  607 3779  352  580  233    0    0    0    0    0    0    0    0
    0    0]"
think,0,1,5,[45],[45  0  0  0  0  0  0  0  0  0  0  0  0  0  0  0]
mac salad pretty bland getting again,0,6,36,"[3780, 186, 46, 250, 280, 69]","[3780  186   46  250  280   69    0    0    0    0    0    0    0    0
    0    0]"
went bachi burger friend recommendation disappointed,1,6,52,"[145, 1848, 198, 268, 1197, 71]","[ 145 1848  198  268 1197   71    0    0    0    0    0    0    0    0
    0    0]"
service stink here,0,3,18,"[12, 1100, 96]","[  12 1100   96    0    0    0    0    0    0    0    0    0    0    0
    0    0]"
waited waited,0,2,13,"[354, 354]",[354 354   0   0   0   0   0   0   0   0   0   0   0   0   0   0]
place quality sushi quality restaurant,0,5,38,"[10, 24, 256, 24, 83]",[ 10  24 256  24  83   0   0   0   0   0   0   0   0   0   0   0]
would definitely recommend wing well pizza,1,6,42,"[17, 65, 40, 909, 16, 187]",[ 17  65  40 909  16 187   0   0   0   0   0   0   0   0   0   0]
great pizza salad,1,3,17,"[3, 187, 186]",[  3 187 186   0   0   0   0   0   0   0   0   0   0   0   0   0]
thing went wrong burned saganaki,0,5,32,"[31, 145, 318, 3781, 3782]","[  31  145  318 3781 3782    0    0    0    0    0    0    0    0    0
    0    0]"
waited hour breakfast could done time better home,0,8,49,"[354, 104, 353, 37, 208, 8, 36, 388]",[354 104 353  37 208   8  36 388   0   0   0   0   0   0   0   0]
place amazing,1,2,13,"[10, 62]",[10 62  0  0  0  0  0  0  0  0  0  0  0  0  0  0]
hate disagree fellow yelpers husband disappointed place,0,7,55,"[477, 3783, 3784, 3785, 902, 71, 10]","[ 477 3783 3784 3785  902   71   10    0    0    0    0    0    0    0
    0    0]"
waited hour never got either pizza many around u came later did,0,12,63,"[354, 104, 38, 53, 220, 187, 117, 166, 102, 73, 501, 596]",[354 104  38  53 220 187 117 166 102  73 501 596   0   0   0   0]
know slow,0,2,9,"[76, 147]",[ 76 147   0   0   0   0   0   0   0   0   0   0   0   0   0   0]
staff great food delish incredible beer selection,1,7,49,"[172, 3, 9, 1216, 273, 399, 240]","[ 172    3    9 1216  273  399  240    0    0    0    0    0    0    0
    0    0]"
live neighborhood disappointed back here convenient location,0,7,60,"[910, 1849, 71, 22, 96, 1187, 487]","[ 910 1849   71   22   96 1187  487    0    0    0    0    0    0    0
    0    0]"
know pulled pork could soooo delicious,1,6,38,"[76, 1236, 905, 37, 1850, 127]","[  76 1236  905   37 1850  127    0    0    0    0    0    0    0    0
    0    0]"
get incredibly fresh fish prepared care,1,6,39,"[25, 763, 191, 558, 3786, 380]","[  25  763  191  558 3786  380    0    0    0    0    0    0    0    0
    0    0]"
go gave star rating please know third time eating bachi burger writing review,0,13,77,"[21, 367, 81, 474, 706, 76, 894, 8, 447, 1848, 198, 264, 258]","[  21  367   81  474  706   76  894    8  447 1848  198  264  258    0
    0    0]"
love fact everything menu worth it,1,6,34,"[26, 266, 60, 197, 93, 7]",[ 26 266  60 197  93   7   0   0   0   0   0   0   0   0   0   0]
never dining place,0,3,18,"[38, 448, 10]",[ 38 448  10   0   0   0   0   0   0   0   0   0   0   0   0   0]
food excellent service good,1,4,27,"[9, 34, 12, 1]",[ 9 34 12  1  0  0  0  0  0  0  0  0  0  0  0  0]
good beer drink selection good food selection,1,7,45,"[1, 399, 532, 240, 1, 9, 240]",[  1 399 532 240   1   9 240   0   0   0   0   0   0   0   0   0]
please stay away shrimp stir fried noodle,0,7,41,"[706, 282, 242, 608, 1851, 913, 3787]","[ 706  282  242  608 1851  913 3787    0    0    0    0    0    0    0
    0    0]"
potato chip order sad could probably count many chip box probably around,0,12,72,"[398, 450, 170, 682, 37, 132, 3788, 117, 450, 1852, 132, 166]","[ 398  450  170  682   37  132 3788  117  450 1852  132  166    0    0
    0    0]"
food really boring,0,3,18,"[9, 13, 329]",[  9  13 329   0   0   0   0   0   0   0   0   0   0   0   0   0]
good service check,1,3,18,"[1, 12, 376]",[  1  12 376   0   0   0   0   0   0   0   0   0   0   0   0   0]
greedy corporation never see another dime me,0,7,44,"[3789, 3790, 38, 50, 136, 3791, 103]","[3789 3790   38   50  136 3791  103    0    0    0    0    0    0    0
    0    0]"
never ever go back,0,4,18,"[38, 20, 21, 22]",[38 20 21 22  0  0  0  0  0  0  0  0  0  0  0  0]
much like go back can t get passed atrocious service never return,0,12,65,"[33, 11, 21, 22, 106, 74, 25, 761, 1586, 12, 38, 317]","[  33   11   21   22  106   74   25  761 1586   12   38  317    0    0
    0    0]"
summer dine charming outdoor patio delightful,1,6,45,"[1853, 1813, 1550, 3792, 1234, 1077]","[1853 1813 1550 3792 1234 1077    0    0    0    0    0    0    0    0
    0    0]"
expect good,1,2,11,"[252, 1]",[252   1   0   0   0   0   0   0   0   0   0   0   0   0   0   0]
fantastic food,1,2,14,"[167, 9]",[167   9   0   0   0   0   0   0   0   0   0   0   0   0   0   0]
ordered toasted english muffin came untoasted,0,6,45,"[184, 1854, 3793, 3794, 73, 3795]","[ 184 1854 3793 3794   73 3795    0    0    0    0    0    0    0    0
    0    0]"
food good,1,2,9,"[9, 1]",[9 1 0 0 0 0 0 0 0 0 0 0 0 0 0 0]
never going back,0,3,16,"[38, 67, 22]",[38 67 22  0  0  0  0  0  0  0  0  0  0  0  0  0]
great food price high quality house made,1,7,40,"[3, 9, 47, 302, 24, 370, 28]",[  3   9  47 302  24 370  28   0   0   0   0   0   0   0   0   0]
bus boy hand rude,0,4,17,"[3796, 867, 288, 449]","[3796  867  288  449    0    0    0    0    0    0    0    0    0    0
    0    0]"
point friend basically figured place joke mind making publicly loudly known,0,11,75,"[496, 268, 680, 3797, 10, 582, 409, 458, 3798, 3799, 1072]","[ 496  268  680 3797   10  582  409  458 3798 3799 1072    0    0    0
    0    0]"
back good bbq lighter fare reasonable pricing tell public back old way,1,12,70,"[22, 1, 3800, 3801, 932, 482, 1170, 335, 1410, 22, 247, 43]","[  22    1 3800 3801  932  482 1170  335 1410   22  247   43    0    0
    0    0]"
considering two u left full happy can t go wrong,1,10,48,"[564, 59, 102, 271, 310, 120, 106, 74, 21, 318]",[564  59 102 271 310 120 106  74  21 318   0   0   0   0   0   0]
bread made in house,1,4,19,"[723, 28, 605, 370]",[723  28 605 370   0   0   0   0   0   0   0   0   0   0   0   0]
downside service,0,2,16,"[3802, 12]","[3802   12    0    0    0    0    0    0    0    0    0    0    0    0
    0    0]"
also fry without doubt worst fry ever had,0,8,41,"[23, 289, 244, 1109, 51, 289, 20, 390]","[  23  289  244 1109   51  289   20  390    0    0    0    0    0    0
    0    0]"
service exceptional food good review,1,5,36,"[12, 1767, 9, 1, 258]","[  12 1767    9    1  258    0    0    0    0    0    0    0    0    0
    0    0]"
couple month later returned amazing meal,1,6,40,"[338, 286, 501, 1123, 62, 232]","[ 338  286  501 1123   62  232    0    0    0    0    0    0    0    0
    0    0]"
favorite place town shawarrrrrrma,1,4,33,"[681, 10, 533, 3803]","[ 681   10  533 3803    0    0    0    0    0    0    0    0    0    0
    0    0]"
black eyed pea sweet potato unreal,1,6,34,"[222, 3804, 3805, 572, 398, 3806]","[ 222 3804 3805  572  398 3806    0    0    0    0    0    0    0    0
    0    0]"
disappointed,1,1,12,[71],[71  0  0  0  0  0  0  0  0  0  0  0  0  0  0  0]
could serve vinaigrette may make better overall dish still good,1,10,63,"[37, 1855, 3807, 344, 29, 36, 159, 212, 56, 1]","[  37 1855 3807  344   29   36  159  212   56    1    0    0    0    0
    0    0]"
go far many place never seen restaurant serf egg breakfast especially,0,11,69,"[21, 90, 117, 10, 38, 99, 83, 1803, 724, 353, 216]","[  21   90  117   10   38   99   83 1803  724  353  216    0    0    0
    0    0]"
mom got home immediately got sick bite salad,0,8,44,"[1237, 53, 388, 883, 53, 485, 899, 186]","[1237   53  388  883   53  485  899  186    0    0    0    0    0    0
    0    0]"
server pleasant deal always honor pizza hut coupon,0,8,50,"[173, 773, 349, 125, 3808, 187, 3809, 1757]","[ 173  773  349  125 3808  187 3809 1757    0    0    0    0    0    0
    0    0]"
truly unbelievably good glad went back,1,6,38,"[304, 3810, 1, 325, 145, 22]","[ 304 3810    1  325  145   22    0    0    0    0    0    0    0    0
    0    0]"
fantastic service pleased atmosphere,1,4,36,"[167, 12, 337, 283]",[167  12 337 283   0   0   0   0   0   0   0   0   0   0   0   0]
everything gross,0,2,16,"[60, 943]",[ 60 943   0   0   0   0   0   0   0   0   0   0   0   0   0   0]
love place,1,2,10,"[26, 10]",[26 10  0  0  0  0  0  0  0  0  0  0  0  0  0  0]
great service food,1,3,18,"[3, 12, 9]",[ 3 12  9  0  0  0  0  0  0  0  0  0  0  0  0  0]
first bathroom location dirty seat cover replenished plain yucky,0,9,64,"[42, 719, 487, 710, 955, 492, 3811, 652, 3812]","[  42  719  487  710  955  492 3811  652 3812    0    0    0    0    0
    0    0]"
burger got gold standard burger kind disappointed,0,7,49,"[198, 53, 1829, 1713, 198, 204, 71]","[ 198   53 1829 1713  198  204   71    0    0    0    0    0    0    0
    0    0]"
omg food delicioso,1,3,18,"[1856, 9, 3813]","[1856    9 3813    0    0    0    0    0    0    0    0    0    0    0
    0    0]"
nothing authentic place,0,3,23,"[95, 523, 10]",[ 95 523  10   0   0   0   0   0   0   0   0   0   0   0   0   0]
spaghetti nothing special whatsoever,0,4,36,"[3814, 95, 223, 640]","[3814   95  223  640    0    0    0    0    0    0    0    0    0    0
    0    0]"
dish salmon best great,1,4,22,"[212, 898, 18, 3]",[212 898  18   3   0   0   0   0   0   0   0   0   0   0   0   0]
vegetable fresh sauce feel like authentic thai,1,7,46,"[914, 191, 446, 118, 11, 523, 717]",[914 191 446 118  11 523 717   0   0   0   0   0   0   0   0   0]
worth driving tucson,1,3,20,"[93, 1158, 3815]","[  93 1158 3815    0    0    0    0    0    0    0    0    0    0    0
    0    0]"
selection probably worst seen vega there none,0,7,45,"[240, 132, 51, 99, 126, 115, 385]",[240 132  51  99 126 115 385   0   0   0   0   0   0   0   0   0]
pretty good beer selection too,1,5,30,"[46, 1, 399, 240, 179]",[ 46   1 399 240 179   0   0   0   0   0   0   0   0   0   0   0]
place like chipotle better,1,4,26,"[10, 11, 3816, 36]","[  10   11 3816   36    0    0    0    0    0    0    0    0    0    0
    0    0]"
classy warm atmosphere fun fresh appetizer succulent steak baseball steak,1,10,73,"[1752, 527, 283, 364, 191, 1207, 3817, 174, 3818, 174]","[1752  527  283  364  191 1207 3817  174 3818  174    0    0    0    0
    0    0]"
star brick oven bread app,1,5,25,"[81, 3819, 3820, 723, 3821]","[  81 3819 3820  723 3821    0    0    0    0    0    0    0    0    0
    0    0]"
eaten multiple time time food delicious,1,6,39,"[718, 1186, 8, 8, 9, 127]","[ 718 1186    8    8    9  127    0    0    0    0    0    0    0    0
    0    0]"
sat another ten minute finally gave left,0,7,40,"[550, 136, 823, 54, 432, 367, 271]",[550 136 823  54 432 367 271   0   0   0   0   0   0   0   0   0]
terrible,0,1,8,[72],[72  0  0  0  0  0  0  0  0  0  0  0  0  0  0  0]
everyone treated equally special,1,4,32,"[275, 1222, 1238, 223]","[ 275 1222 1238  223    0    0    0    0    0    0    0    0    0    0
    0    0]"
take min pancake egg,0,4,20,"[124, 860, 1239, 724]","[ 124  860 1239  724    0    0    0    0    0    0    0    0    0    0
    0    0]"
good side staff genuinely pleasant enthusiastic real treat,1,8,58,"[1, 196, 172, 3822, 773, 3823, 91, 968]","[   1  196  172 3822  773 3823   91  968    0    0    0    0    0    0
    0    0]"
sadly gordon ramsey steak place shall sharply avoid next trip vega,0,11,66,"[3824, 3825, 3826, 174, 10, 3827, 3828, 225, 209, 552, 126]","[3824 3825 3826  174   10 3827 3828  225  209  552  126    0    0    0
    0    0]"
always evening wonderful food delicious,1,5,39,"[125, 1857, 110, 9, 127]","[ 125 1857  110    9  127    0    0    0    0    0    0    0    0    0
    0    0]"
best fish ever life,1,4,19,"[18, 558, 20, 92]",[ 18 558  20  92   0   0   0   0   0   0   0   0   0   0   0   0]
the bathroom next door nice,1,5,27,"[245, 719, 209, 1240, 32]","[ 245  719  209 1240   32    0    0    0    0    0    0    0    0    0
    0    0]"
buffet small food offered bland,0,5,31,"[236, 182, 9, 3829, 250]","[ 236  182    9 3829  250    0    0    0    0    0    0    0    0    0
    0    0]"
outstanding little restaurant best food ever tasted,1,7,51,"[1235, 63, 83, 18, 9, 20, 452]","[1235   63   83   18    9   20  452    0    0    0    0    0    0    0
    0    0]"
pretty cool would say,1,4,21,"[46, 200, 17, 55]",[ 46 200  17  55   0   0   0   0   0   0   0   0   0   0   0   0]
definitely turn doubt back unless someone else buying,0,8,53,"[65, 274, 1109, 22, 508, 581, 484, 879]","[  65  274 1109   22  508  581  484  879    0    0    0    0    0    0
    0    0]"
server great job handling large rowdy table,1,7,43,"[173, 3, 138, 3830, 689, 3831, 230]","[ 173    3  138 3830  689 3831  230    0    0    0    0    0    0    0
    0    0]"
find wasting food despicable food,0,5,33,"[148, 841, 9, 3832, 9]","[ 148  841    9 3832    9    0    0    0    0    0    0    0    0    0
    0    0]"
wife lobster bisque soup lukewarm,0,5,33,"[440, 1231, 1833, 726, 1858]","[ 440 1231 1833  726 1858    0    0    0    0    0    0    0    0    0
    0    0]"
would come back sushi craving vega,1,6,34,"[17, 119, 22, 256, 3833, 126]","[  17  119   22  256 3833  126    0    0    0    0    0    0    0    0
    0    0]"
staff great ambiance great,1,4,26,"[172, 3, 535, 3]",[172   3 535   3   0   0   0   0   0   0   0   0   0   0   0   0]
deserves star,1,2,13,"[744, 81]",[744  81   0   0   0   0   0   0   0   0   0   0   0   0   0   0]
left stomach ache felt sick rest day,0,7,36,"[271, 1241, 3834, 221, 485, 455, 87]","[ 271 1241 3834  221  485  455   87    0    0    0    0    0    0    0
    0    0]"
dropped ball,0,2,12,"[386, 986]",[386 986   0   0   0   0   0   0   0   0   0   0   0   0   0   0]
dining space tiny elegantly decorated comfortable,1,6,49,"[448, 818, 1064, 3835, 1816, 142]","[ 448  818 1064 3835 1816  142    0    0    0    0    0    0    0    0
    0    0]"
customize order way like usual eggplant green bean stir fry love it,1,12,67,"[3836, 170, 43, 11, 780, 1859, 624, 915, 1851, 289, 26, 7]","[3836  170   43   11  780 1859  624  915 1851  289   26    7    0    0
    0    0]"
bean rice mediocre best,0,4,23,"[915, 673, 387, 18]",[915 673 387  18   0   0   0   0   0   0   0   0   0   0   0   0]
best taco town far,1,4,18,"[18, 607, 533, 90]",[ 18 607 533  90   0   0   0   0   0   0   0   0   0   0   0   0]
took back money got outta there,0,6,31,"[272, 22, 85, 53, 3837, 115]","[ 272   22   85   53 3837  115    0    0    0    0    0    0    0    0
    0    0]"
interesting part town place amazing,1,5,35,"[241, 135, 533, 10, 62]",[241 135 533  10  62   0   0   0   0   0   0   0   0   0   0   0]
rude inconsiderate management,0,3,29,"[449, 3838, 525]","[ 449 3838  525    0    0    0    0    0    0    0    0    0    0    0
    0    0]"
staff friendly wait time served horrible one even say hi first minute,0,12,69,"[172, 77, 231, 8, 610, 163, 6, 19, 55, 3839, 42, 54]","[ 172   77  231    8  610  163    6   19   55 3839   42   54    0    0
    0    0]"
back,0,1,4,[22],[22  0  0  0  0  0  0  0  0  0  0  0  0  0  0  0]
great dinner,1,2,12,"[3, 536]",[  3 536   0   0   0   0   0   0   0   0   0   0   0   0   0   0]
service outshining definitely recommend halibut,1,5,47,"[12, 3840, 65, 40, 3841]","[  12 3840   65   40 3841    0    0    0    0    0    0    0    0    0
    0    0]"
food terrible,0,2,13,"[9, 72]",[ 9 72  0  0  0  0  0  0  0  0  0  0  0  0  0  0]
never ever go back told many people happened,0,8,44,"[38, 20, 21, 22, 570, 117, 68, 554]",[ 38  20  21  22 570 117  68 554   0   0   0   0   0   0   0   0]
recommend unless car break front starving,0,6,41,"[40, 508, 153, 444, 463, 3842]","[  40  508  153  444  463 3842    0    0    0    0    0    0    0    0
    0    0]"
come back every time vega,1,5,25,"[119, 22, 70, 8, 126]",[119  22  70   8 126   0   0   0   0   0   0   0   0   0   0   0]
place deserves one star food,0,5,28,"[10, 744, 6, 81, 9]",[ 10 744   6  81   9   0   0   0   0   0   0   0   0   0   0   0]
disgrace,0,1,8,[1540],"[1540    0    0    0    0    0    0    0    0    0    0    0    0    0
    0    0]"
def coming back bowl next time,1,6,30,"[3843, 249, 22, 1825, 209, 8]","[3843  249   22 1825  209    8    0    0    0    0    0    0    0    0
    0    0]"
want healthy authentic ethic food try place,1,7,43,"[94, 1224, 523, 3844, 9, 194, 10]","[  94 1224  523 3844    9  194   10    0    0    0    0    0    0    0
    0    0]"
continue come lady night andddd date night highly recommend place anyone area,1,12,77,"[1049, 119, 669, 162, 3845, 896, 162, 116, 40, 10, 129, 441]","[1049  119  669  162 3845  896  162  116   40   10  129  441    0    0
    0    0]"
several time past experience always great,1,6,41,"[267, 8, 1060, 75, 125, 3]","[ 267    8 1060   75  125    3    0    0    0    0    0    0    0    0
    0    0]"
walked away stuffed happy first vega buffet experience,1,8,54,"[537, 242, 1860, 120, 42, 126, 236, 75]","[ 537  242 1860  120   42  126  236   75    0    0    0    0    0    0
    0    0]"
service excellent price pretty reasonable considering vega located inside crystal shopping mall aria,1,13,100,"[12, 34, 47, 46, 482, 564, 126, 3846, 347, 3847, 3848, 1861, 3849]","[  12   34   47   46  482  564  126 3846  347 3847 3848 1861 3849    0
    0    0]"
summarize food incredible nay transcendant nothing brings joy quite like memory pneumatic condiment dispenser,1,14,109,"[3850, 9, 273, 3851, 3852, 95, 3853, 635, 97, 11, 656, 3854, 3855, 3856]","[3850    9  273 3851 3852   95 3853  635   97   11  656 3854 3855 3856
    0    0]"
probably one people ever go ians like it,0,8,40,"[132, 6, 68, 20, 21, 3857, 11, 7]","[ 132    6   68   20   21 3857   11    7    0    0    0    0    0    0
    0    0]"
kid pizza always hit lot great side dish option kiddos,1,10,54,"[292, 187, 125, 521, 79, 3, 196, 212, 597, 3858]","[ 292  187  125  521   79    3  196  212  597 3858    0    0    0    0
    0    0]"
service perfect family atmosphere nice see,1,6,42,"[12, 202, 193, 283, 32, 50]",[ 12 202 193 283  32  50   0   0   0   0   0   0   0   0   0   0]
cooked perfection service impeccable,1,4,36,"[531, 1862, 12, 1863]","[ 531 1862   12 1863    0    0    0    0    0    0    0    0    0    0
    0    0]"
one simply disappointment,0,3,25,"[6, 203, 330]",[  6 203 330   0   0   0   0   0   0   0   0   0   0   0   0   0]
overall disappointed quality food bouchon,0,5,41,"[159, 71, 24, 9, 3859]","[ 159   71   24    9 3859    0    0    0    0    0    0    0    0    0
    0    0]"
accountant know getting screwed,0,4,31,"[3860, 76, 280, 3861]","[3860   76  280 3861    0    0    0    0    0    0    0    0    0    0
    0    0]"
great place eat reminds little mom pop shop san francisco bay area,1,12,66,"[3, 10, 157, 3862, 63, 1237, 1864, 1865, 3863, 3864, 907, 441]","[   3   10  157 3862   63 1237 1864 1865 3863 3864  907  441    0    0
    0    0]"
today first taste buldogis gourmet hot dog tell ever thought possible,1,11,69,"[360, 42, 226, 3865, 3866, 443, 838, 335, 20, 128, 476]","[ 360   42  226 3865 3866  443  838  335   20  128  476    0    0    0
    0    0]"
left frustrated,0,2,15,"[271, 3867]","[ 271 3867    0    0    0    0    0    0    0    0    0    0    0    0
    0    0]"
definitely soon again,1,3,21,"[65, 307, 69]",[ 65 307  69   0   0   0   0   0   0   0   0   0   0   0   0   0]
food really good got full petty fast,1,7,36,"[9, 13, 1, 53, 310, 3868, 253]","[   9   13    1   53  310 3868  253    0    0    0    0    0    0    0
    0    0]"
service fantastic,1,2,17,"[12, 167]",[ 12 167   0   0   0   0   0   0   0   0   0   0   0   0   0   0]
total waste time,0,3,16,"[648, 84, 8]",[648  84   8   0   0   0   0   0   0   0   0   0   0   0   0   0]
know kind best iced tea,1,5,23,"[76, 204, 18, 3869, 912]","[  76  204   18 3869  912    0    0    0    0    0    0    0    0    0
    0    0]"
come hungry leave happy stuffed,1,5,31,"[119, 3870, 576, 120, 1860]","[ 119 3870  576  120 1860    0    0    0    0    0    0    0    0    0
    0    0]"
service give star,0,3,17,"[12, 107, 81]",[ 12 107  81   0   0   0   0   0   0   0   0   0   0   0   0   0]
assure disappointed,1,2,19,"[1866, 71]","[1866   71    0    0    0    0    0    0    0    0    0    0    0    0
    0    0]"
take little bad service food suck,0,6,33,"[124, 63, 15, 12, 9, 168]",[124  63  15  12   9 168   0   0   0   0   0   0   0   0   0   0]
gave trying eat crust teeth still sore,0,7,38,"[367, 403, 157, 1772, 1494, 56, 3871]","[ 367  403  157 1772 1494   56 3871    0    0    0    0    0    0    0
    0    0]"
completely grossed out,0,3,22,"[246, 1782, 290]","[ 246 1782  290    0    0    0    0    0    0    0    0    0    0    0
    0    0]"
really enjoyed eating here,1,4,26,"[13, 214, 447, 96]",[ 13 214 447  96   0   0   0   0   0   0   0   0   0   0   0   0]
first time going think quickly become regular,1,7,45,"[42, 8, 67, 45, 515, 575, 1242]","[  42    8   67   45  515  575 1242    0    0    0    0    0    0    0
    0    0]"
server nice even though looked little overwhelmed need stayed professional friendly end,1,12,87,"[173, 32, 19, 215, 660, 63, 1776, 192, 1102, 1867, 77, 154]","[ 173   32   19  215  660   63 1776  192 1102 1867   77  154    0    0
    0    0]"
dinner companion told me everything fresh nice texture taste,1,9,60,"[536, 3872, 570, 103, 60, 191, 32, 1195, 226]","[ 536 3872  570  103   60  191   32 1195  226    0    0    0    0    0
    0    0]"
ground right next table large smeared been stepped in and tracked everywhere pile green bird poop,0,16,97,"[1470, 64, 209, 230, 689, 3873, 3874, 1827, 605, 298, 3875, 1115, 1401, 624, 3876, 3877]","[1470   64  209  230  689 3873 3874 1827  605  298 3875 1115 1401  624
 3876 3877]"
furthermore can t even find hour operation website,0,8,50,"[3878, 106, 74, 19, 148, 104, 3879, 857]","[3878  106   74   19  148  104 3879  857    0    0    0    0    0    0
    0    0]"
tried like place time think done them,0,7,37,"[211, 11, 10, 8, 45, 208, 332]",[211  11  10   8  45 208 332   0   0   0   0   0   0   0   0   0]
mistake wa,0,2,10,"[505, 497]",[505 497   0   0   0   0   0   0   0   0   0   0   0   0   0   0]
complaint,1,1,9,[690],[690   0   0   0   0   0   0   0   0   0   0   0   0   0   0   0]
seriously good pizza expert connisseur topic,1,6,44,"[278, 1, 187, 1533, 3880, 3881]","[ 278    1  187 1533 3880 3881    0    0    0    0    0    0    0    0
    0    0]"
waiter jerk,0,2,11,"[529, 1678]","[ 529 1678    0    0    0    0    0    0    0    0    0    0    0    0
    0    0]"
strike want rushed,0,3,18,"[3882, 94, 3883]","[3882   94 3883    0    0    0    0    0    0    0    0    0    0    0
    0    0]"
nicest restaurant owner ever come across,1,6,40,"[1868, 83, 389, 20, 119, 3884]","[1868   83  389   20  119 3884    0    0    0    0    0    0    0    0
    0    0]"
never come again,0,3,16,"[38, 119, 69]",[ 38 119  69   0   0   0   0   0   0   0   0   0   0   0   0   0]
loved biscuit,1,2,13,"[134, 1243]","[ 134 1243    0    0    0    0    0    0    0    0    0    0    0    0
    0    0]"
service quick friendly,1,3,22,"[12, 438, 77]",[ 12 438  77   0   0   0   0   0   0   0   0   0   0   0   0   0]
ordered appetizer took minute pizza another minute,0,7,50,"[184, 1207, 272, 54, 187, 136, 54]","[ 184 1207  272   54  187  136   54    0    0    0    0    0    0    0
    0    0]"
absolutley fantastic,1,2,20,"[3885, 167]","[3885  167    0    0    0    0    0    0    0    0    0    0    0    0
    0    0]"
huge awkward lb piece cow th gristle fat,0,8,40,"[343, 1760, 3886, 80, 1869, 622, 3887, 1536]","[ 343 1760 3886   80 1869  622 3887 1536    0    0    0    0    0    0
    0    0]"
definitely come back again,1,4,26,"[65, 119, 22, 69]",[ 65 119  22  69   0   0   0   0   0   0   0   0   0   0   0   0]
like steiner dark feel like bar,1,6,31,"[11, 3888, 1065, 118, 11, 227]","[  11 3888 1065  118   11  227    0    0    0    0    0    0    0    0
    0    0]"
wow spicy delicious,1,3,19,"[580, 534, 127]",[580 534 127   0   0   0   0   0   0   0   0   0   0   0   0   0]
familiar check out,1,3,18,"[1779, 376, 290]","[1779  376  290    0    0    0    0    0    0    0    0    0    0    0
    0    0]"
take business dinner dollar elsewhere,0,5,37,"[124, 468, 536, 972, 578]",[124 468 536 972 578   0   0   0   0   0   0   0   0   0   0   0]
love go back,1,3,12,"[26, 21, 22]",[26 21 22  0  0  0  0  0  0  0  0  0  0  0  0  0]
anyway f restaurant wonderful breakfast lunch,1,6,45,"[853, 1596, 83, 110, 353, 351]","[ 853 1596   83  110  353  351    0    0    0    0    0    0    0    0
    0    0]"
nothing special,0,2,15,"[95, 223]",[ 95 223   0   0   0   0   0   0   0   0   0   0   0   0   0   0]
day week different deal delicious,1,5,33,"[87, 287, 315, 349, 127]",[ 87 287 315 349 127   0   0   0   0   0   0   0   0   0   0   0]
mention combination pear almond bacon big winner,1,7,48,"[824, 1122, 3889, 3890, 721, 151, 1639]","[ 824 1122 3889 3890  721  151 1639    0    0    0    0    0    0    0
    0    0]"
sauce tasteless,0,2,15,"[446, 715]",[446 715   0   0   0   0   0   0   0   0   0   0   0   0   0   0]
food delicious spicy enough sure ask spicier prefer way,1,9,55,"[9, 127, 534, 61, 188, 410, 3891, 3892, 43]","[   9  127  534   61  188  410 3891 3892   43    0    0    0    0    0
    0    0]"
ribeye steak cooked perfectly great mesquite flavor,1,7,51,"[3893, 174, 531, 279, 3, 3894, 233]","[3893  174  531  279    3 3894  233    0    0    0    0    0    0    0
    0    0]"
think going back anytime soon,0,5,29,"[45, 67, 22, 727, 307]",[ 45  67  22 727 307   0   0   0   0   0   0   0   0   0   0   0]
food gooodd,1,2,11,"[9, 3895]","[   9 3895    0    0    0    0    0    0    0    0    0    0    0    0
    0    0]"
far sushi connoisseur definitely tell difference good food bad food certainly bad food,0,13,86,"[90, 256, 3896, 65, 335, 1528, 1, 9, 15, 9, 294, 15, 9]","[  90  256 3896   65  335 1528    1    9   15    9  294   15    9    0
    0    0]"
insulted,0,1,8,[1228],"[1228    0    0    0    0    0    0    0    0    0    0    0    0    0
    0    0]"
last time lunch bad,0,4,19,"[122, 8, 351, 15]",[122   8 351  15   0   0   0   0   0   0   0   0   0   0   0   0]
chicken wing contained driest chicken meat ever eaten,0,8,53,"[171, 909, 1432, 1870, 171, 352, 20, 718]","[ 171  909 1432 1870  171  352   20  718    0    0    0    0    0    0
    0    0]"
food good enjoyed every mouthful enjoyable relaxed venue couple small family group etc,1,13,86,"[9, 1, 214, 70, 3897, 1051, 3898, 3899, 338, 182, 193, 1244, 561]","[   9    1  214   70 3897 1051 3898 3899  338  182  193 1244  561    0
    0    0]"
nargile think great,1,3,19,"[3900, 45, 3]","[3900   45    3    0    0    0    0    0    0    0    0    0    0    0
    0    0]"
best tater tot southwest,1,4,24,"[18, 3901, 1871, 3902]","[  18 3901 1871 3902    0    0    0    0    0    0    0    0    0    0
    0    0]"
loved place,1,2,11,"[134, 10]",[134  10   0   0   0   0   0   0   0   0   0   0   0   0   0   0]
definitely worth paid,0,3,21,"[65, 93, 764]",[ 65  93 764   0   0   0   0   0   0   0   0   0   0   0   0   0]
vanilla ice cream creamy smooth profiterole chou pastry fresh enough,1,10,68,"[3903, 722, 906, 1841, 3904, 3905, 3906, 3907, 191, 61]","[3903  722  906 1841 3904 3905 3906 3907  191   61    0    0    0    0
    0    0]"
im az time new spot,1,5,19,"[840, 3908, 8, 86, 400]","[ 840 3908    8   86  400    0    0    0    0    0    0    0    0    0
    0    0]"
manager worst,0,2,13,"[916, 51]",[916  51   0   0   0   0   0   0   0   0   0   0   0   0   0   0]
inside really quite nice clean,1,5,30,"[347, 13, 97, 32, 401]",[347  13  97  32 401   0   0   0   0   0   0   0   0   0   0   0]
food outstanding price reasonable,1,4,33,"[9, 1235, 47, 482]","[   9 1235   47  482    0    0    0    0    0    0    0    0    0    0
    0    0]"
think running back carly anytime soon food,0,7,42,"[45, 538, 22, 3909, 727, 307, 9]","[  45  538   22 3909  727  307    9    0    0    0    0    0    0    0
    0    0]"
due fact took minute acknowledged another minute get food and kept forgetting thing,0,13,83,"[830, 266, 272, 54, 1872, 136, 54, 25, 9, 298, 345, 1376, 31]","[ 830  266  272   54 1872  136   54   25    9  298  345 1376   31    0
    0    0]"
love margarita too,1,3,18,"[26, 1873, 179]","[  26 1873  179    0    0    0    0    0    0    0    0    0    0    0
    0    0]"
first vega buffet disappoint,1,4,28,"[42, 126, 236, 1194]","[  42  126  236 1194    0    0    0    0    0    0    0    0    0    0
    0    0]"
good though,1,2,11,"[1, 215]",[  1 215   0   0   0   0   0   0   0   0   0   0   0   0   0   0]
one note ventilation could use upgrading,0,6,40,"[6, 655, 3910, 37, 44, 3911]","[   6  655 3910   37   44 3911    0    0    0    0    0    0    0    0
    0    0]"
great pork sandwich,1,3,19,"[3, 905, 350]",[  3 905 350   0   0   0   0   0   0   0   0   0   0   0   0   0]
waste time here,0,3,15,"[84, 8, 96]",[84  8 96  0  0  0  0  0  0  0  0  0  0  0  0  0]
total letdown would much rather go camelback flower shop cartel coffee,0,11,70,"[648, 3912, 17, 33, 237, 21, 3913, 1874, 1865, 3914, 1846]","[ 648 3912   17   33  237   21 3913 1874 1865 3914 1846    0    0    0
    0    0]"
third cheese friend burger cold,0,5,31,"[894, 1218, 268, 198, 451]","[ 894 1218  268  198  451    0    0    0    0    0    0    0    0    0
    0    0]"
enjoy pizza brunch,1,3,18,"[261, 187, 1229]","[ 261  187 1229    0    0    0    0    0    0    0    0    0    0    0
    0    0]"
steak well trimmed also perfectly cooked,1,6,40,"[174, 16, 3915, 23, 279, 531]","[ 174   16 3915   23  279  531    0    0    0    0    0    0    0    0
    0    0]"
group claimed would handled u beautifully,1,6,41,"[1244, 3916, 17, 963, 102, 1579]","[1244 3916   17  963  102 1579    0    0    0    0    0    0    0    0
    0    0]"
loved it,1,2,8,"[134, 7]",[134   7   0   0   0   0   0   0   0   0   0   0   0   0   0   0]
asked bill leave without eating bring either,0,7,44,"[712, 888, 576, 244, 447, 470, 220]",[712 888 576 244 447 470 220   0   0   0   0   0   0   0   0   0]
place jewel la vega exactly hoping find nearly ten year living here,1,12,67,"[10, 3917, 3918, 126, 574, 1144, 148, 729, 823, 58, 560, 96]","[  10 3917 3918  126  574 1144  148  729  823   58  560   96    0    0
    0    0]"
seafood limited boiled shrimp crab leg crab leg definitely taste fresh,0,11,70,"[714, 1500, 3919, 608, 1875, 1876, 1875, 1876, 65, 226, 191]","[ 714 1500 3919  608 1875 1876 1875 1876   65  226  191    0    0    0
    0    0]"
selection food best,0,3,19,"[240, 9, 18]",[240   9  18   0   0   0   0   0   0   0   0   0   0   0   0   0]
delicious absolutely back,1,3,25,"[127, 131, 22]",[127 131  22   0   0   0   0   0   0   0   0   0   0   0   0   0]
small family restaurant fine dining establishment,1,6,49,"[182, 193, 83, 141, 448, 901]",[182 193  83 141 448 901   0   0   0   0   0   0   0   0   0   0]
toro tartare cavier extraordinary liked thinly sliced wagyu white truffle,1,10,73,"[3920, 3921, 3922, 1567, 239, 3923, 1877, 3924, 382, 3925]","[3920 3921 3922 1567  239 3923 1877 3924  382 3925    0    0    0    0
    0    0]"
dont think back long time,0,5,25,"[583, 45, 22, 89, 8]",[583  45  22  89   8   0   0   0   0   0   0   0   0   0   0   0]
attached gas station rarely good sign,0,6,37,"[3926, 1492, 865, 1814, 1, 833]","[3926 1492  865 1814    1  833    0    0    0    0    0    0    0    0
    0    0]"
awesome that,1,2,12,"[139, 82]",[139  82   0   0   0   0   0   0   0   0   0   0   0   0   0   0]
back many time soon,1,4,19,"[22, 117, 8, 307]",[ 22 117   8 307   0   0   0   0   0   0   0   0   0   0   0   0]
menu much good stuff could decide,1,6,33,"[197, 33, 1, 674, 37, 3927]","[ 197   33    1  674   37 3927    0    0    0    0    0    0    0    0
    0    0]"
worse all humiliated worker right front me bunch horrible name calling,0,11,70,"[305, 100, 3928, 1878, 64, 463, 103, 966, 163, 3929, 3930]","[ 305  100 3928 1878   64  463  103  966  163 3929 3930    0    0    0
    0    0]"
conclusion filling meal,1,3,23,"[821, 1879, 232]","[ 821 1879  232    0    0    0    0    0    0    0    0    0    0    0
    0    0]"
daily special always hit group,1,5,30,"[3931, 223, 125, 521, 1244]","[3931  223  125  521 1244    0    0    0    0    0    0    0    0    0
    0    0]"
tragedy struck,0,2,14,"[3932, 1345]","[3932 1345    0    0    0    0    0    0    0    0    0    0    0    0
    0    0]"
pancake also really good pretty large that,1,7,42,"[1239, 23, 13, 1, 46, 689, 82]","[1239   23   13    1   46  689   82    0    0    0    0    0    0    0
    0    0]"
first crawfish experience delicious,1,4,35,"[42, 3933, 75, 127]","[  42 3933   75  127    0    0    0    0    0    0    0    0    0    0
    0    0]"
monster chicken fried steak egg time favorite,1,7,45,"[1488, 171, 913, 174, 724, 8, 681]","[1488  171  913  174  724    8  681    0    0    0    0    0    0    0
    0    0]"
waitress sweet funny,1,3,20,"[336, 572, 177]",[336 572 177   0   0   0   0   0   0   0   0   0   0   0   0   0]
also taste mom multi grain pumpkin pancake pecan butter amazing fluffy delicious,1,12,80,"[23, 226, 1237, 3934, 3935, 3936, 1239, 3937, 1226, 62, 3938, 127]","[  23  226 1237 3934 3935 3936 1239 3937 1226   62 3938  127    0    0
    0    0]"
rather eat airline food seriously,0,5,33,"[237, 157, 3939, 9, 278]","[ 237  157 3939    9  278    0    0    0    0    0    0    0    0    0
    0    0]"
cant say enough good thing place,1,6,32,"[884, 55, 61, 1, 31, 10]",[884  55  61   1  31  10   0   0   0   0   0   0   0   0   0   0]
ambiance incredible,1,2,19,"[535, 273]",[535 273   0   0   0   0   0   0   0   0   0   0   0   0   0   0]
waitress manager friendly,1,3,25,"[336, 916, 77]",[336 916  77   0   0   0   0   0   0   0   0   0   0   0   0   0]
would recommend place,0,3,21,"[17, 40, 10]",[17 40 10  0  0  0  0  0  0  0  0  0  0  0  0  0]
overall impressed noca,0,3,22,"[159, 156, 3940]","[ 159  156 3940    0    0    0    0    0    0    0    0    0    0    0
    0    0]"
gyro basically lettuce only,0,4,27,"[1227, 680, 3941, 1164]","[1227  680 3941 1164    0    0    0    0    0    0    0    0    0    0
    0    0]"
terrible service,0,2,16,"[72, 12]",[72 12  0  0  0  0  0  0  0  0  0  0  0  0  0  0]
thoroughly disappointed,0,2,23,"[787, 71]",[787  71   0   0   0   0   0   0   0   0   0   0   0   0   0   0]
much pasta love homemade hand made pasta thin pizza here,1,10,56,"[33, 609, 26, 1880, 288, 28, 609, 598, 187, 96]","[  33  609   26 1880  288   28  609  598  187   96    0    0    0    0
    0    0]"
give try happy did,1,4,18,"[107, 194, 120, 596]",[107 194 120 596   0   0   0   0   0   0   0   0   0   0   0   0]
far best cheesecurds ever had,1,5,29,"[90, 18, 3942, 20, 390]","[  90   18 3942   20  390    0    0    0    0    0    0    0    0    0
    0    0]"
reasonably priced also,1,3,22,"[698, 392, 23]",[698 392  23   0   0   0   0   0   0   0   0   0   0   0   0   0]
everything perfect night in,1,4,27,"[60, 202, 162, 605]",[ 60 202 162 605   0   0   0   0   0   0   0   0   0   0   0   0]
food good typical bar food,1,5,26,"[9, 1, 1516, 227, 9]","[   9    1 1516  227    9    0    0    0    0    0    0    0    0    0
    0    0]"
drive get there,0,3,15,"[491, 25, 115]",[491  25 115   0   0   0   0   0   0   0   0   0   0   0   0   0]
first glance lovely bakery cafe nice ambiance clean friendly staff,1,10,66,"[42, 1035, 843, 1016, 904, 32, 535, 401, 77, 172]","[  42 1035  843 1016  904   32  535  401   77  172    0    0    0    0
    0    0]"
anyway think go back there,0,5,26,"[853, 45, 21, 22, 115]",[853  45  21  22 115   0   0   0   0   0   0   0   0   0   0   0]
point finger item menu order disappointed,1,6,41,"[496, 1730, 146, 197, 170, 71]","[ 496 1730  146  197  170   71    0    0    0    0    0    0    0    0
    0    0]"
oh thing beauty restaurant,1,4,26,"[371, 31, 3943, 83]","[ 371   31 3943   83    0    0    0    0    0    0    0    0    0    0
    0    0]"
gone go now,1,3,11,"[767, 21, 489]",[767  21 489   0   0   0   0   0   0   0   0   0   0   0   0   0]
greasy unhealthy meal,0,3,21,"[3944, 3945, 232]","[3944 3945  232    0    0    0    0    0    0    0    0    0    0    0
    0    0]"
first time might last,0,4,21,"[42, 8, 562, 122]",[ 42   8 562 122   0   0   0   0   0   0   0   0   0   0   0   0]
burger amazing,1,2,14,"[198, 62]",[198  62   0   0   0   0   0   0   0   0   0   0   0   0   0   0]
similarly delivery man say word apology food minute late,0,9,56,"[3946, 1699, 356, 55, 322, 3947, 9, 54, 1083]","[3946 1699  356   55  322 3947    9   54 1083    0    0    0    0    0
    0    0]"
way expensive,0,2,13,"[43, 887]",[ 43 887   0   0   0   0   0   0   0   0   0   0   0   0   0   0]
sure order dessert even need pack to go tiramisu cannoli die for,1,12,64,"[188, 170, 445, 19, 192, 1729, 375, 21, 3948, 3949, 1801, 495]","[ 188  170  445   19  192 1729  375   21 3948 3949 1801  495    0    0
    0    0]"
first time can t wait next,1,6,26,"[42, 8, 106, 74, 231, 209]",[ 42   8 106  74 231 209   0   0   0   0   0   0   0   0   0   0]
bartender also nice,1,3,19,"[1211, 23, 32]","[1211   23   32    0    0    0    0    0    0    0    0    0    0    0
    0    0]"
everything good tasty,1,3,21,"[60, 1, 319]",[ 60   1 319   0   0   0   0   0   0   0   0   0   0   0   0   0]
place two thumb up way up,1,6,25,"[10, 59, 709, 181, 43, 181]",[ 10  59 709 181  43 181   0   0   0   0   0   0   0   0   0   0]
best place vega breakfast just check sat sun,1,8,44,"[18, 10, 126, 353, 3950, 376, 550, 3951]","[  18   10  126  353 3950  376  550 3951    0    0    0    0    0    0
    0    0]"
love authentic mexican food want whole bunch interesting yet delicious meat choose from need try place,1,16,102,"[26, 523, 785, 9, 94, 308, 966, 241, 377, 127, 352, 1881, 1882, 192, 194, 10]","[  26  523  785    9   94  308  966  241  377  127  352 1881 1882  192
  194   10]"
terrible management,0,2,19,"[72, 525]",[ 72 525   0   0   0   0   0   0   0   0   0   0   0   0   0   0]
excellent new restaurant experienced frenchman,1,5,46,"[34, 86, 83, 1142, 3952]","[  34   86   83 1142 3952    0    0    0    0    0    0    0    0    0
    0    0]"
zero star would give zero star,0,6,30,"[602, 81, 17, 107, 602, 81]",[602  81  17 107 602  81   0   0   0   0   0   0   0   0   0   0]
great steak great side great wine amazing dessert,1,8,49,"[3, 174, 3, 196, 3, 716, 62, 445]",[  3 174   3 196   3 716  62 445   0   0   0   0   0   0   0   0]
worst martini ever,0,3,18,"[51, 3953, 20]","[  51 3953   20    0    0    0    0    0    0    0    0    0    0    0
    0    0]"
steak shrimp opinion best entree gc,1,6,35,"[174, 608, 1577, 18, 1883, 3954]","[ 174  608 1577   18 1883 3954    0    0    0    0    0    0    0    0
    0    0]"
opportunity today sample amazing pizza,1,5,38,"[1795, 360, 3955, 62, 187]","[1795  360 3955   62  187    0    0    0    0    0    0    0    0    0
    0    0]"
waited thirty minute seated although vacant table folk waiting,0,9,62,"[354, 3956, 54, 720, 494, 3957, 230, 911, 413]","[ 354 3956   54  720  494 3957  230  911  413    0    0    0    0    0
    0    0]"
yellowtail carpaccio melt mouth fresh,1,5,37,"[3958, 3959, 1217, 551, 191]","[3958 3959 1217  551  191    0    0    0    0    0    0    0    0    0
    0    0]"
try going back even empty,0,5,25,"[194, 67, 22, 19, 613]",[194  67  22  19 613   0   0   0   0   0   0   0   0   0   0   0]
no going eat potato found stranger hair it,0,8,42,"[1173, 67, 157, 398, 113, 1564, 1152, 7]","[1173   67  157  398  113 1564 1152    7    0    0    0    0    0    0
    0    0]"
spicy enough perfect actually,1,4,29,"[534, 61, 202, 205]",[534  61 202 205   0   0   0   0   0   0   0   0   0   0   0   0]
last night second time dining happy decided go back,1,9,51,"[122, 162, 341, 8, 448, 120, 1821, 21, 22]","[ 122  162  341    8  448  120 1821   21   22    0    0    0    0    0
    0    0]"
even hello right you,0,4,20,"[19, 3960, 64, 217]","[  19 3960   64  217    0    0    0    0    0    0    0    0    0    0
    0    0]"
dessert bit strange,0,3,19,"[445, 199, 1657]","[ 445  199 1657    0    0    0    0    0    0    0    0    0    0    0
    0    0]"
boyfriend came first time recent trip vega could pleased quality food service,1,12,77,"[766, 73, 42, 8, 848, 552, 126, 37, 337, 24, 9, 12]",[766  73  42   8 848 552 126  37 337  24   9  12   0   0   0   0]
really recommend place go wrong donut place,1,7,43,"[13, 40, 10, 21, 318, 3961, 10]","[  13   40   10   21  318 3961   10    0    0    0    0    0    0    0
    0    0]"
nice ambiance,1,2,13,"[32, 535]",[ 32 535   0   0   0   0   0   0   0   0   0   0   0   0   0   0]
would recommend saving room this,1,5,32,"[17, 40, 3962, 571, 111]","[  17   40 3962  571  111    0    0    0    0    0    0    0    0    0
    0    0]"
guess maybe went night disgraceful,0,5,34,"[358, 471, 145, 162, 3963]","[ 358  471  145  162 3963    0    0    0    0    0    0    0    0    0
    0    0]"
however recent experience particular location good,0,6,50,"[161, 848, 75, 573, 487, 1]",[161 848  75 573 487   1   0   0   0   0   0   0   0   0   0   0]
know like restaurant all something here,0,6,39,"[76, 11, 83, 100, 362, 96]",[ 76  11  83 100 362  96   0   0   0   0   0   0   0   0   0   0]
avoid establishment,0,2,19,"[225, 901]",[225 901   0   0   0   0   0   0   0   0   0   0   0   0   0   0]
think restaurant suffers trying hard enough,0,6,43,"[45, 83, 3964, 403, 213, 61]","[  45   83 3964  403  213   61    0    0    0    0    0    0    0    0
    0    0]"
tapa dish delicious,1,3,19,"[1884, 212, 127]","[1884  212  127    0    0    0    0    0    0    0    0    0    0    0
    0    0]"
heart place,1,2,11,"[434, 10]",[434  10   0   0   0   0   0   0   0   0   0   0   0   0   0   0]
salad bland vinegrette baby green heart palm,0,7,44,"[186, 250, 1885, 919, 624, 434, 704]","[ 186  250 1885  919  624  434  704    0    0    0    0    0    0    0
    0    0]"
two felt disgusting,0,3,19,"[59, 221, 812]",[ 59 221 812   0   0   0   0   0   0   0   0   0   0   0   0   0]
good time,1,2,9,"[1, 8]",[1 8 0 0 0 0 0 0 0 0 0 0 0 0 0 0]
believe place great stop huge belly hankering sushi,1,8,51,"[300, 10, 3, 707, 343, 1215, 3965, 256]","[ 300   10    3  707  343 1215 3965  256    0    0    0    0    0    0
    0    0]"
generous portion great taste,1,4,28,"[1233, 528, 3, 226]","[1233  528    3  226    0    0    0    0    0    0    0    0    0    0
    0    0]"
never go back place never ever recommended place anyone,0,9,55,"[38, 21, 22, 10, 38, 20, 384, 10, 129]",[ 38  21  22  10  38  20 384  10 129   0   0   0   0   0   0   0]
server went back forth several time even much are helped,0,10,56,"[173, 145, 22, 1326, 267, 8, 19, 33, 1738, 1886]","[ 173  145   22 1326  267    8   19   33 1738 1886    0    0    0    0
    0    0]"
food delicious,1,2,14,"[9, 127]",[  9 127   0   0   0   0   0   0   0   0   0   0   0   0   0   0]
hour seriously,0,2,14,"[104, 278]",[104 278   0   0   0   0   0   0   0   0   0   0   0   0   0   0]
consider theft,0,2,14,"[737, 3966]","[ 737 3966    0    0    0    0    0    0    0    0    0    0    0    0
    0    0]"
eew location need complete overhaul,0,5,35,"[3967, 487, 192, 1084, 3968]","[3967  487  192 1084 3968    0    0    0    0    0    0    0    0    0
    0    0]"
recently witnessed poor quality management towards guest well,0,8,61,"[816, 3969, 101, 24, 525, 804, 1075, 16]","[ 816 3969  101   24  525  804 1075   16    0    0    0    0    0    0
    0    0]"
waited waited waited,0,3,20,"[354, 354, 354]",[354 354 354   0   0   0   0   0   0   0   0   0   0   0   0   0]
also came back check u regularly excellent service,1,8,50,"[23, 73, 22, 376, 102, 3970, 34, 12]","[  23   73   22  376  102 3970   34   12    0    0    0    0    0    0
    0    0]"
server super nice checked u many time,1,7,37,"[173, 276, 32, 897, 102, 117, 8]",[173 276  32 897 102 117   8   0   0   0   0   0   0   0   0   0]
pizza tasted old super chewy good way,0,7,37,"[187, 452, 247, 276, 1209, 1, 43]","[ 187  452  247  276 1209    1   43    0    0    0    0    0    0    0
    0    0]"
swung give try deeply disappointed,0,5,34,"[3971, 107, 194, 1420, 71]","[3971  107  194 1420   71    0    0    0    0    0    0    0    0    0
    0    0]"
service good company better,1,4,27,"[12, 1, 340, 36]",[ 12   1 340  36   0   0   0   0   0   0   0   0   0   0   0   0]
staff also friendly efficient,1,4,29,"[172, 23, 77, 3972]","[ 172   23   77 3972    0    0    0    0    0    0    0    0    0    0
    0    0]"
service fan quick served nice folk,1,6,34,"[12, 378, 438, 610, 32, 911]",[ 12 378 438 610  32 911   0   0   0   0   0   0   0   0   0   0]
boy sucker dry,0,3,14,"[867, 3973, 658]","[ 867 3973  658    0    0    0    0    0    0    0    0    0    0    0
    0    0]"
rated,0,1,5,[825],[825   0   0   0   0   0   0   0   0   0   0   0   0   0   0   0]
look authentic thai food go else where,0,7,38,"[48, 523, 717, 9, 21, 484, 3974]","[  48  523  717    9   21  484 3974    0    0    0    0    0    0    0
    0    0]"
steak recommended,1,2,17,"[174, 384]",[174 384   0   0   0   0   0   0   0   0   0   0   0   0   0   0]
pulled car waited another minute acknowledged,0,6,45,"[1236, 153, 354, 136, 54, 1872]","[1236  153  354  136   54 1872    0    0    0    0    0    0    0    0
    0    0]"
great food great service clean friendly setting,1,7,47,"[3, 9, 3, 12, 401, 77, 480]",[  3   9   3  12 401  77 480   0   0   0   0   0   0   0   0   0]
all assure back,1,3,15,"[100, 1866, 22]","[ 100 1866   22    0    0    0    0    0    0    0    0    0    0    0
    0    0]"
hate thing much cheap quality black olive,0,7,41,"[477, 31, 33, 180, 24, 222, 3975]","[ 477   31   33  180   24  222 3975    0    0    0    0    0    0    0
    0    0]"
breakfast perpared great beautiful presentation giant slice toast lightly dusted powdered sugar,1,12,95,"[353, 3976, 3, 189, 1887, 3977, 3978, 1636, 1769, 3979, 3980, 3981]","[ 353 3976    3  189 1887 3977 3978 1636 1769 3979 3980 3981    0    0
    0    0]"
kid play area nasty,0,4,19,"[292, 295, 441, 1196]","[ 292  295  441 1196    0    0    0    0    0    0    0    0    0    0
    0    0]"
great place fo take eat in,1,6,26,"[3, 10, 3982, 124, 157, 605]","[   3   10 3982  124  157  605    0    0    0    0    0    0    0    0
    0    0]"
waitress friendly happy accomodate vegan veggie option,1,7,54,"[336, 77, 120, 3983, 3984, 3985, 597]","[ 336   77  120 3983 3984 3985  597    0    0    0    0    0    0    0
    0    0]"
omg felt like never eaten thai food dish,1,8,40,"[1856, 221, 11, 38, 718, 717, 9, 212]","[1856  221   11   38  718  717    9  212    0    0    0    0    0    0
    0    0]"
extremely crumby pretty tasteless,0,4,33,"[328, 3986, 46, 715]","[ 328 3986   46  715    0    0    0    0    0    0    0    0    0    0
    0    0]"
pale color instead nice char flavor,0,6,35,"[3987, 442, 553, 32, 1783, 233]","[3987  442  553   32 1783  233    0    0    0    0    0    0    0    0
    0    0]"
crouton also taste homemade extra plus,1,6,38,"[3988, 23, 226, 1880, 604, 417]","[3988   23  226 1880  604  417    0    0    0    0    0    0    0    0
    0    0]"
got home see driest damn wing ever,0,7,34,"[53, 388, 50, 1870, 679, 909, 20]","[  53  388   50 1870  679  909   20    0    0    0    0    0    0    0
    0    0]"
regular stop trip phoenix,1,4,25,"[1242, 707, 552, 908]","[1242  707  552  908    0    0    0    0    0    0    0    0    0    0
    0    0]"
really enjoyed crema cafe expanded even told friend best breakfast,1,10,66,"[13, 214, 3989, 904, 3990, 19, 570, 268, 18, 353]","[  13  214 3989  904 3990   19  570  268   18  353    0    0    0    0
    0    0]"
good money,0,2,10,"[1, 85]",[ 1 85  0  0  0  0  0  0  0  0  0  0  0  0  0  0]
miss wish one philadelphia,1,4,26,"[1508, 753, 6, 3991]","[1508  753    6 3991    0    0    0    0    0    0    0    0    0    0
    0    0]"
got sitting fairly fast but ended waiting minute place order another minute food arrived,0,14,88,"[53, 1162, 851, 253, 807, 664, 413, 54, 10, 170, 136, 54, 9, 514]","[  53 1162  851  253  807  664  413   54   10  170  136   54    9  514
    0    0]"
also best cheese crisp town,1,5,27,"[23, 18, 1218, 1183, 533]","[  23   18 1218 1183  533    0    0    0    0    0    0    0    0    0
    0    0]"
good value great food great service,1,6,35,"[1, 339, 3, 9, 3, 12]",[  1 339   3   9   3  12   0   0   0   0   0   0   0   0   0   0]
ask satisfying meal,1,3,19,"[410, 1888, 232]","[ 410 1888  232    0    0    0    0    0    0    0    0    0    0    0
    0    0]"
awesome,1,1,7,[139],[139   0   0   0   0   0   0   0   0   0   0   0   0   0   0   0]
wanted leave,0,2,12,"[429, 576]",[429 576   0   0   0   0   0   0   0   0   0   0   0   0   0   0]
made drive way north scottsdale one bit disappointed,1,8,52,"[28, 491, 43, 3992, 3993, 6, 199, 71]","[  28  491   43 3992 3993    6  199   71    0    0    0    0    0    0
    0    0]"
eating again,0,2,12,"[447, 69]",[447  69   0   0   0   0   0   0   0   0   0   0   0   0   0   0]
the owner really really need quit soooooo cheap let wrap freaking sandwich two paper one,0,15,88,"[245, 389, 13, 13, 192, 1749, 3994, 180, 296, 1011, 3995, 350, 59, 754, 6]","[ 245  389   13   13  192 1749 3994  180  296 1011 3995  350   59  754
    6    0]"
checked place couple year ago impressed,0,6,39,"[897, 10, 338, 58, 381, 156]",[897  10 338  58 381 156   0   0   0   0   0   0   0   0   0   0]
chicken got definitely reheated ok wedge cold soggy,0,8,51,"[171, 53, 65, 3996, 711, 3997, 451, 1230]","[ 171   53   65 3996  711 3997  451 1230    0    0    0    0    0    0
    0    0]"
sorry getting food anytime soon,0,5,31,"[1107, 280, 9, 727, 307]","[1107  280    9  727  307    0    0    0    0    0    0    0    0    0
    0    0]"
absolute must visit,1,3,19,"[3998, 155, 900]","[3998  155  900    0    0    0    0    0    0    0    0    0    0    0
    0    0]"
cow tongue cheek taco amazing,1,5,29,"[1869, 3999, 4000, 607, 62]","[1869 3999 4000  607   62    0    0    0    0    0    0    0    0    0
    0    0]"
friend like bloody mary,0,4,23,"[268, 11, 4001, 1807]","[ 268   11 4001 1807    0    0    0    0    0    0    0    0    0    0
    0    0]"
despite hard rate business actually rare give star,0,8,50,"[546, 213, 662, 468, 205, 591, 107, 81]",[546 213 662 468 205 591 107  81   0   0   0   0   0   0   0   0]
really want make experience good one,1,6,36,"[13, 94, 29, 75, 1, 6]",[13 94 29 75  1  6  0  0  0  0  0  0  0  0  0  0]
chicken pho tasted bland,0,4,24,"[171, 606, 452, 250]",[171 606 452 250   0   0   0   0   0   0   0   0   0   0   0   0]
grilled chicken tender yellow saffron seasoning,1,6,47,"[1889, 171, 436, 4002, 4003, 4004]","[1889  171  436 4002 4003 4004    0    0    0    0    0    0    0    0
    0    0]"
drive thru mean want wait around half hour food somehow end going make u wait wait,0,16,82,"[491, 1673, 423, 94, 231, 166, 357, 104, 9, 1742, 154, 67, 29, 102, 231, 231]","[ 491 1673  423   94  231  166  357  104    9 1742  154   67   29  102
  231  231]"
pretty awesome place,1,3,20,"[46, 139, 10]",[ 46 139  10   0   0   0   0   0   0   0   0   0   0   0   0   0]
ambience perfect,1,2,16,"[1212, 202]","[1212  202    0    0    0    0    0    0    0    0    0    0    0    0
    0    0]"
best luck rude non customer service focused new management,0,9,58,"[18, 1737, 449, 630, 185, 12, 1890, 86, 525]","[  18 1737  449  630  185   12 1890   86  525    0    0    0    0    0
    0    0]"
grandmother make roasted chicken better one,0,6,43,"[4005, 29, 1804, 171, 36, 6]","[4005   29 1804  171   36    6    0    0    0    0    0    0    0    0
    0    0]"
asked multiple time wine list time ignored went hostess got one myself,0,12,70,"[712, 1186, 8, 716, 633, 8, 4006, 145, 4007, 53, 6, 1610]","[ 712 1186    8  716  633    8 4006  145 4007   53    6 1610    0    0
    0    0]"
staff always super friendly helpful especially cool bring two small boy baby,1,12,76,"[172, 125, 276, 77, 391, 216, 200, 470, 59, 182, 867, 919]",[172 125 276  77 391 216 200 470  59 182 867 919   0   0   0   0]
four star food guy blue shirt great vibe still letting u eat,1,12,60,"[1020, 81, 9, 490, 545, 4008, 3, 835, 56, 1022, 102, 157]","[1020   81    9  490  545 4008    3  835   56 1022  102  157    0    0
    0    0]"
roast beef sandwich tasted really good,1,6,38,"[1798, 713, 350, 452, 13, 1]","[1798  713  350  452   13    1    0    0    0    0    0    0    0    0
    0    0]"
evening drastically sick,0,3,24,"[1857, 4009, 485]","[1857 4009  485    0    0    0    0    0    0    0    0    0    0    0
    0    0]"
high quality chicken chicken caesar salad,1,6,41,"[302, 24, 171, 171, 4010, 186]","[ 302   24  171  171 4010  186    0    0    0    0    0    0    0    0
    0    0]"
ordered burger rare came done,0,5,29,"[184, 198, 591, 73, 208]",[184 198 591  73 208   0   0   0   0   0   0   0   0   0   0   0]
promptly greeted seated,1,3,23,"[1684, 1817, 720]","[1684 1817  720    0    0    0    0    0    0    0    0    0    0    0
    0    0]"
tried go lunch madhouse,0,4,23,"[211, 21, 351, 4011]","[ 211   21  351 4011    0    0    0    0    0    0    0    0    0    0
    0    0]"
proven dead wrong sushi bar quality great service fast food impeccable,1,11,70,"[4012, 677, 318, 256, 227, 24, 3, 12, 253, 9, 1863]","[4012  677  318  256  227   24    3   12  253    9 1863    0    0    0
    0    0]"
waiting hour seated greatest mood,0,5,33,"[413, 104, 720, 921, 1840]","[ 413  104  720  921 1840    0    0    0    0    0    0    0    0    0
    0    0]"
good joint,1,2,10,"[1, 1818]","[   1 1818    0    0    0    0    0    0    0    0    0    0    0    0
    0    0]"
macarons insanely good,1,3,22,"[4013, 4014, 1]","[4013 4014    1    0    0    0    0    0    0    0    0    0    0    0
    0    0]"
eating here,0,2,11,"[447, 96]",[447  96   0   0   0   0   0   0   0   0   0   0   0   0   0   0]
waiter attentive friendly informative,1,4,37,"[529, 530, 77, 4015]","[ 529  530   77 4015    0    0    0    0    0    0    0    0    0    0
    0    0]"
maybe cold would somewhat edible,0,5,32,"[471, 451, 17, 956, 1245]","[ 471  451   17  956 1245    0    0    0    0    0    0    0    0    0
    0    0]"
place lot promise fails deliver,0,5,31,"[10, 79, 1891, 425, 4016]","[  10   79 1891  425 4016    0    0    0    0    0    0    0    0    0
    0    0]"
bad experience,0,2,14,"[15, 75]",[15 75  0  0  0  0  0  0  0  0  0  0  0  0  0  0]
mistake,0,1,7,[505],[505   0   0   0   0   0   0   0   0   0   0   0   0   0   0   0]
food average best,0,3,17,"[9, 405, 18]",[  9 405  18   0   0   0   0   0   0   0   0   0   0   0   0   0]
great food,1,2,10,"[3, 9]",[3 9 0 0 0 0 0 0 0 0 0 0 0 0 0 0]
going back anytime soon,0,4,23,"[67, 22, 727, 307]",[ 67  22 727 307   0   0   0   0   0   0   0   0   0   0   0   0]
disappointed ordered big bay plater,0,5,35,"[71, 184, 151, 907, 4017]","[  71  184  151  907 4017    0    0    0    0    0    0    0    0    0
    0    0]"
great place relax awesome burger beer,1,6,37,"[3, 10, 4018, 139, 198, 399]","[   3   10 4018  139  198  399    0    0    0    0    0    0    0    0
    0    0]"
perfect sit down family meal get together friend,1,8,48,"[202, 1504, 478, 193, 232, 25, 411, 268]","[ 202 1504  478  193  232   25  411  268    0    0    0    0    0    0
    0    0]"
much flavor them poorly constructed,0,5,35,"[33, 233, 332, 667, 924]",[ 33 233 332 667 924   0   0   0   0   0   0   0   0   0   0   0]
patio seating comfortable,1,3,25,"[1234, 1892, 142]","[1234 1892  142    0    0    0    0    0    0    0    0    0    0    0
    0    0]"
fried rice dry well,0,4,19,"[913, 673, 658, 16]",[913 673 658  16   0   0   0   0   0   0   0   0   0   0   0   0]
hand favorite italian restaurant,1,4,32,"[288, 681, 844, 83]",[288 681 844  83   0   0   0   0   0   0   0   0   0   0   0   0]
scream legit book somethat also pretty rare vega,1,8,48,"[1566, 1893, 465, 4019, 23, 46, 591, 126]","[1566 1893  465 4019   23   46  591  126    0    0    0    0    0    0
    0    0]"
fun experience,1,2,14,"[364, 75]",[364  75   0   0   0   0   0   0   0   0   0   0   0   0   0   0]
atmosphere great lovely duo violinist playing song requested,1,8,60,"[283, 3, 843, 4020, 4021, 473, 454, 4022]","[ 283    3  843 4020 4021  473  454 4022    0    0    0    0    0    0
    0    0]"
personally love hummus pita baklava falafel baba ganoush it amazing eggplant,1,11,76,"[1558, 26, 1205, 1204, 4023, 4024, 4025, 4026, 7, 62, 1859]","[1558   26 1205 1204 4023 4024 4025 4026    7   62 1859    0    0    0
    0    0]"
convenient since staying mgm,1,4,28,"[1187, 149, 1894, 4027]","[1187  149 1894 4027    0    0    0    0    0    0    0    0    0    0
    0    0]"
owner super friendly staff courteous,1,5,36,"[389, 276, 77, 172, 4028]","[ 389  276   77  172 4028    0    0    0    0    0    0    0    0    0
    0    0]"
great,1,1,5,[3],[3 0 0 0 0 0 0 0 0 0 0 0 0 0 0 0]
eclectic selection,1,2,18,"[4029, 240]","[4029  240    0    0    0    0    0    0    0    0    0    0    0    0
    0    0]"
sweet potato tot good onion ring perfection close had,1,9,53,"[572, 398, 1871, 1, 4030, 1150, 1862, 642, 390]","[ 572  398 1871    1 4030 1150 1862  642  390    0    0    0    0    0
    0    0]"
staff attentive,1,2,15,"[172, 530]",[172 530   0   0   0   0   0   0   0   0   0   0   0   0   0   0]
chef generous time even came around twice take picture him,1,10,58,"[725, 1233, 8, 19, 73, 166, 415, 124, 176, 645]","[ 725 1233    8   19   73  166  415  124  176  645    0    0    0    0
    0    0]"
owner used work nobu place really similar half price,1,9,52,"[389, 109, 14, 4031, 10, 13, 1842, 357, 47]","[ 389  109   14 4031   10   13 1842  357   47    0    0    0    0    0
    0    0]"
google mediocre imagine smashburger pop up,0,6,42,"[4032, 387, 1099, 4033, 1864, 181]","[4032  387 1099 4033 1864  181    0    0    0    0    0    0    0    0
    0    0]"
dont go here,0,3,12,"[583, 21, 96]",[583  21  96   0   0   0   0   0   0   0   0   0   0   0   0   0]
promise disappoint,1,2,18,"[1891, 1194]","[1891 1194    0    0    0    0    0    0    0    0    0    0    0    0
    0    0]"
sushi lover avoid place mean,0,5,28,"[256, 1213, 225, 10, 423]","[ 256 1213  225   10  423    0    0    0    0    0    0    0    0    0
    0    0]"
great double cheeseburger,1,3,25,"[3, 1190, 1838]","[   3 1190 1838    0    0    0    0    0    0    0    0    0    0    0
    0    0]"
awesome service food,1,3,20,"[139, 12, 9]",[139  12   9   0   0   0   0   0   0   0   0   0   0   0   0   0]
fantastic neighborhood gem,1,3,26,"[167, 1849, 740]","[ 167 1849  740    0    0    0    0    0    0    0    0    0    0    0
    0    0]"
can t wait go back,1,5,18,"[106, 74, 231, 21, 22]",[106  74 231  21  22   0   0   0   0   0   0   0   0   0   0   0]
plantain worst ever tasted,0,4,26,"[4034, 51, 20, 452]","[4034   51   20  452    0    0    0    0    0    0    0    0    0    0
    0    0]"
great place highly recommend it,1,5,31,"[3, 10, 116, 40, 7]",[  3  10 116  40   7   0   0   0   0   0   0   0   0   0   0   0]
service slow attentive,0,3,22,"[12, 147, 530]",[ 12 147 530   0   0   0   0   0   0   0   0   0   0   0   0   0]
gave star then giving star now,1,6,30,"[367, 81, 1101, 1063, 81, 489]","[ 367   81 1101 1063   81  489    0    0    0    0    0    0    0    0
    0    0]"
staff spends time talking me,0,5,28,"[172, 4035, 8, 1758, 103]","[ 172 4035    8 1758  103    0    0    0    0    0    0    0    0    0
    0    0]"
dessert panna cotta amazing,1,4,27,"[445, 4036, 4037, 62]","[ 445 4036 4037   62    0    0    0    0    0    0    0    0    0    0
    0    0]"
good food great atmosphere,1,4,26,"[1, 9, 3, 283]",[  1   9   3 283   0   0   0   0   0   0   0   0   0   0   0   0]
damn good steak,1,3,15,"[679, 1, 174]",[679   1 174   0   0   0   0   0   0   0   0   0   0   0   0   0]
total brunch fail,0,3,17,"[648, 1229, 1895]","[ 648 1229 1895    0    0    0    0    0    0    0    0    0    0    0
    0    0]"
price reasonable flavor spot on sauce home made slaw drenched mayo,1,11,66,"[47, 482, 233, 400, 301, 446, 388, 28, 4038, 4039, 4040]","[  47  482  233  400  301  446  388   28 4038 4039 4040    0    0    0
    0    0]"
decor nice piano music soundtrack pleasant,1,6,42,"[1225, 32, 4041, 175, 653, 773]","[1225   32 4041  175  653  773    0    0    0    0    0    0    0    0
    0    0]"
steak amazing rge fillet relleno best seafood plate ever had,1,10,60,"[174, 62, 4042, 4043, 4044, 18, 714, 1896, 20, 390]","[ 174   62 4042 4043 4044   18  714 1896   20  390    0    0    0    0
    0    0]"
good food good service,1,4,22,"[1, 9, 1, 12]",[ 1  9  1 12  0  0  0  0  0  0  0  0  0  0  0  0]
absolutely amazing,1,2,18,"[131, 62]",[131  62   0   0   0   0   0   0   0   0   0   0   0   0   0   0]
probably back honest,0,3,20,"[132, 22, 836]",[132  22 836   0   0   0   0   0   0   0   0   0   0   0   0   0]
definitely back,1,2,15,"[65, 22]",[65 22  0  0  0  0  0  0  0  0  0  0  0  0  0  0]
sergeant pepper beef sandwich auju sauce excellent sandwich well,1,9,64,"[4045, 1835, 713, 350, 4046, 446, 34, 350, 16]","[4045 1835  713  350 4046  446   34  350   16    0    0    0    0    0
    0    0]"
hawaiian breeze mango magic pineapple delight smoothy tried far good,1,10,68,"[4047, 4048, 4049, 4050, 4051, 587, 4052, 211, 90, 1]","[4047 4048 4049 4050 4051  587 4052  211   90    1    0    0    0    0
    0    0]"
went lunch service slow,0,4,23,"[145, 351, 12, 147]",[145 351  12 147   0   0   0   0   0   0   0   0   0   0   0   0]
much say place walked expected amazing quickly disappointed,0,8,59,"[33, 55, 10, 537, 435, 62, 515, 71]",[ 33  55  10 537 435  62 515  71   0   0   0   0   0   0   0   0]
mortified,0,1,9,[4053],"[4053    0    0    0    0    0    0    0    0    0    0    0    0    0
    0    0]"
needle say never back again,0,5,27,"[1119, 55, 38, 22, 69]","[1119   55   38   22   69    0    0    0    0    0    0    0    0    0
    0    0]"
anyways food definitely filling all price pay expect more,0,9,57,"[4054, 9, 65, 1879, 100, 47, 428, 252, 516]","[4054    9   65 1879  100   47  428  252  516    0    0    0    0    0
    0    0]"
chip came dripping grease mostly edible,0,6,39,"[450, 73, 4055, 1797, 483, 1245]","[ 450   73 4055 1797  483 1245    0    0    0    0    0    0    0    0
    0    0]"
really impressed strip steak,0,4,28,"[13, 156, 881, 174]",[ 13 156 881 174   0   0   0   0   0   0   0   0   0   0   0   0]
going since every meal awesome,1,5,30,"[67, 149, 70, 232, 139]",[ 67 149  70 232 139   0   0   0   0   0   0   0   0   0   0   0]
server nice attentive serving staff,1,5,35,"[173, 32, 530, 1897, 172]","[ 173   32  530 1897  172    0    0    0    0    0    0    0    0    0
    0    0]"
cashier friendly even brought food me,1,6,37,"[1773, 77, 19, 1198, 9, 103]","[1773   77   19 1198    9  103    0    0    0    0    0    0    0    0
    0    0]"
work hospitality industry paradise valley refrained recommending cibo longer,0,9,76,"[14, 4056, 984, 4057, 1824, 4058, 4059, 4060, 586]","[  14 4056  984 4057 1824 4058 4059 4060  586    0    0    0    0    0
    0    0]"
atmosphere fun,1,2,14,"[283, 364]",[283 364   0   0   0   0   0   0   0   0   0   0   0   0   0   0]
would recommend others,0,3,22,"[17, 40, 475]",[ 17  40 475   0   0   0   0   0   0   0   0   0   0   0   0   0]
service quick even to go order like like it,1,9,43,"[12, 438, 19, 375, 21, 170, 11, 11, 7]",[ 12 438  19 375  21 170  11  11   7   0   0   0   0   0   0   0]
mean really get famous fish chip terrible,0,7,41,"[423, 13, 25, 1469, 558, 450, 72]","[ 423   13   25 1469  558  450   72    0    0    0    0    0    0    0
    0    0]"
said mouth belly still quite pleased,1,6,36,"[219, 551, 1215, 56, 97, 337]","[ 219  551 1215   56   97  337    0    0    0    0    0    0    0    0
    0    0]"
thing,0,1,5,[31],[31  0  0  0  0  0  0  0  0  0  0  0  0  0  0  0]
thumb up,1,2,8,"[709, 181]",[709 181   0   0   0   0   0   0   0   0   0   0   0   0   0   0]
reading please go there,0,4,23,"[627, 706, 21, 115]",[627 706  21 115   0   0   0   0   0   0   0   0   0   0   0   0]
loved grilled pizza reminded legit italian pizza,1,7,48,"[134, 1889, 187, 4061, 1893, 844, 187]","[ 134 1889  187 4061 1893  844  187    0    0    0    0    0    0    0
    0    0]"
really nice atmosphere,1,3,22,"[13, 32, 283]",[ 13  32 283   0   0   0   0   0   0   0   0   0   0   0   0   0]
tonight elk filet special and sucked,0,6,36,"[4062, 4063, 1834, 223, 298, 270]","[4062 4063 1834  223  298  270    0    0    0    0    0    0    0    0
    0    0]"
one bite hooked,1,3,15,"[6, 899, 4064]","[   6  899 4064    0    0    0    0    0    0    0    0    0    0    0
    0    0]"
ordered old classic new dish going time sorely disappointed everything,0,10,70,"[184, 247, 418, 86, 212, 67, 8, 4065, 71, 60]","[ 184  247  418   86  212   67    8 4065   71   60    0    0    0    0
    0    0]"
cute quaint simple honest,1,4,25,"[659, 4066, 513, 836]","[ 659 4066  513  836    0    0    0    0    0    0    0    0    0    0
    0    0]"
chicken deliciously seasoned perfect fry outside moist chicken inside,1,9,69,"[171, 4067, 1794, 202, 289, 507, 1200, 171, 347]","[ 171 4067 1794  202  289  507 1200  171  347    0    0    0    0    0
    0    0]"
food great always compliment chef,1,5,33,"[9, 3, 125, 1675, 725]","[   9    3  125 1675  725    0    0    0    0    0    0    0    0    0
    0    0]"
special thanks dylan t recommendation order yummy tummy,1,8,55,"[223, 1000, 4068, 74, 1197, 170, 903, 4069]","[ 223 1000 4068   74 1197  170  903 4069    0    0    0    0    0    0
    0    0]"
awesome selection beer,1,3,22,"[139, 240, 399]",[139 240 399   0   0   0   0   0   0   0   0   0   0   0   0   0]
great food awesome service,1,4,26,"[3, 9, 139, 12]",[  3   9 139  12   0   0   0   0   0   0   0   0   0   0   0   0]
one nice thing added gratuity bill since party larger expect tip that,1,12,69,"[6, 32, 31, 1116, 4070, 888, 149, 594, 4071, 252, 697, 82]","[   6   32   31 1116 4070  888  149  594 4071  252  697   82    0    0
    0    0]"
fly apple juice fly,0,4,19,"[1898, 4072, 1620, 1898]","[1898 4072 1620 1898    0    0    0    0    0    0    0    0    0    0
    0    0]"
han nan chicken also tasty,1,5,26,"[4073, 4074, 171, 23, 319]","[4073 4074  171   23  319    0    0    0    0    0    0    0    0    0
    0    0]"
service thought good,1,3,20,"[12, 128, 1]",[ 12 128   1   0   0   0   0   0   0   0   0   0   0   0   0   0]
food barely lukewarm must sitting waiting server bring u,0,9,56,"[9, 333, 1858, 155, 1162, 413, 173, 470, 102]","[   9  333 1858  155 1162  413  173  470  102    0    0    0    0    0
    0    0]"
ryan bar definitely one edinburgh establishment revisiting,0,7,58,"[1390, 227, 65, 6, 4075, 901, 4076]","[1390  227   65    6 4075  901 4076    0    0    0    0    0    0    0
    0    0]"
nicest chinese restaurant while,1,4,31,"[1868, 895, 83, 870]","[1868  895   83  870    0    0    0    0    0    0    0    0    0    0
    0    0]"
overall like food service,1,4,25,"[159, 11, 9, 12]",[159  11   9  12   0   0   0   0   0   0   0   0   0   0   0   0]
also serve indian naan bread hummus spicy pine nut sauce world,1,11,62,"[23, 1855, 1809, 4077, 723, 1205, 534, 4078, 795, 446, 422]","[  23 1855 1809 4077  723 1205  534 4078  795  446  422    0    0    0
    0    0]"
probably never coming back recommend it,0,6,39,"[132, 38, 249, 22, 40, 7]",[132  38 249  22  40   7   0   0   0   0   0   0   0   0   0   0]
friend pasta also bad barely touched it,0,7,39,"[268, 609, 23, 15, 333, 4079, 7]","[ 268  609   23   15  333 4079    7    0    0    0    0    0    0    0
    0    0]"
try airport experience tasty food speedy friendly service,1,8,57,"[194, 4080, 75, 319, 9, 4081, 77, 12]","[ 194 4080   75  319    9 4081   77   12    0    0    0    0    0    0
    0    0]"
love decor chinese calligraphy wall paper,1,6,41,"[26, 1225, 895, 4082, 437, 754]","[  26 1225  895 4082  437  754    0    0    0    0    0    0    0    0
    0    0]"
never anything complain here,1,4,28,"[38, 234, 1193, 96]","[  38  234 1193   96    0    0    0    0    0    0    0    0    0    0
    0    0]"
restaurant clean family restaurant feel it,1,6,42,"[83, 401, 193, 83, 118, 7]",[ 83 401 193  83 118   7   0   0   0   0   0   0   0   0   0   0]
way fried,0,2,9,"[43, 913]",[ 43 913   0   0   0   0   0   0   0   0   0   0   0   0   0   0]
sure long stood long enough begin feel awkwardly place,0,9,54,"[188, 89, 4083, 89, 61, 1534, 118, 4084, 10]","[ 188   89 4083   89   61 1534  118 4084   10    0    0    0    0    0
    0    0]"
opened sandwich impressed good way,0,5,34,"[1045, 350, 156, 1, 43]","[1045  350  156    1   43    0    0    0    0    0    0    0    0    0
    0    0]"
warm feeling service felt like guest special treat,1,8,50,"[527, 297, 12, 221, 11, 1075, 223, 968]","[ 527  297   12  221   11 1075  223  968    0    0    0    0    0    0
    0    0]"
extensive menu provides lot option breakfast,1,6,44,"[4085, 197, 1751, 79, 597, 353]","[4085  197 1751   79  597  353    0    0    0    0    0    0    0    0
    0    0]"
always order vegetarian menu dinner wide array option choose from,1,10,65,"[125, 170, 1223, 197, 536, 1369, 1364, 597, 1881, 1882]","[ 125  170 1223  197  536 1369 1364  597 1881 1882    0    0    0    0
    0    0]"
watched price inflate portion get smaller management attitude grow rapidly,0,10,74,"[331, 47, 4086, 528, 25, 4087, 525, 1784, 4088, 4089]","[ 331   47 4086  528   25 4087  525 1784 4088 4089    0    0    0    0
    0    0]"
wonderful lil tapa ambience made feel warm fuzzy inside,1,9,55,"[110, 4090, 1884, 1212, 28, 118, 527, 4091, 347]","[ 110 4090 1884 1212   28  118  527 4091  347    0    0    0    0    0
    0    0]"
got enjoy seafood salad fabulous vinegrette,1,6,43,"[53, 261, 714, 186, 1733, 1885]","[  53  261  714  186 1733 1885    0    0    0    0    0    0    0    0
    0    0]"
wonton thin thick chewy almost melt mouth,1,7,41,"[4092, 598, 1560, 1209, 293, 1217, 551]","[4092  598 1560 1209  293 1217  551    0    0    0    0    0    0    0
    0    0]"
level spicy perfect spice over whelm soup,1,7,41,"[542, 534, 202, 1899, 462, 4093, 726]","[ 542  534  202 1899  462 4093  726    0    0    0    0    0    0    0
    0    0]"
sat right time server get go fantastic,1,7,38,"[550, 64, 8, 173, 25, 21, 167]",[550  64   8 173  25  21 167   0   0   0   0   0   0   0   0   0]
main thing enjoy crowd older crowd around mid up,0,9,48,"[615, 31, 261, 666, 1322, 666, 166, 1900, 181]","[ 615   31  261  666 1322  666  166 1900  181    0    0    0    0    0
    0    0]"
side town definitely spot hit again,1,6,35,"[196, 533, 65, 400, 521, 69]",[196 533  65 400 521  69   0   0   0   0   0   0   0   0   0   0]
wait minute get drink longer get arepas,0,7,39,"[231, 54, 25, 532, 586, 25, 4094]","[ 231   54   25  532  586   25 4094    0    0    0    0    0    0    0
    0    0]"
great place eat,1,3,15,"[3, 10, 157]",[  3  10 157   0   0   0   0   0   0   0   0   0   0   0   0   0]
jalapeno bacon soooo good,1,4,25,"[4095, 721, 1850, 1]","[4095  721 1850    1    0    0    0    0    0    0    0    0    0    0
    0    0]"
service poor thats nice,0,4,23,"[12, 101, 861, 32]",[ 12 101 861  32   0   0   0   0   0   0   0   0   0   0   0   0]
food good service good price good,1,6,33,"[9, 1, 12, 1, 47, 1]",[ 9  1 12  1 47  1  0  0  0  0  0  0  0  0  0  0]
place clean food oh stale,0,5,25,"[10, 401, 9, 371, 1221]","[  10  401    9  371 1221    0    0    0    0    0    0    0    0    0
    0    0]"
chicken dish ok beef like shoe leather,0,7,38,"[171, 212, 711, 713, 11, 4096, 694]","[ 171  212  711  713   11 4096  694    0    0    0    0    0    0    0
    0    0]"
service beyond bad,0,3,18,"[12, 481, 15]",[ 12 481  15   0   0   0   0   0   0   0   0   0   0   0   0   0]
happy here,1,2,10,"[120, 96]",[120  96   0   0   0   0   0   0   0   0   0   0   0   0   0   0]
tasted like dirt,0,3,16,"[452, 11, 1822]","[ 452   11 1822    0    0    0    0    0    0    0    0    0    0    0
    0    0]"
one place phoenix would definately go back,1,7,42,"[6, 10, 908, 17, 1901, 21, 22]","[   6   10  908   17 1901   21   22    0    0    0    0    0    0    0
    0    0]"
block amazing,1,2,13,"[4097, 62]","[4097   62    0    0    0    0    0    0    0    0    0    0    0    0
    0    0]"
close house low key non fancy affordable price good food,1,10,56,"[642, 370, 201, 1166, 630, 4098, 4099, 47, 1, 9]","[ 642  370  201 1166  630 4098 4099   47    1    9    0    0    0    0
    0    0]"
hot sour egg flower soup absolutely star,1,7,40,"[443, 1344, 724, 1874, 726, 131, 81]","[ 443 1344  724 1874  726  131   81    0    0    0    0    0    0    0
    0    0]"
sashimi poor quality soggy tasteless,0,5,36,"[1199, 101, 24, 1230, 715]","[1199  101   24 1230  715    0    0    0    0    0    0    0    0    0
    0    0]"
great time family dinner sunday night,1,6,37,"[3, 8, 193, 536, 1609, 162]","[   3    8  193  536 1609  162    0    0    0    0    0    0    0    0
    0    0]"
food tasty all say real traditional hunan style,0,8,47,"[9, 319, 100, 55, 91, 4100, 4101, 433]","[   9  319  100   55   91 4100 4101  433    0    0    0    0    0    0
    0    0]"
bother me slow service,0,4,22,"[585, 103, 147, 12]",[585 103 147  12   0   0   0   0   0   0   0   0   0   0   0   0]
flair bartender absolutely amazing,1,4,34,"[4102, 1211, 131, 62]","[4102 1211  131   62    0    0    0    0    0    0    0    0    0    0
    0    0]"
frozen margarita way sugary taste,0,5,33,"[1201, 1873, 43, 1799, 226]","[1201 1873   43 1799  226    0    0    0    0    0    0    0    0    0
    0    0]"
good ordered twice,1,3,18,"[1, 184, 415]",[  1 184 415   0   0   0   0   0   0   0   0   0   0   0   0   0]
nutshell restaraunt smell like combination dirty fish market sewer,0,9,66,"[4103, 4104, 845, 11, 1122, 710, 558, 874, 4105]","[4103 4104  845   11 1122  710  558  874 4105    0    0    0    0    0
    0    0]"
girlfriend veal bad,0,3,19,"[971, 4106, 15]","[ 971 4106   15    0    0    0    0    0    0    0    0    0    0    0
    0    0]"
unfortunately good,0,2,18,"[269, 1]",[269   1   0   0   0   0   0   0   0   0   0   0   0   0   0   0]
pretty satifying experience,1,3,27,"[46, 4107, 75]","[  46 4107   75    0    0    0    0    0    0    0    0    0    0    0
    0    0]"
join club get awesome offer via email,1,7,37,"[1315, 1288, 25, 139, 565, 1750, 4108]","[1315 1288   25  139  565 1750 4108    0    0    0    0    0    0    0
    0    0]"
perfect someone me like beer ice cold case even colder,1,10,54,"[202, 581, 103, 11, 399, 722, 451, 52, 19, 4109]","[ 202  581  103   11  399  722  451   52   19 4109    0    0    0    0
    0    0]"
bland flavorless good way describing barely tepid meat,0,8,54,"[250, 1902, 1, 43, 4110, 333, 4111, 352]","[ 250 1902    1   43 4110  333 4111  352    0    0    0    0    0    0
    0    0]"
chain fan of beat place easily,0,6,30,"[4112, 378, 453, 603, 10, 321]","[4112  378  453  603   10  321    0    0    0    0    0    0    0    0
    0    0]"
nacho must have,1,3,15,"[1903, 155, 625]","[1903  155  625    0    0    0    0    0    0    0    0    0    0    0
    0    0]"
coming back,0,2,11,"[249, 22]",[249  22   0   0   0   0   0   0   0   0   0   0   0   0   0   0]
many word say place everything pretty well,1,7,42,"[117, 322, 55, 10, 60, 46, 16]",[117 322  55  10  60  46  16   0   0   0   0   0   0   0   0   0]
staff super nice quick even crazy crowd downtown jury lawyer court staff,1,12,72,"[172, 276, 32, 438, 19, 765, 666, 1787, 4113, 4114, 1570, 172]","[ 172  276   32  438   19  765  666 1787 4113 4114 1570  172    0    0
    0    0]"
great atmosphere friendly fast service,1,5,38,"[3, 283, 77, 253, 12]",[  3 283  77 253  12   0   0   0   0   0   0   0   0   0   0   0]
received pita huge lot meat thumb there,1,7,39,"[334, 1204, 343, 79, 352, 709, 115]","[ 334 1204  343   79  352  709  115    0    0    0    0    0    0    0
    0    0]"
food arrives meh,0,3,16,"[9, 4115, 1793]","[   9 4115 1793    0    0    0    0    0    0    0    0    0    0    0
    0    0]"
paying hot dog fry look like came kid meal wienerschnitzel idea good meal,0,13,73,"[4116, 443, 838, 289, 48, 11, 73, 292, 232, 4117, 661, 1, 232]","[4116  443  838  289   48   11   73  292  232 4117  661    1  232    0
    0    0]"
classic maine lobster roll fantastic,1,5,36,"[418, 4118, 1231, 1210, 167]","[ 418 4118 1231 1210  167    0    0    0    0    0    0    0    0    0
    0    0]"
brother law work mall ate day guess sick night too,0,10,50,"[1389, 4119, 14, 1861, 1220, 87, 358, 485, 162, 179]","[1389 4119   14 1861 1220   87  358  485  162  179    0    0    0    0
    0    0]"
good going review place twice hereas tribute place tribute event held last night,1,13,80,"[1, 67, 258, 10, 415, 4120, 1904, 10, 1904, 1839, 4121, 122, 162]","[   1   67  258   10  415 4120 1904   10 1904 1839 4121  122  162    0
    0    0]"
chip salsa really good salsa fresh,1,6,34,"[450, 1246, 13, 1, 1246, 191]","[ 450 1246   13    1 1246  191    0    0    0    0    0    0    0    0
    0    0]"
place great,1,2,11,"[10, 3]",[10  3  0  0  0  0  0  0  0  0  0  0  0  0  0  0]
mediocre food,0,2,13,"[387, 9]",[387   9   0   0   0   0   0   0   0   0   0   0   0   0   0   0]
get inside impressed place,1,4,26,"[25, 347, 156, 10]",[ 25 347 156  10   0   0   0   0   0   0   0   0   0   0   0   0]
super pissd,0,2,11,"[276, 4122]","[ 276 4122    0    0    0    0    0    0    0    0    0    0    0    0
    0    0]"
service super friendly,1,3,22,"[12, 276, 77]",[ 12 276  77   0   0   0   0   0   0   0   0   0   0   0   0   0]
sad little vegetable overcooked,0,4,31,"[682, 63, 914, 1819]","[ 682   63  914 1819    0    0    0    0    0    0    0    0    0    0
    0    0]"
place nice surprise,1,3,19,"[10, 32, 1578]","[  10   32 1578    0    0    0    0    0    0    0    0    0    0    0
    0    0]"
golden crispy delicious,1,3,23,"[4123, 1810, 127]","[4123 1810  127    0    0    0    0    0    0    0    0    0    0    0
    0    0]"
high hope place since burger cooked charcoal grill unfortunately taste fell flat way flat,0,14,89,"[302, 427, 10, 149, 198, 531, 1820, 1786, 269, 226, 1905, 612, 43, 612]","[ 302  427   10  149  198  531 1820 1786  269  226 1905  612   43  612
    0    0]"
could eat bruschetta day devine,1,5,31,"[37, 157, 4124, 87, 4125]","[  37  157 4124   87 4125    0    0    0    0    0    0    0    0    0
    0    0]"
single employee came see ok even needed water refill finally served u food,0,13,74,"[457, 1906, 73, 50, 711, 19, 469, 786, 1789, 432, 610, 102, 9]","[ 457 1906   73   50  711   19  469  786 1789  432  610  102    9    0
    0    0]"
lastly mozzarella stick best thing ordered,1,6,42,"[4126, 4127, 1844, 18, 31, 184]","[4126 4127 1844   18   31  184    0    0    0    0    0    0    0    0
    0    0]"
first time ever came amazing experience still tell people awesome duck wa,1,12,73,"[42, 8, 20, 73, 62, 75, 56, 335, 68, 139, 1206, 497]","[  42    8   20   73   62   75   56  335   68  139 1206  497    0    0
    0    0]"
server negligent need made u feel unwelcome would suggest place,0,10,63,"[173, 4128, 192, 28, 102, 118, 4129, 17, 4130, 10]","[ 173 4128  192   28  102  118 4129   17 4130   10    0    0    0    0
    0    0]"
service terrible though,0,3,23,"[12, 72, 215]",[ 12  72 215   0   0   0   0   0   0   0   0   0   0   0   0   0]
place overpriced consistent boba really overpriced,0,6,50,"[10, 526, 1593, 1847, 13, 526]","[  10  526 1593 1847   13  526    0    0    0    0    0    0    0    0
    0    0]"
packed,0,1,6,[4131],"[4131    0    0    0    0    0    0    0    0    0    0    0    0    0
    0    0]"
say dessert yummy,1,3,17,"[55, 445, 903]",[ 55 445 903   0   0   0   0   0   0   0   0   0   0   0   0   0]
seasonal fruit fresh white peach puree,1,6,38,"[4132, 4133, 191, 382, 4134, 1830]","[4132 4133  191  382 4134 1830    0    0    0    0    0    0    0    0
    0    0]"
kept getting worse worse officially done,0,6,40,"[345, 280, 305, 305, 4135, 208]","[ 345  280  305  305 4135  208    0    0    0    0    0    0    0    0
    0    0]"
place honestly blown up,0,4,23,"[10, 747, 1562, 181]","[  10  747 1562  181    0    0    0    0    0    0    0    0    0    0
    0    0]"
definitely would eat again,0,4,26,"[65, 17, 157, 69]",[ 65  17 157  69   0   0   0   0   0   0   0   0   0   0   0   0]
waste money here,0,3,16,"[84, 85, 96]",[84 85 96  0  0  0  0  0  0  0  0  0  0  0  0  0]
love put food nice plastic container opposed cramming little paper takeout box,1,12,78,"[26, 259, 9, 32, 600, 4136, 4137, 4138, 63, 754, 4139, 1852]","[  26  259    9   32  600 4136 4137 4138   63  754 4139 1852    0    0
    0    0]"
crepe delicate thin moist,1,4,25,"[1823, 4140, 598, 1200]","[1823 4140  598 1200    0    0    0    0    0    0    0    0    0    0
    0    0]"
awful service,0,2,13,"[137, 12]",[137  12   0   0   0   0   0   0   0   0   0   0   0   0   0   0]
ever go again,0,3,13,"[20, 21, 69]",[20 21 69  0  0  0  0  0  0  0  0  0  0  0  0  0]
food quality horrible,0,3,21,"[9, 24, 163]",[  9  24 163   0   0   0   0   0   0   0   0   0   0   0   0   0]
price think place would much rather gone,0,7,40,"[47, 45, 10, 17, 33, 237, 767]",[ 47  45  10  17  33 237 767   0   0   0   0   0   0   0   0   0]
service fair best,0,3,17,"[12, 1493, 18]","[  12 1493   18    0    0    0    0    0    0    0    0    0    0    0
    0    0]"
love sushi found kabuki over priced over hip under service,0,10,58,"[26, 256, 113, 4141, 462, 392, 462, 1111, 4142, 12]","[  26  256  113 4141  462  392  462 1111 4142   12    0    0    0    0
    0    0]"
favor stay away dish,0,4,20,"[1780, 282, 242, 212]","[1780  282  242  212    0    0    0    0    0    0    0    0    0    0
    0    0]"
poor service,0,2,12,"[101, 12]",[101  12   0   0   0   0   0   0   0   0   0   0   0   0   0   0]
one table thought food average worth wait it,0,8,44,"[6, 230, 128, 9, 405, 93, 231, 7]",[  6 230 128   9 405  93 231   7   0   0   0   0   0   0   0   0]
best service food ever maria server good friendly made day,1,10,58,"[18, 12, 9, 20, 4143, 173, 1, 77, 28, 87]","[  18   12    9   20 4143  173    1   77   28   87    0    0    0    0
    0    0]"
paid bill tip felt server terrible job,0,7,38,"[764, 888, 697, 221, 173, 72, 138]",[764 888 697 221 173  72 138   0   0   0   0   0   0   0   0   0]
lunch great experience,1,3,22,"[351, 3, 75]",[351   3  75   0   0   0   0   0   0   0   0   0   0   0   0   0]
never bland food surprised considering article read focused much spice flavor,0,11,77,"[38, 250, 9, 1070, 564, 4144, 1763, 1890, 33, 1899, 233]","[  38  250    9 1070  564 4144 1763 1890   33 1899  233    0    0    0
    0    0]"
food way overpriced portion fucking small,0,6,41,"[9, 43, 526, 528, 4145, 182]","[   9   43  526  528 4145  182    0    0    0    0    0    0    0    0
    0    0]"
recently tried caballero back every week since,1,7,46,"[816, 211, 4146, 22, 70, 287, 149]","[ 816  211 4146   22   70  287  149    0    0    0    0    0    0    0
    0    0]"
buck head really expect better food,0,6,35,"[1148, 539, 13, 252, 36, 9]","[1148  539   13  252   36    9    0    0    0    0    0    0    0    0
    0    0]"
food came good pace,1,4,19,"[9, 73, 1, 1059]","[   9   73    1 1059    0    0    0    0    0    0    0    0    0    0
    0    0]"
ate twice last visit especially enjoyed salmon salad,1,8,52,"[1220, 415, 122, 900, 216, 214, 898, 186]","[1220  415  122  900  216  214  898  186    0    0    0    0    0    0
    0    0]"
could believe dirty oyster were,0,5,31,"[37, 300, 710, 4147, 947]","[  37  300  710 4147  947    0    0    0    0    0    0    0    0    0
    0    0]"
place deserves star,0,3,19,"[10, 744, 81]",[ 10 744  81   0   0   0   0   0   0   0   0   0   0   0   0   0]
fact going round star awesome,1,5,29,"[266, 67, 1402, 81, 139]","[ 266   67 1402   81  139    0    0    0    0    0    0    0    0    0
    0    0]"
disbelief dish qualified worst version food ever tasted,0,8,55,"[1362, 212, 4148, 51, 1482, 9, 20, 452]","[1362  212 4148   51 1482    9   20  452    0    0    0    0    0    0
    0    0]"
bad day not low tolerance rude customer service people job nice polite wash dish otherwise,0,15,90,"[15, 87, 1174, 201, 4149, 449, 185, 12, 68, 138, 32, 4150, 4151, 212, 1105]","[  15   87 1174  201 4149  449  185   12   68  138   32 4150 4151  212
 1105    0]"
potato great biscuit,1,3,20,"[398, 3, 1243]","[ 398    3 1243    0    0    0    0    0    0    0    0    0    0    0
    0    0]"
probably would go again,0,4,23,"[132, 17, 21, 69]",[132  17  21  69   0   0   0   0   0   0   0   0   0   0   0   0]
flavorful perfect amount heat,1,4,29,"[1232, 202, 619, 1907]","[1232  202  619 1907    0    0    0    0    0    0    0    0    0    0
    0    0]"
price reasonable service great,1,4,30,"[47, 482, 12, 3]",[ 47 482  12   3   0   0   0   0   0   0   0   0   0   0   0   0]
wife hated meal coconut shrimp friend really enjoy meal either,0,10,62,"[440, 814, 232, 4152, 608, 268, 13, 261, 232, 220]","[ 440  814  232 4152  608  268   13  261  232  220    0    0    0    0
    0    0]"
fella got huevos rancheros look appealing,0,6,41,"[4153, 53, 4154, 4155, 48, 733]","[4153   53 4154 4155   48  733    0    0    0    0    0    0    0    0
    0    0]"
went happy hour great list wine,1,6,31,"[145, 120, 104, 3, 633, 716]",[145 120 104   3 633 716   0   0   0   0   0   0   0   0   0   0]
may say buffet pricey think get pay place getting quite lot,1,11,59,"[344, 55, 236, 4156, 45, 25, 428, 10, 280, 97, 79]","[ 344   55  236 4156   45   25  428   10  280   97   79    0    0    0
    0    0]"
probably coming back here,0,4,25,"[132, 249, 22, 96]",[132 249  22  96   0   0   0   0   0   0   0   0   0   0   0   0]
worst food service while,0,4,24,"[51, 9, 12, 870]",[ 51   9  12 870   0   0   0   0   0   0   0   0   0   0   0   0]
place pretty good nice little vibe restaurant,1,7,45,"[10, 46, 1, 32, 63, 835, 83]",[ 10  46   1  32  63 835  83   0   0   0   0   0   0   0   0   0]
talk great customer service course back,1,6,39,"[207, 3, 185, 12, 498, 22]",[207   3 185  12 498  22   0   0   0   0   0   0   0   0   0   0]
love fry bean,1,3,13,"[26, 289, 915]",[ 26 289 915   0   0   0   0   0   0   0   0   0   0   0   0   0]
always pleasure dealing him,1,4,27,"[125, 4157, 1837, 645]","[ 125 4157 1837  645    0    0    0    0    0    0    0    0    0    0
    0    0]"
plethora salad sandwich everything tried get seal approval,1,8,58,"[4158, 186, 350, 60, 211, 25, 4159, 4160]","[4158  186  350   60  211   25 4159 4160    0    0    0    0    0    0
    0    0]"
place awesome want something light healthy summer,1,7,49,"[10, 139, 94, 362, 277, 1224, 1853]","[  10  139   94  362  277 1224 1853    0    0    0    0    0    0    0
    0    0]"
sushi strip place go,1,4,20,"[256, 881, 10, 21]",[256 881  10  21   0   0   0   0   0   0   0   0   0   0   0   0]
service great even manager came helped table,1,7,44,"[12, 3, 19, 916, 73, 1886, 230]","[  12    3   19  916   73 1886  230    0    0    0    0    0    0    0
    0    0]"
feel dining room college cooking course high class dining service slow best,0,12,75,"[118, 448, 571, 4161, 4162, 498, 302, 1461, 448, 12, 147, 18]","[ 118  448  571 4161 4162  498  302 1461  448   12  147   18    0    0
    0    0]"
started review two star editing give one,0,7,40,"[313, 258, 59, 81, 541, 107, 6]",[313 258  59  81 541 107   6   0   0   0   0   0   0   0   0   0]
worst sushi ever eat besides costco,0,6,35,"[51, 256, 20, 157, 4163, 4164]","[  51  256   20  157 4163 4164    0    0    0    0    0    0    0    0
    0    0]"
excellent restaurant highlighted great service unique menu beautiful setting,1,9,76,"[34, 83, 4165, 3, 12, 1396, 197, 189, 480]","[  34   83 4165    3   12 1396  197  189  480    0    0    0    0    0
    0    0]"
boyfriend sat bar completely delightful experience,1,6,50,"[766, 550, 227, 246, 1077, 75]","[ 766  550  227  246 1077   75    0    0    0    0    0    0    0    0
    0    0]"
weird vibe owner,0,3,16,"[813, 835, 389]",[813 835 389   0   0   0   0   0   0   0   0   0   0   0   0   0]
hardly meat,0,2,11,"[1656, 352]","[1656  352    0    0    0    0    0    0    0    0    0    0    0    0
    0    0]"
better bagel grocery store,0,4,26,"[36, 1812, 4166, 499]","[  36 1812 4166  499    0    0    0    0    0    0    0    0    0    0
    0    0]"
go place gyro,1,3,13,"[21, 10, 1227]","[  21   10 1227    0    0    0    0    0    0    0    0    0    0    0
    0    0]"
love owner chef one authentic japanese cool dude,1,8,48,"[26, 389, 725, 6, 523, 1386, 200, 4167]","[  26  389  725    6  523 1386  200 4167    0    0    0    0    0    0
    0    0]"
burger good pizza used amazing doughy flavorless,0,7,48,"[198, 1, 187, 109, 62, 4168, 1902]","[ 198    1  187  109   62 4168 1902    0    0    0    0    0    0    0
    0    0]"
found six inch long piece wire salsa,0,7,36,"[113, 1800, 1717, 89, 80, 1722, 1246]","[ 113 1800 1717   89   80 1722 1246    0    0    0    0    0    0    0
    0    0]"
service terrible food mediocre,0,4,30,"[12, 72, 9, 387]",[ 12  72   9 387   0   0   0   0   0   0   0   0   0   0   0   0]
definately enjoyed ourselves,1,3,28,"[1901, 214, 4169]","[1901  214 4169    0    0    0    0    0    0    0    0    0    0    0
    0    0]"
ordered albondigas soup warm tasted like tomato soup frozen meatball,0,10,68,"[184, 4170, 726, 527, 452, 11, 4171, 726, 1201, 4172]","[ 184 4170  726  527  452   11 4171  726 1201 4172    0    0    0    0
    0    0]"
three different occasion asked well done medium well three time got bloodiest piece meat plate,0,15,94,"[314, 315, 4173, 712, 16, 208, 1747, 16, 314, 8, 53, 4174, 80, 352, 1896]","[ 314  315 4173  712   16  208 1747   16  314    8   53 4174   80  352
 1896    0]"
two bite refused eat anymore,0,5,28,"[59, 899, 1755, 157, 4175]","[  59  899 1755  157 4175    0    0    0    0    0    0    0    0    0
    0    0]"
service extremely slow,0,3,22,"[12, 328, 147]",[ 12 328 147   0   0   0   0   0   0   0   0   0   0   0   0   0]
minute wait got table,0,4,21,"[54, 231, 53, 230]",[ 54 231  53 230   0   0   0   0   0   0   0   0   0   0   0   0]
seriously killer hot chai latte,1,5,31,"[278, 828, 443, 4176, 4177]","[ 278  828  443 4176 4177    0    0    0    0    0    0    0    0    0
    0    0]"
allergy warning menu waitress absolutely clue meal contain peanut,0,9,65,"[4178, 819, 197, 336, 131, 4179, 232, 4180, 1843]","[4178  819  197  336  131 4179  232 4180 1843    0    0    0    0    0
    0    0]"
boyfriend tried mediterranean chicken salad fell love,1,7,53,"[766, 211, 4181, 171, 186, 1905, 26]","[ 766  211 4181  171  186 1905   26    0    0    0    0    0    0    0
    0    0]"
rotating beer tap also highlight place,1,6,38,"[1672, 399, 1845, 23, 1091, 10]","[1672  399 1845   23 1091   10    0    0    0    0    0    0    0    0
    0    0]"
pricing bit concern mellow mushroom,0,5,35,"[1170, 199, 4182, 4183, 1828]","[1170  199 4182 4183 1828    0    0    0    0    0    0    0    0    0
    0    0]"
worst thai ever,0,3,15,"[51, 717, 20]",[ 51 717  20   0   0   0   0   0   0   0   0   0   0   0   0   0]
stay vega must get breakfast least once,1,7,39,"[282, 126, 155, 25, 353, 262, 1018]","[ 282  126  155   25  353  262 1018    0    0    0    0    0    0    0
    0    0]"
want first say server great perfect service,1,7,43,"[94, 42, 55, 173, 3, 202, 12]",[ 94  42  55 173   3 202  12   0   0   0   0   0   0   0   0   0]
pizza selection good,1,3,20,"[187, 240, 1]",[187 240   1   0   0   0   0   0   0   0   0   0   0   0   0   0]
strawberry tea good,1,3,19,"[4184, 912, 1]","[4184  912    1    0    0    0    0    0    0    0    0    0    0    0
    0    0]"
highly unprofessional rude loyal patron,0,5,39,"[116, 4185, 449, 4186, 4187]","[ 116 4185  449 4186 4187    0    0    0    0    0    0    0    0    0
    0    0]"
overall great experience,1,3,24,"[159, 3, 75]",[159   3  75   0   0   0   0   0   0   0   0   0   0   0   0   0]
spend money elsewhere,0,3,21,"[1098, 85, 578]","[1098   85  578    0    0    0    0    0    0    0    0    0    0    0
    0    0]"
regular toasted bread equally satisfying occasional pat butter mmmm,1,9,67,"[1242, 1854, 723, 1238, 1888, 4188, 4189, 1226, 1774]","[1242 1854  723 1238 1888 4188 4189 1226 1774    0    0    0    0    0
    0    0]"
buffet bellagio far anticipated,0,4,31,"[236, 4190, 90, 4191]","[ 236 4190   90 4191    0    0    0    0    0    0    0    0    0    0
    0    0]"
drink weak people,0,3,17,"[532, 506, 68]",[532 506  68   0   0   0   0   0   0   0   0   0   0   0   0   0]
my order correct,0,3,16,"[637, 170, 1290]","[ 637  170 1290    0    0    0    0    0    0    0    0    0    0    0
    0    0]"
also feel like chip bought made house,0,7,37,"[23, 118, 11, 450, 140, 28, 370]",[ 23 118  11 450 140  28 370   0   0   0   0   0   0   0   0   0]
disappointing dinner went elsewhere dessert,0,5,43,"[369, 536, 145, 578, 445]",[369 536 145 578 445   0   0   0   0   0   0   0   0   0   0   0]
chip sals amazing,1,3,17,"[450, 4192, 62]","[ 450 4192   62    0    0    0    0    0    0    0    0    0    0    0
    0    0]"
returning,0,1,9,[1169],"[1169    0    0    0    0    0    0    0    0    0    0    0    0    0
    0    0]"
new fav vega buffet spot,1,5,24,"[86, 4193, 126, 236, 400]","[  86 4193  126  236  400    0    0    0    0    0    0    0    0    0
    0    0]"
seriously cannot believe owner many unexperienced employee running around like chicken head cut off,0,14,99,"[278, 372, 300, 389, 117, 4194, 1906, 538, 166, 11, 171, 539, 589, 312]","[ 278  372  300  389  117 4194 1906  538  166   11  171  539  589  312
    0    0]"
very sad,0,2,8,"[355, 682]",[355 682   0   0   0   0   0   0   0   0   0   0   0   0   0   0]
felt insulted disrespected could talk judge another human like that,0,10,67,"[221, 1228, 1826, 37, 207, 1781, 136, 503, 11, 82]","[ 221 1228 1826   37  207 1781  136  503   11   82    0    0    0    0
    0    0]"
call steakhouse can t properly cook steak understand,0,8,52,"[88, 4195, 106, 74, 926, 1836, 174, 303]","[  88 4195  106   74  926 1836  174  303    0    0    0    0    0    0
    0    0]"
impressed concept food,0,3,22,"[156, 4196, 9]","[ 156 4196    9    0    0    0    0    0    0    0    0    0    0    0
    0    0]"
thing crazy guacamole like pureed,0,5,33,"[31, 765, 4197, 11, 4198]","[  31  765 4197   11 4198    0    0    0    0    0    0    0    0    0
    0    0]"
really nothing postinos hope experience better,0,6,46,"[13, 95, 4199, 427, 75, 36]","[  13   95 4199  427   75   36    0    0    0    0    0    0    0    0
    0    0]"
got food poisoning buffet,0,4,25,"[53, 9, 4200, 236]","[  53    9 4200  236    0    0    0    0    0    0    0    0    0    0
    0    0]"
brought fresh batch fry thinking yay something warm no,0,9,54,"[1198, 191, 4201, 289, 1080, 4202, 362, 527, 1173]","[1198  191 4201  289 1080 4202  362  527 1173    0    0    0    0    0
    0    0]"
hilarious yummy christmas eve dinner remember biggest fail entire trip u,0,11,72,"[734, 903, 837, 4203, 536, 779, 1745, 1895, 502, 552, 102]","[ 734  903  837 4203  536  779 1745 1895  502  552  102    0    0    0
    0    0]"
needle say going back anytime soon,0,6,34,"[1119, 55, 67, 22, 727, 307]","[1119   55   67   22  727  307    0    0    0    0    0    0    0    0
    0    0]"
place disgusting,0,2,16,"[10, 812]",[ 10 812   0   0   0   0   0   0   0   0   0   0   0   0   0   0]
every time eat here see caring teamwork professional degree,1,9,59,"[70, 8, 157, 96, 50, 4204, 4205, 1867, 4206]","[  70    8  157   96   50 4204 4205 1867 4206    0    0    0    0    0
    0    0]"
ri style calamari joke,0,4,22,"[4207, 433, 4208, 582]","[4207  433 4208  582    0    0    0    0    0    0    0    0    0    0
    0    0]"
however much garlic fondue barely edible,0,6,40,"[161, 33, 1805, 4209, 333, 1245]","[ 161   33 1805 4209  333 1245    0    0    0    0    0    0    0    0
    0    0]"
could barely stomach meal complain business lunch,0,7,49,"[37, 333, 1241, 232, 1193, 468, 351]","[  37  333 1241  232 1193  468  351    0    0    0    0    0    0    0
    0    0]"
bad lost heart finish it,0,5,24,"[15, 402, 434, 1792, 7]","[  15  402  434 1792    7    0    0    0    0    0    0    0    0    0
    0    0]"
also took forever bring u check asked it,0,8,40,"[23, 272, 671, 470, 102, 376, 712, 7]",[ 23 272 671 470 102 376 712   7   0   0   0   0   0   0   0   0]
one make scene restaurant get it definitely lost love one,0,10,57,"[6, 29, 78, 83, 25, 7, 65, 402, 26, 6]",[  6  29  78  83  25   7  65 402  26   6   0   0   0   0   0   0]
disappointing experience,0,2,24,"[369, 75]",[369  75   0   0   0   0   0   0   0   0   0   0   0   0   0   0]
food par denny say good all,0,6,27,"[9, 831, 4210, 55, 1, 100]","[   9  831 4210   55    1  100    0    0    0    0    0    0    0    0
    0    0]"
want wait mediocre food downright terrible service place you,0,9,60,"[94, 231, 387, 9, 4211, 72, 12, 10, 217]","[  94  231  387    9 4211   72   12   10  217    0    0    0    0    0
    0    0]"
waaaaaayyyyyyyyyy rated saying,0,3,30,"[4212, 825, 1128]","[4212  825 1128    0    0    0    0    0    0    0    0    0    0    0
    0    0]"
going back,0,2,10,"[67, 22]",[67 22  0  0  0  0  0  0  0  0  0  0  0  0  0  0]
place fairly clean food simply worth it,0,7,39,"[10, 851, 401, 9, 203, 93, 7]",[ 10 851 401   9 203  93   7   0   0   0   0   0   0   0   0   0]
place lacked style,0,3,18,"[10, 651, 433]",[ 10 651 433   0   0   0   0   0   0   0   0   0   0   0   0   0]
sangria half glass wine full ridiculous,0,6,39,"[4213, 357, 1126, 716, 310, 799]","[4213  357 1126  716  310  799    0    0    0    0    0    0    0    0
    0    0]"
bother coming here,0,3,18,"[585, 249, 96]",[585 249  96   0   0   0   0   0   0   0   0   0   0   0   0   0]
meat pretty dry sliced brisket pulled pork,0,7,42,"[352, 46, 658, 1877, 4214, 1236, 905]","[ 352   46  658 1877 4214 1236  905    0    0    0    0    0    0    0
    0    0]"
building seems pretty neat bathroom pretty trippy eat again,0,9,59,"[1031, 421, 46, 1623, 719, 46, 4215, 157, 69]","[1031  421   46 1623  719   46 4215  157   69    0    0    0    0    0
    0    0]"
equally awful,0,2,13,"[1238, 137]","[1238  137    0    0    0    0    0    0    0    0    0    0    0    0
    0    0]"
probably hurry go back,0,4,22,"[132, 4216, 21, 22]","[ 132 4216   21   22    0    0    0    0    0    0    0    0    0    0
    0    0]"
slow seating even reservation,0,4,29,"[147, 1892, 19, 4217]","[ 147 1892   19 4217    0    0    0    0    0    0    0    0    0    0
    0    0]"
good stretch imagination,0,3,24,"[1, 4218, 964]","[   1 4218  964    0    0    0    0    0    0    0    0    0    0    0
    0    0]"
cashew cream sauce bland vegetable undercooked,0,6,46,"[4219, 906, 446, 250, 914, 1908]","[4219  906  446  250  914 1908    0    0    0    0    0    0    0    0
    0    0]"
chipolte ranch dipping sause tasteless seemed thin watered heat,0,9,63,"[4220, 4221, 4222, 4223, 715, 643, 598, 4224, 1907]","[4220 4221 4222 4223  715  643  598 4224 1907    0    0    0    0    0
    0    0]"
bit sweet really spicy enough lacked flavor,0,7,43,"[199, 572, 13, 534, 61, 651, 233]",[199 572  13 534  61 651 233   0   0   0   0   0   0   0   0   0]
place horrible way overpriced,0,4,29,"[10, 163, 43, 526]",[ 10 163  43 526   0   0   0   0   0   0   0   0   0   0   0   0]
maybe vegetarian fare twice thought average best,0,7,48,"[471, 1223, 932, 415, 128, 405, 18]","[ 471 1223  932  415  128  405   18    0    0    0    0    0    0    0
    0    0]"
busy know why,0,3,13,"[1214, 76, 1439]","[1214   76 1439    0    0    0    0    0    0    0    0    0    0    0
    0    0]"
table outside also dirty lot time worker always friendly helpful menu,0,11,69,"[230, 507, 23, 710, 79, 8, 1878, 125, 77, 391, 197]","[ 230  507   23  710   79    8 1878  125   77  391  197    0    0    0
    0    0]"
ambiance feel like buffet setting douchey indoor garden tea biscuit,0,10,67,"[535, 118, 11, 236, 480, 4225, 1457, 4226, 912, 1243]","[ 535  118   11  236  480 4225 1457 4226  912 1243    0    0    0    0
    0    0]"
con spotty service,0,3,18,"[4227, 4228, 12]","[4227 4228   12    0    0    0    0    0    0    0    0    0    0    0
    0    0]"
fry hot neither burger,0,4,22,"[289, 443, 1159, 198]","[ 289  443 1159  198    0    0    0    0    0    0    0    0    0    0
    0    0]"
came back cold,0,3,14,"[73, 22, 451]",[ 73  22 451   0   0   0   0   0   0   0   0   0   0   0   0   0]
food came out disappointment ensued,0,5,35,"[9, 73, 290, 330, 4229]","[   9   73  290  330 4229    0    0    0    0    0    0    0    0    0
    0    0]"
real disappointment waiter,0,3,26,"[91, 330, 529]",[ 91 330 529   0   0   0   0   0   0   0   0   0   0   0   0   0]
husband said rude even apologize bad food anything,0,8,50,"[902, 219, 449, 19, 4230, 15, 9, 234]","[ 902  219  449   19 4230   15    9  234    0    0    0    0    0    0
    0    0]"
reason eat would fill night binge drinking get carbs stomach,0,10,60,"[504, 157, 17, 1253, 162, 4231, 4232, 25, 4233, 1241]","[ 504  157   17 1253  162 4231 4232   25 4233 1241    0    0    0    0
    0    0]"
insult profound deuchebaggery go outside smoke break serving solidify it,0,10,72,"[815, 4234, 4235, 21, 507, 1753, 444, 1897, 4236, 7]","[ 815 4234 4235   21  507 1753  444 1897 4236    7    0    0    0    0
    0    0]"
someone order two taco don t think may part customer service ask combo ala cart,0,15,79,"[581, 170, 59, 607, 1580, 74, 45, 344, 135, 185, 12, 410, 1777, 4237, 4238]","[ 581  170   59  607 1580   74   45  344  135  185   12  410 1777 4237
 4238    0]"
quite disappointed although blame need placed door,0,7,50,"[97, 71, 494, 4239, 192, 1180, 1240]","[  97   71  494 4239  192 1180 1240    0    0    0    0    0    0    0
    0    0]"
rave review wait eat here what disappointment,0,7,45,"[4240, 258, 231, 157, 96, 1724, 330]","[4240  258  231  157   96 1724  330    0    0    0    0    0    0    0
    0    0]"
del taco pretty nasty avoided possible,0,6,38,"[4241, 607, 46, 1196, 1497, 476]","[4241  607   46 1196 1497  476    0    0    0    0    0    0    0    0
    0    0]"
hard make decent hamburger,0,4,26,"[213, 29, 419, 4242]","[ 213   29  419 4242    0    0    0    0    0    0    0    0    0    0
    0    0]"
like it,0,2,7,"[11, 7]",[11  7  0  0  0  0  0  0  0  0  0  0  0  0  0  0]
hell go back,0,3,12,"[967, 21, 22]",[967  21  22   0   0   0   0   0   0   0   0   0   0   0   0   0]
gotten much better service pizza place next door service received restaurant,0,11,76,"[782, 33, 36, 12, 187, 10, 209, 1240, 12, 334, 83]","[ 782   33   36   12  187   10  209 1240   12  334   83    0    0    0
    0    0]"
know big deal place back ya all,0,7,31,"[76, 151, 349, 10, 22, 4243, 100]","[  76  151  349   10   22 4243  100    0    0    0    0    0    0    0
    0    0]"
immediately said wanted talk manager want talk guy shot fireball behind bar,0,12,75,"[883, 219, 429, 207, 916, 94, 207, 490, 327, 4244, 1048, 227]","[ 883  219  429  207  916   94  207  490  327 4244 1048  227    0    0
    0    0]"
ambiance much better,0,3,20,"[535, 33, 36]",[535  33  36   0   0   0   0   0   0   0   0   0   0   0   0   0]
unfortunately set u disapppointment entree,0,5,42,"[269, 248, 102, 4245, 1883]","[ 269  248  102 4245 1883    0    0    0    0    0    0    0    0    0
    0    0]"
food good,0,2,9,"[9, 1]",[9 1 0 0 0 0 0 0 0 0 0 0 0 0 0 0]
server suck wait correction server heimer sucked,0,7,48,"[173, 168, 231, 4246, 173, 4247, 270]","[ 173  168  231 4246  173 4247  270    0    0    0    0    0    0    0
    0    0]"
happened next pretty off putting,0,5,32,"[554, 209, 46, 312, 961]",[554 209  46 312 961   0   0   0   0   0   0   0   0   0   0   0]
bad cause know family owned really wanted like place,0,9,52,"[15, 935, 76, 193, 646, 13, 429, 11, 10]",[ 15 935  76 193 646  13 429  11  10   0   0   0   0   0   0   0]
overpriced getting,0,2,18,"[526, 280]",[526 280   0   0   0   0   0   0   0   0   0   0   0   0   0   0]
vomited bathroom mid lunch,0,4,26,"[1357, 719, 1900, 351]","[1357  719 1900  351    0    0    0    0    0    0    0    0    0    0
    0    0]"
kept looking time soon become minute yet still food,0,9,51,"[345, 346, 8, 307, 575, 54, 377, 56, 9]",[345 346   8 307 575  54 377  56   9   0   0   0   0   0   0   0]
place eat circumstance would ever return to top list,0,9,52,"[10, 157, 1399, 17, 20, 317, 375, 316, 633]","[  10  157 1399   17   20  317  375  316  633    0    0    0    0    0
    0    0]"
started tuna sashimi brownish color obviously fresh,0,7,51,"[313, 1811, 1199, 4248, 442, 460, 191]","[ 313 1811 1199 4248  442  460  191    0    0    0    0    0    0    0
    0    0]"
food average,0,2,12,"[9, 405]",[  9 405   0   0   0   0   0   0   0   0   0   0   0   0   0   0]
sure beat nacho movie would expect little bit coming restaurant,0,10,63,"[188, 603, 1903, 2, 17, 252, 63, 199, 249, 83]","[ 188  603 1903    2   17  252   63  199  249   83    0    0    0    0
    0    0]"
all ha long bay bit flop,0,6,24,"[100, 4249, 89, 907, 199, 1771]","[ 100 4249   89  907  199 1771    0    0    0    0    0    0    0    0
    0    0]"
problem charge sandwich bigger subway sub which offer better amount vegetable,0,11,77,"[66, 195, 350, 4250, 1219, 1088, 1723, 565, 36, 619, 914]","[  66  195  350 4250 1219 1088 1723  565   36  619  914    0    0    0
    0    0]"
shrimp unwrapped i live mile brushfire literally ice cold,0,9,57,"[608, 4251, 243, 910, 4252, 4253, 486, 722, 451]","[ 608 4251  243  910 4252 4253  486  722  451    0    0    0    0    0
    0    0]"
lacked flavor seemed undercooked dry,0,5,36,"[651, 233, 643, 1908, 658]","[ 651  233  643 1908  658    0    0    0    0    0    0    0    0    0
    0    0]"
really impressive place closed down,0,5,35,"[13, 846, 10, 1605, 478]","[  13  846   10 1605  478    0    0    0    0    0    0    0    0    0
    0    0]"
would avoid place staying mirage,0,5,32,"[17, 225, 10, 1894, 4254]","[  17  225   10 1894 4254    0    0    0    0    0    0    0    0    0
    0    0]"
refried bean came meal dried crusty food bland,0,8,46,"[4255, 915, 73, 232, 4256, 4257, 9, 250]","[4255  915   73  232 4256 4257    9  250    0    0    0    0    0    0
    0    0]"
spend money time place else,0,5,27,"[1098, 85, 8, 10, 484]","[1098   85    8   10  484    0    0    0    0    0    0    0    0    0
    0    0]"
lady table next u found live green caterpillar salad,0,9,52,"[669, 230, 209, 102, 113, 910, 624, 4258, 186]","[ 669  230  209  102  113  910  624 4258  186    0    0    0    0    0
    0    0]"
presentation food awful,0,3,23,"[1887, 9, 137]","[1887    9  137    0    0    0    0    0    0    0    0    0    0    0
    0    0]"
can t tell disappointed wa,0,5,26,"[106, 74, 335, 71, 497]",[106  74 335  71 497   0   0   0   0   0   0   0   0   0   0   0]
think food flavor texture lacking,0,5,33,"[45, 9, 233, 1195, 599]","[  45    9  233 1195  599    0    0    0    0    0    0    0    0    0
    0    0]"
appetite instantly gone,0,3,23,"[4259, 4260, 767]","[4259 4260  767    0    0    0    0    0    0    0    0    0    0    0
    0    0]"
overall impressed would go back,0,5,31,"[159, 156, 17, 21, 22]",[159 156  17  21  22   0   0   0   0   0   0   0   0   0   0   0]
whole experience underwhelming think go ninja sushi next time,0,9,61,"[308, 75, 1796, 45, 21, 4261, 256, 209, 8]","[ 308   75 1796   45   21 4261  256  209    8    0    0    0    0    0
    0    0]"
then wasted enough life there poured salt wound drawing time took bring check,0,13,77,"[1101, 359, 61, 92, 115, 4262, 1208, 4263, 1607, 8, 272, 470, 376]","[1101  359   61   92  115 4262 1208 4263 1607    8  272  470  376    0
    0    0]"
